dwid,spectrum_ts,sample_ts,freq,energy,direction,r1,primary_ts,primary_period,primary_direction,primary_height,primary_energy,primary_surfline_kj
019fb622-4646-7258-a8d6-a697f5ef2688,2026-07-30 14:00:00-10,2026-07-30 13:56:00-10,0.025,0.0,212.0,0.2,2026-07-30 13:56:00-10,7.0,60.0,1.5,1.41,184.0
019fb622-4646-7258-a8d6-a697f5ef2688,2026-07-30 14:00:00-10,2026-07-30 13:56:00-10,0.03,0.0,56.0,0.15,2026-07-30 13:56:00-10,7.0,60.0,1.5,1.41,184.0
019fb622-4646-7258-a8d6-a697f5ef2688,2026-07-30 14:00:00-10,2026-07-30 13:56:00-10,0.035,0.0,28.0,0.44,2026-07-30 13:56:00-10,7.0,60.0,1.5,1.41,184.0
019fb622-4646-7258-a8d6-a697f5ef2688,2026-07-30 14:00:00-10,2026-07-30 13:56:00-10,0.04,0.0,148.0,0.2,2026-07-30 13:56:00-10,7.0,60.0,1.5,1.41,184.0
019fb622-4646-7258-a8d6-a697f5ef2688,2026-07-30 14:00:00-10,2026-07-30 13:56:00-10,0.045,0.0,72.0,0.55,2026-07-30 13:56:00-10,7.0,60.0,1.5,1.41,184.0
019fb622-4646-7258-a8d6-a697f5ef2688,2026-07-30 14:00:00-10,2026-07-30 13:56:00-10,0.05,0.033,72.0,0.43,2026-07-30 13:56:00-10,7.0,60.0,1.5,1.41,184.0
019fb622-4646-7258-a8d6-a697f5ef2688,2026-07-30 14:00:00-10,2026-07-30 13:56:00-10,0.055,0.111,92.0,0.49,2026-07-30 13:56:00-10,7.0,60.0,1.5,1.41,184.0
019fb622-4646-7258-a8d6-a697f5ef2688,2026-07-30 14:00:00-10,2026-07-30 13:56:00-10,0.06,0.067,64.0,0.42,2026-07-30 13:56:00-10,7.0,60.0,1.5,1.41,184.0
019fb622-4646-7258-a8d6-a697f5ef2688,2026-07-30 14:00:00-10,2026-07-30 13:56:00-10,0.065,0.011,88.0,0.39,2026-07-30 13:56:00-10,7.0,60.0,1.5,1.41,184.0
019fb622-4646-7258-a8d6-a697f5ef2688,2026-07-30 14:00:00-10,2026-07-30 13:56:00-10,0.07,0.022,352.0,0.09,2026-07-30 13:56:00-10,7.0,60.0,1.5,1.41,184.0
019fb622-4646-7258-a8d6-a697f5ef2688,2026-07-30 14:00:00-10,2026-07-30 13:56:00-10,0.075,0.056,76.0,0.51,2026-07-30 13:56:00-10,7.0,60.0,1.5,1.41,184.0
019fb622-4646-7258-a8d6-a697f5ef2688,2026-07-30 14:00:00-10,2026-07-30 13:56:00-10,0.08,0.056,96.0,0.39,2026-07-30 13:56:00-10,7.0,60.0,1.5,1.41,184.0
019fb622-4646-7258-a8d6-a697f5ef2688,2026-07-30 14:00:00-10,2026-07-30 13:56:00-10,0.085,0.044,76.0,0.58,2026-07-30 13:56:00-10,7.0,60.0,1.5,1.41,184.0
019fb622-4646-7258-a8d6-a697f5ef2688,2026-07-30 14:00:00-10,2026-07-30 13:56:00-10,0.09,0.044,8.0,0.47,2026-07-30 13:56:00-10,7.0,60.0,1.5,1.41,184.0
019fb622-4646-7258-a8d6-a697f5ef2688,2026-07-30 14:00:00-10,2026-07-30 13:56:00-10,0.095,0.089,28.0,0.38,2026-07-30 13:56:00-10,7.0,60.0,1.5,1.41,184.0
019fb622-4646-7258-a8d6-a697f5ef2688,2026-07-30 14:00:00-10,2026-07-30 13:56:00-10,0.101,0.3,36.0,0.61,2026-07-30 13:56:00-10,7.0,60.0,1.5,1.41,184.0
019fb622-4646-7258-a8d6-a697f5ef2688,2026-07-30 14:00:00-10,2026-07-30 13:56:00-10,0.11,0.91,68.0,0.68,2026-07-30 13:56:00-10,7.0,60.0,1.5,1.41,184.0
019fb622-4646-7258-a8d6-a697f5ef2688,2026-07-30 14:00:00-10,2026-07-30 13:56:00-10,0.12,0.777,64.0,0.68,2026-07-30 13:56:00-10,7.0,60.0,1.5,1.41,184.0
019fb622-4646-7258-a8d6-a697f5ef2688,2026-07-30 14:00:00-10,2026-07-30 13:56:00-10,0.13,1.11,68.0,0.83,2026-07-30 13:56:00-10,7.0,60.0,1.5,1.41,184.0
019fb622-4646-7258-a8d6-a697f5ef2688,2026-07-30 14:00:00-10,2026-07-30 13:56:00-10,0.14,0.888,64.0,0.69,2026-07-30 13:56:00-10,7.0,60.0,1.5,1.41,184.0
019fb622-4646-7258-a8d6-a697f5ef2688,2026-07-30 14:00:00-10,2026-07-30 13:56:00-10,0.15,0.566,64.0,0.62,2026-07-30 13:56:00-10,7.0,60.0,1.5,1.41,184.0
019fb622-4646-7258-a8d6-a697f5ef2688,2026-07-30 14:00:00-10,2026-07-30 13:56:00-10,0.16,0.611,60.0,0.78,2026-07-30 13:56:00-10,7.0,60.0,1.5,1.41,184.0
019fb622-4646-7258-a8d6-a697f5ef2688,2026-07-30 14:00:00-10,2026-07-30 13:56:00-10,0.17,0.466,68.0,0.8,2026-07-30 13:56:00-10,7.0,60.0,1.5,1.41,184.0
019fb622-4646-7258-a8d6-a697f5ef2688,2026-07-30 14:00:00-10,2026-07-30 13:56:00-10,0.18,0.433,68.0,0.85,2026-07-30 13:56:00-10,7.0,60.0,1.5,1.41,184.0
019fb622-4646-7258-a8d6-a697f5ef2688,2026-07-30 14:00:00-10,2026-07-30 13:56:00-10,0.19,0.3,68.0,0.8,2026-07-30 13:56:00-10,7.0,60.0,1.5,1.41,184.0
019fb622-4646-7258-a8d6-a697f5ef2688,2026-07-30 14:00:00-10,2026-07-30 13:56:00-10,0.2,0.577,68.0,0.87,2026-07-30 13:56:00-10,7.0,60.0,1.5,1.41,184.0
019fb622-4646-7258-a8d6-a697f5ef2688,2026-07-30 14:00:00-10,2026-07-30 13:56:00-10,0.21,0.555,76.0,0.88,2026-07-30 13:56:00-10,7.0,60.0,1.5,1.41,184.0
019fb622-4646-7258-a8d6-a697f5ef2688,2026-07-30 14:00:00-10,2026-07-30 13:56:00-10,0.22,0.433,76.0,0.87,2026-07-30 13:56:00-10,7.0,60.0,1.5,1.41,184.0
019fb622-4646-7258-a8d6-a697f5ef2688,2026-07-30 14:00:00-10,2026-07-30 13:56:00-10,0.23,0.699,76.0,0.92,2026-07-30 13:56:00-10,7.0,60.0,1.5,1.41,184.0
019fb622-4646-7258-a8d6-a697f5ef2688,2026-07-30 14:00:00-10,2026-07-30 13:56:00-10,0.24,0.4,76.0,0.89,2026-07-30 13:56:00-10,7.0,60.0,1.5,1.41,184.0
019fb622-4646-7258-a8d6-a697f5ef2688,2026-07-30 14:00:00-10,2026-07-30 13:56:00-10,0.25,0.266,84.0,0.8,2026-07-30 13:56:00-10,7.0,60.0,1.5,1.41,184.0
019fb622-4646-7258-a8d6-a697f5ef2688,2026-07-30 14:00:00-10,2026-07-30 13:56:00-10,0.26,0.366,88.0,0.9,2026-07-30 13:56:00-10,7.0,60.0,1.5,1.41,184.0
019fb622-4646-7258-a8d6-a697f5ef2688,2026-07-30 14:00:00-10,2026-07-30 13:56:00-10,0.27,0.278,68.0,0.9,2026-07-30 13:56:00-10,7.0,60.0,1.5,1.41,184.0
019fb622-4646-7258-a8d6-a697f5ef2688,2026-07-30 14:00:00-10,2026-07-30 13:56:00-10,0.28,0.2,80.0,0.84,2026-07-30 13:56:00-10,7.0,60.0,1.5,1.41,184.0
019fb622-4646-7258-a8d6-a697f5ef2688,2026-07-30 14:00:00-10,2026-07-30 13:56:00-10,0.29,0.144,92.0,0.78,2026-07-30 13:56:00-10,7.0,60.0,1.5,1.41,184.0
019fb622-4646-7258-a8d6-a697f5ef2688,2026-07-30 14:00:00-10,2026-07-30 13:56:00-10,0.3,0.144,84.0,0.82,2026-07-30 13:56:00-10,7.0,60.0,1.5,1.41,184.0
019fb622-4646-7258-a8d6-a697f5ef2688,2026-07-30 14:00:00-10,2026-07-30 13:56:00-10,0.31,0.111,96.0,0.78,2026-07-30 13:56:00-10,7.0,60.0,1.5,1.41,184.0
019fb622-4646-7258-a8d6-a697f5ef2688,2026-07-30 14:00:00-10,2026-07-30 13:56:00-10,0.32,0.155,84.0,0.84,2026-07-30 13:56:00-10,7.0,60.0,1.5,1.41,184.0
019fb622-4646-7258-a8d6-a697f5ef2688,2026-07-30 14:00:00-10,2026-07-30 13:56:00-10,0.33,0.122,84.0,0.81,2026-07-30 13:56:00-10,7.0,60.0,1.5,1.41,184.0
019fb622-4646-7258-a8d6-a697f5ef2688,2026-07-30 14:00:00-10,2026-07-30 13:56:00-10,0.34,0.133,84.0,0.85,2026-07-30 13:56:00-10,7.0,60.0,1.5,1.41,184.0
019fb622-4646-7258-a8d6-a697f5ef2688,2026-07-30 14:00:00-10,2026-07-30 13:56:00-10,0.35,0.067,92.0,0.79,2026-07-30 13:56:00-10,7.0,60.0,1.5,1.41,184.0
019fb622-4646-7258-a8d6-a697f5ef2688,2026-07-30 14:00:00-10,2026-07-30 13:56:00-10,0.36,0.133,84.0,0.86,2026-07-30 13:56:00-10,7.0,60.0,1.5,1.41,184.0
019fb622-4646-7258-a8d6-a697f5ef2688,2026-07-30 14:00:00-10,2026-07-30 13:56:00-10,0.37,0.078,84.0,0.82,2026-07-30 13:56:00-10,7.0,60.0,1.5,1.41,184.0
019fb622-4646-7258-a8d6-a697f5ef2688,2026-07-30 14:00:00-10,2026-07-30 13:56:00-10,0.38,0.111,80.0,0.86,2026-07-30 13:56:00-10,7.0,60.0,1.5,1.41,184.0
019fb622-4646-7258-a8d6-a697f5ef2688,2026-07-30 14:00:00-10,2026-07-30 13:56:00-10,0.39,0.089,88.0,0.87,2026-07-30 13:56:00-10,7.0,60.0,1.5,1.41,184.0
019fb622-4646-7258-a8d6-a697f5ef2688,2026-07-30 14:00:00-10,2026-07-30 13:56:00-10,0.4,0.033,92.0,0.74,2026-07-30 13:56:00-10,7.0,60.0,1.5,1.41,184.0
019fb622-4646-7258-a8d6-a697f5ef2688,2026-07-30 14:00:00-10,2026-07-30 13:56:00-10,0.41,0.044,96.0,0.73,2026-07-30 13:56:00-10,7.0,60.0,1.5,1.41,184.0
019fb622-4646-7258-a8d6-a697f5ef2688,2026-07-30 14:00:00-10,2026-07-30 13:56:00-10,0.42,0.078,92.0,0.85,2026-07-30 13:56:00-10,7.0,60.0,1.5,1.41,184.0
019fb622-4646-7258-a8d6-a697f5ef2688,2026-07-30 14:00:00-10,2026-07-30 13:56:00-10,0.43,0.056,88.0,0.82,2026-07-30 13:56:00-10,7.0,60.0,1.5,1.41,184.0
019fb622-4646-7258-a8d6-a697f5ef2688,2026-07-30 14:00:00-10,2026-07-30 13:56:00-10,0.44,0.067,84.0,0.84,2026-07-30 13:56:00-10,7.0,60.0,1.5,1.41,184.0
019fb622-4646-7258-a8d6-a697f5ef2688,2026-07-30 14:00:00-10,2026-07-30 13:56:00-10,0.45,0.078,88.0,0.87,2026-07-30 13:56:00-10,7.0,60.0,1.5,1.41,184.0
019fb622-4646-7258-a8d6-a697f5ef2688,2026-07-30 14:00:00-10,2026-07-30 13:56:00-10,0.46,0.044,84.0,0.79,2026-07-30 13:56:00-10,7.0,60.0,1.5,1.41,184.0
019fb622-4646-7258-a8d6-a697f5ef2688,2026-07-30 14:00:00-10,2026-07-30 13:56:00-10,0.47,0.022,68.0,0.77,2026-07-30 13:56:00-10,7.0,60.0,1.5,1.41,184.0
019fb622-4646-7258-a8d6-a697f5ef2688,2026-07-30 14:00:00-10,2026-07-30 13:56:00-10,0.48,0.022,76.0,0.67,2026-07-30 13:56:00-10,7.0,60.0,1.5,1.41,184.0
019fb622-4646-7258-a8d6-a697f5ef2688,2026-07-30 14:00:00-10,2026-07-30 13:56:00-10,0.49,0.033,88.0,0.75,2026-07-30 13:56:00-10,7.0,60.0,1.5,1.41,184.0
019fb622-4646-7258-a8d6-a697f5ef2688,2026-07-30 14:00:00-10,2026-07-30 13:56:00-10,0.5,0.022,96.0,0.7,2026-07-30 13:56:00-10,7.0,60.0,1.5,1.41,184.0
019fb622-4646-7258-a8d6-a697f5ef2688,2026-07-30 14:00:00-10,2026-07-30 13:56:00-10,0.51,0.022,92.0,0.79,2026-07-30 13:56:00-10,7.0,60.0,1.5,1.41,184.0
019fb622-4646-7258-a8d6-a697f5ef2688,2026-07-30 14:00:00-10,2026-07-30 13:56:00-10,0.52,0.033,100.0,0.75,2026-07-30 13:56:00-10,7.0,60.0,1.5,1.41,184.0
019fb622-4646-7258-a8d6-a697f5ef2688,2026-07-30 14:00:00-10,2026-07-30 13:56:00-10,0.53,0.011,100.0,0.7,2026-07-30 13:56:00-10,7.0,60.0,1.5,1.41,184.0
019fb622-4646-7258-a8d6-a697f5ef2688,2026-07-30 14:00:00-10,2026-07-30 13:56:00-10,0.54,0.022,84.0,0.66,2026-07-30 13:56:00-10,7.0,60.0,1.5,1.41,184.0
019fb622-4646-7258-a8d6-a697f5ef2688,2026-07-30 14:00:00-10,2026-07-30 13:56:00-10,0.55,0.022,96.0,0.63,2026-07-30 13:56:00-10,7.0,60.0,1.5,1.41,184.0
019fb622-4646-7258-a8d6-a697f5ef2688,2026-07-30 14:00:00-10,2026-07-30 13:56:00-10,0.56,0.011,88.0,0.55,2026-07-30 13:56:00-10,7.0,60.0,1.5,1.41,184.0
019fb622-4646-7258-a8d6-a697f5ef2688,2026-07-30 14:00:00-10,2026-07-30 13:56:00-10,0.57,0.022,96.0,0.65,2026-07-30 13:56:00-10,7.0,60.0,1.5,1.41,184.0
019fb622-4646-7258-a8d6-a697f5ef2688,2026-07-30 14:00:00-10,2026-07-30 13:56:00-10,0.58,0.011,92.0,0.63,2026-07-30 13:56:00-10,7.0,60.0,1.5,1.41,184.0
019fbb28-1d98-78ee-9625-856f663683c1,2026-07-31 14:00:00-10,2026-07-31 13:56:00-10,0.025,0.0,44.0,0.51,2026-07-31 13:56:00-10,9.0,77.0,2.0,2.51,429.0
019fbb28-1d98-78ee-9625-856f663683c1,2026-07-31 14:00:00-10,2026-07-31 13:56:00-10,0.03,0.0,64.0,0.24,2026-07-31 13:56:00-10,9.0,77.0,2.0,2.51,429.0
019fbb28-1d98-78ee-9625-856f663683c1,2026-07-31 14:00:00-10,2026-07-31 13:56:00-10,0.035,0.0,328.0,0.03,2026-07-31 13:56:00-10,9.0,77.0,2.0,2.51,429.0
019fbb28-1d98-78ee-9625-856f663683c1,2026-07-31 14:00:00-10,2026-07-31 13:56:00-10,0.04,0.0,64.0,0.67,2026-07-31 13:56:00-10,9.0,77.0,2.0,2.51,429.0
019fbb28-1d98-78ee-9625-856f663683c1,2026-07-31 14:00:00-10,2026-07-31 13:56:00-10,0.045,0.0,64.0,0.47,2026-07-31 13:56:00-10,9.0,77.0,2.0,2.51,429.0
019fbb28-1d98-78ee-9625-856f663683c1,2026-07-31 14:00:00-10,2026-07-31 13:56:00-10,0.05,0.0,68.0,0.24,2026-07-31 13:56:00-10,9.0,77.0,2.0,2.51,429.0
019fbb28-1d98-78ee-9625-856f663683c1,2026-07-31 14:00:00-10,2026-07-31 13:56:00-10,0.055,0.064,60.0,0.33,2026-07-31 13:56:00-10,9.0,77.0,2.0,2.51,429.0
019fbb28-1d98-78ee-9625-856f663683c1,2026-07-31 14:00:00-10,2026-07-31 13:56:00-10,0.06,0.191,76.0,0.59,2026-07-31 13:56:00-10,9.0,77.0,2.0,2.51,429.0
019fbb28-1d98-78ee-9625-856f663683c1,2026-07-31 14:00:00-10,2026-07-31 13:56:00-10,0.065,0.89,92.0,0.57,2026-07-31 13:56:00-10,9.0,77.0,2.0,2.51,429.0
019fbb28-1d98-78ee-9625-856f663683c1,2026-07-31 14:00:00-10,2026-07-31 13:56:00-10,0.07,1.113,88.0,0.7,2026-07-31 13:56:00-10,9.0,77.0,2.0,2.51,429.0
019fbb28-1d98-78ee-9625-856f663683c1,2026-07-31 14:00:00-10,2026-07-31 13:56:00-10,0.075,0.859,92.0,0.78,2026-07-31 13:56:00-10,9.0,77.0,2.0,2.51,429.0
019fbb28-1d98-78ee-9625-856f663683c1,2026-07-31 14:00:00-10,2026-07-31 13:56:00-10,0.08,0.095,100.0,0.49,2026-07-31 13:56:00-10,9.0,77.0,2.0,2.51,429.0
019fbb28-1d98-78ee-9625-856f663683c1,2026-07-31 14:00:00-10,2026-07-31 13:56:00-10,0.085,0.032,144.0,0.36,2026-07-31 13:56:00-10,9.0,77.0,2.0,2.51,429.0
019fbb28-1d98-78ee-9625-856f663683c1,2026-07-31 14:00:00-10,2026-07-31 13:56:00-10,0.09,0.127,76.0,0.55,2026-07-31 13:56:00-10,9.0,77.0,2.0,2.51,429.0
019fbb28-1d98-78ee-9625-856f663683c1,2026-07-31 14:00:00-10,2026-07-31 13:56:00-10,0.095,0.159,60.0,0.26,2026-07-31 13:56:00-10,9.0,77.0,2.0,2.51,429.0
019fbb28-1d98-78ee-9625-856f663683c1,2026-07-31 14:00:00-10,2026-07-31 13:56:00-10,0.101,0.668,88.0,0.73,2026-07-31 13:56:00-10,9.0,77.0,2.0,2.51,429.0
019fbb28-1d98-78ee-9625-856f663683c1,2026-07-31 14:00:00-10,2026-07-31 13:56:00-10,0.11,3.148,84.0,0.78,2026-07-31 13:56:00-10,9.0,77.0,2.0,2.51,429.0
019fbb28-1d98-78ee-9625-856f663683c1,2026-07-31 14:00:00-10,2026-07-31 13:56:00-10,0.12,3.18,84.0,0.88,2026-07-31 13:56:00-10,9.0,77.0,2.0,2.51,429.0
019fbb28-1d98-78ee-9625-856f663683c1,2026-07-31 14:00:00-10,2026-07-31 13:56:00-10,0.13,1.59,80.0,0.77,2026-07-31 13:56:00-10,9.0,77.0,2.0,2.51,429.0
019fbb28-1d98-78ee-9625-856f663683c1,2026-07-31 14:00:00-10,2026-07-31 13:56:00-10,0.14,1.654,76.0,0.82,2026-07-31 13:56:00-10,9.0,77.0,2.0,2.51,429.0
019fbb28-1d98-78ee-9625-856f663683c1,2026-07-31 14:00:00-10,2026-07-31 13:56:00-10,0.15,1.495,68.0,0.82,2026-07-31 13:56:00-10,9.0,77.0,2.0,2.51,429.0
019fbb28-1d98-78ee-9625-856f663683c1,2026-07-31 14:00:00-10,2026-07-31 13:56:00-10,0.16,0.604,64.0,0.76,2026-07-31 13:56:00-10,9.0,77.0,2.0,2.51,429.0
019fbb28-1d98-78ee-9625-856f663683c1,2026-07-31 14:00:00-10,2026-07-31 13:56:00-10,0.17,1.018,72.0,0.85,2026-07-31 13:56:00-10,9.0,77.0,2.0,2.51,429.0
019fbb28-1d98-78ee-9625-856f663683c1,2026-07-31 14:00:00-10,2026-07-31 13:56:00-10,0.18,1.145,68.0,0.87,2026-07-31 13:56:00-10,9.0,77.0,2.0,2.51,429.0
019fbb28-1d98-78ee-9625-856f663683c1,2026-07-31 14:00:00-10,2026-07-31 13:56:00-10,0.19,0.827,72.0,0.86,2026-07-31 13:56:00-10,9.0,77.0,2.0,2.51,429.0
019fbb28-1d98-78ee-9625-856f663683c1,2026-07-31 14:00:00-10,2026-07-31 13:56:00-10,0.2,0.731,72.0,0.83,2026-07-31 13:56:00-10,9.0,77.0,2.0,2.51,429.0
019fbb28-1d98-78ee-9625-856f663683c1,2026-07-31 14:00:00-10,2026-07-31 13:56:00-10,0.21,0.509,68.0,0.87,2026-07-31 13:56:00-10,9.0,77.0,2.0,2.51,429.0
019fbb28-1d98-78ee-9625-856f663683c1,2026-07-31 14:00:00-10,2026-07-31 13:56:00-10,0.22,0.541,80.0,0.87,2026-07-31 13:56:00-10,9.0,77.0,2.0,2.51,429.0
019fbb28-1d98-78ee-9625-856f663683c1,2026-07-31 14:00:00-10,2026-07-31 13:56:00-10,0.23,0.477,84.0,0.83,2026-07-31 13:56:00-10,9.0,77.0,2.0,2.51,429.0
019fbb28-1d98-78ee-9625-856f663683c1,2026-07-31 14:00:00-10,2026-07-31 13:56:00-10,0.24,0.445,72.0,0.88,2026-07-31 13:56:00-10,9.0,77.0,2.0,2.51,429.0
019fbb28-1d98-78ee-9625-856f663683c1,2026-07-31 14:00:00-10,2026-07-31 13:56:00-10,0.25,0.318,72.0,0.83,2026-07-31 13:56:00-10,9.0,77.0,2.0,2.51,429.0
019fbb28-1d98-78ee-9625-856f663683c1,2026-07-31 14:00:00-10,2026-07-31 13:56:00-10,0.26,0.223,84.0,0.78,2026-07-31 13:56:00-10,9.0,77.0,2.0,2.51,429.0
019fbb28-1d98-78ee-9625-856f663683c1,2026-07-31 14:00:00-10,2026-07-31 13:56:00-10,0.27,0.254,88.0,0.83,2026-07-31 13:56:00-10,9.0,77.0,2.0,2.51,429.0
019fbb28-1d98-78ee-9625-856f663683c1,2026-07-31 14:00:00-10,2026-07-31 13:56:00-10,0.28,0.318,88.0,0.87,2026-07-31 13:56:00-10,9.0,77.0,2.0,2.51,429.0
019fbb28-1d98-78ee-9625-856f663683c1,2026-07-31 14:00:00-10,2026-07-31 13:56:00-10,0.29,0.223,84.0,0.85,2026-07-31 13:56:00-10,9.0,77.0,2.0,2.51,429.0
019fbb28-1d98-78ee-9625-856f663683c1,2026-07-31 14:00:00-10,2026-07-31 13:56:00-10,0.3,0.127,80.0,0.75,2026-07-31 13:56:00-10,9.0,77.0,2.0,2.51,429.0
019fbb28-1d98-78ee-9625-856f663683c1,2026-07-31 14:00:00-10,2026-07-31 13:56:00-10,0.31,0.191,72.0,0.8,2026-07-31 13:56:00-10,9.0,77.0,2.0,2.51,429.0
019fbb28-1d98-78ee-9625-856f663683c1,2026-07-31 14:00:00-10,2026-07-31 13:56:00-10,0.32,0.159,84.0,0.78,2026-07-31 13:56:00-10,9.0,77.0,2.0,2.51,429.0
019fbb28-1d98-78ee-9625-856f663683c1,2026-07-31 14:00:00-10,2026-07-31 13:56:00-10,0.33,0.095,88.0,0.75,2026-07-31 13:56:00-10,9.0,77.0,2.0,2.51,429.0
019fbb28-1d98-78ee-9625-856f663683c1,2026-07-31 14:00:00-10,2026-07-31 13:56:00-10,0.34,0.095,76.0,0.81,2026-07-31 13:56:00-10,9.0,77.0,2.0,2.51,429.0
019fbb28-1d98-78ee-9625-856f663683c1,2026-07-31 14:00:00-10,2026-07-31 13:56:00-10,0.35,0.127,72.0,0.83,2026-07-31 13:56:00-10,9.0,77.0,2.0,2.51,429.0
019fbb28-1d98-78ee-9625-856f663683c1,2026-07-31 14:00:00-10,2026-07-31 13:56:00-10,0.36,0.159,84.0,0.88,2026-07-31 13:56:00-10,9.0,77.0,2.0,2.51,429.0
019fbb28-1d98-78ee-9625-856f663683c1,2026-07-31 14:00:00-10,2026-07-31 13:56:00-10,0.37,0.095,88.0,0.81,2026-07-31 13:56:00-10,9.0,77.0,2.0,2.51,429.0
019fbb28-1d98-78ee-9625-856f663683c1,2026-07-31 14:00:00-10,2026-07-31 13:56:00-10,0.38,0.064,92.0,0.73,2026-07-31 13:56:00-10,9.0,77.0,2.0,2.51,429.0
019fbb28-1d98-78ee-9625-856f663683c1,2026-07-31 14:00:00-10,2026-07-31 13:56:00-10,0.39,0.064,84.0,0.77,2026-07-31 13:56:00-10,9.0,77.0,2.0,2.51,429.0
019fbb28-1d98-78ee-9625-856f663683c1,2026-07-31 14:00:00-10,2026-07-31 13:56:00-10,0.4,0.032,84.0,0.79,2026-07-31 13:56:00-10,9.0,77.0,2.0,2.51,429.0
019fbb28-1d98-78ee-9625-856f663683c1,2026-07-31 14:00:00-10,2026-07-31 13:56:00-10,0.41,0.032,76.0,0.78,2026-07-31 13:56:00-10,9.0,77.0,2.0,2.51,429.0
019fbb28-1d98-78ee-9625-856f663683c1,2026-07-31 14:00:00-10,2026-07-31 13:56:00-10,0.42,0.064,84.0,0.82,2026-07-31 13:56:00-10,9.0,77.0,2.0,2.51,429.0
019fbb28-1d98-78ee-9625-856f663683c1,2026-07-31 14:00:00-10,2026-07-31 13:56:00-10,0.43,0.032,68.0,0.75,2026-07-31 13:56:00-10,9.0,77.0,2.0,2.51,429.0
019fbb28-1d98-78ee-9625-856f663683c1,2026-07-31 14:00:00-10,2026-07-31 13:56:00-10,0.44,0.032,84.0,0.82,2026-07-31 13:56:00-10,9.0,77.0,2.0,2.51,429.0
019fbb28-1d98-78ee-9625-856f663683c1,2026-07-31 14:00:00-10,2026-07-31 13:56:00-10,0.45,0.032,96.0,0.85,2026-07-31 13:56:00-10,9.0,77.0,2.0,2.51,429.0
019fbb28-1d98-78ee-9625-856f663683c1,2026-07-31 14:00:00-10,2026-07-31 13:56:00-10,0.46,0.032,88.0,0.74,2026-07-31 13:56:00-10,9.0,77.0,2.0,2.51,429.0
019fbb28-1d98-78ee-9625-856f663683c1,2026-07-31 14:00:00-10,2026-07-31 13:56:00-10,0.47,0.032,88.0,0.73,2026-07-31 13:56:00-10,9.0,77.0,2.0,2.51,429.0
019fbb28-1d98-78ee-9625-856f663683c1,2026-07-31 14:00:00-10,2026-07-31 13:56:00-10,0.48,0.032,88.0,0.68,2026-07-31 13:56:00-10,9.0,77.0,2.0,2.51,429.0
019fbb28-1d98-78ee-9625-856f663683c1,2026-07-31 14:00:00-10,2026-07-31 13:56:00-10,0.49,0.0,92.0,0.74,2026-07-31 13:56:00-10,9.0,77.0,2.0,2.51,429.0
019fbb28-1d98-78ee-9625-856f663683c1,2026-07-31 14:00:00-10,2026-07-31 13:56:00-10,0.5,0.0,84.0,0.73,2026-07-31 13:56:00-10,9.0,77.0,2.0,2.51,429.0
019fbb28-1d98-78ee-9625-856f663683c1,2026-07-31 14:00:00-10,2026-07-31 13:56:00-10,0.51,0.0,84.0,0.65,2026-07-31 13:56:00-10,9.0,77.0,2.0,2.51,429.0
019fbb28-1d98-78ee-9625-856f663683c1,2026-07-31 14:00:00-10,2026-07-31 13:56:00-10,0.52,0.0,80.0,0.6,2026-07-31 13:56:00-10,9.0,77.0,2.0,2.51,429.0
019fbb28-1d98-78ee-9625-856f663683c1,2026-07-31 14:00:00-10,2026-07-31 13:56:00-10,0.53,0.0,76.0,0.79,2026-07-31 13:56:00-10,9.0,77.0,2.0,2.51,429.0
019fbb28-1d98-78ee-9625-856f663683c1,2026-07-31 14:00:00-10,2026-07-31 13:56:00-10,0.54,0.0,84.0,0.71,2026-07-31 13:56:00-10,9.0,77.0,2.0,2.51,429.0
019fbb28-1d98-78ee-9625-856f663683c1,2026-07-31 14:00:00-10,2026-07-31 13:56:00-10,0.55,0.0,100.0,0.58,2026-07-31 13:56:00-10,9.0,77.0,2.0,2.51,429.0
019fbb28-1d98-78ee-9625-856f663683c1,2026-07-31 14:00:00-10,2026-07-31 13:56:00-10,0.56,0.0,88.0,0.58,2026-07-31 13:56:00-10,9.0,77.0,2.0,2.51,429.0
019fbb28-1d98-78ee-9625-856f663683c1,2026-07-31 14:00:00-10,2026-07-31 13:56:00-10,0.57,0.0,100.0,0.68,2026-07-31 13:56:00-10,9.0,77.0,2.0,2.51,429.0
019fbb28-1d98-78ee-9625-856f663683c1,2026-07-31 14:00:00-10,2026-07-31 13:56:00-10,0.58,0.0,100.0,0.71,2026-07-31 13:56:00-10,9.0,77.0,2.0,2.51,429.0
019fc052-1278-7cc1-b741-38d1d6645435,2026-08-01 14:00:00-10,2026-08-01 13:56:00-10,0.025,0.0,92.0,0.31,2026-08-01 13:56:00-10,9.0,84.0,2.5,3.93,861.0
019fc052-1278-7cc1-b741-38d1d6645435,2026-08-01 14:00:00-10,2026-08-01 13:56:00-10,0.03,0.0,100.0,0.34,2026-08-01 13:56:00-10,9.0,84.0,2.5,3.93,861.0
019fc052-1278-7cc1-b741-38d1d6645435,2026-08-01 14:00:00-10,2026-08-01 13:56:00-10,0.035,0.0,336.0,0.15,2026-08-01 13:56:00-10,9.0,84.0,2.5,3.93,861.0
019fc052-1278-7cc1-b741-38d1d6645435,2026-08-01 14:00:00-10,2026-08-01 13:56:00-10,0.04,0.0,96.0,0.57,2026-08-01 13:56:00-10,9.0,84.0,2.5,3.93,861.0
019fc052-1278-7cc1-b741-38d1d6645435,2026-08-01 14:00:00-10,2026-08-01 13:56:00-10,0.045,0.0,48.0,0.36,2026-08-01 13:56:00-10,9.0,84.0,2.5,3.93,861.0
019fc052-1278-7cc1-b741-38d1d6645435,2026-08-01 14:00:00-10,2026-08-01 13:56:00-10,0.05,0.0,48.0,0.31,2026-08-01 13:56:00-10,9.0,84.0,2.5,3.93,861.0
019fc052-1278-7cc1-b741-38d1d6645435,2026-08-01 14:00:00-10,2026-08-01 13:56:00-10,0.055,0.0,72.0,0.26,2026-08-01 13:56:00-10,9.0,84.0,2.5,3.93,861.0
019fc052-1278-7cc1-b741-38d1d6645435,2026-08-01 14:00:00-10,2026-08-01 13:56:00-10,0.06,0.274,80.0,0.6,2026-08-01 13:56:00-10,9.0,84.0,2.5,3.93,861.0
019fc052-1278-7cc1-b741-38d1d6645435,2026-08-01 14:00:00-10,2026-08-01 13:56:00-10,0.065,1.368,76.0,0.73,2026-08-01 13:56:00-10,9.0,84.0,2.5,3.93,861.0
019fc052-1278-7cc1-b741-38d1d6645435,2026-08-01 14:00:00-10,2026-08-01 13:56:00-10,0.07,1.573,60.0,0.66,2026-08-01 13:56:00-10,9.0,84.0,2.5,3.93,861.0
019fc052-1278-7cc1-b741-38d1d6645435,2026-08-01 14:00:00-10,2026-08-01 13:56:00-10,0.075,0.616,60.0,0.51,2026-08-01 13:56:00-10,9.0,84.0,2.5,3.93,861.0
019fc052-1278-7cc1-b741-38d1d6645435,2026-08-01 14:00:00-10,2026-08-01 13:56:00-10,0.08,0.479,72.0,0.49,2026-08-01 13:56:00-10,9.0,84.0,2.5,3.93,861.0
019fc052-1278-7cc1-b741-38d1d6645435,2026-08-01 14:00:00-10,2026-08-01 13:56:00-10,0.085,0.616,60.0,0.55,2026-08-01 13:56:00-10,9.0,84.0,2.5,3.93,861.0
019fc052-1278-7cc1-b741-38d1d6645435,2026-08-01 14:00:00-10,2026-08-01 13:56:00-10,0.09,0.752,60.0,0.83,2026-08-01 13:56:00-10,9.0,84.0,2.5,3.93,861.0
019fc052-1278-7cc1-b741-38d1d6645435,2026-08-01 14:00:00-10,2026-08-01 13:56:00-10,0.095,2.189,64.0,0.82,2026-08-01 13:56:00-10,9.0,84.0,2.5,3.93,861.0
019fc052-1278-7cc1-b741-38d1d6645435,2026-08-01 14:00:00-10,2026-08-01 13:56:00-10,0.101,6.84,84.0,0.88,2026-08-01 13:56:00-10,9.0,84.0,2.5,3.93,861.0
019fc052-1278-7cc1-b741-38d1d6645435,2026-08-01 14:00:00-10,2026-08-01 13:56:00-10,0.11,4.514,76.0,0.84,2026-08-01 13:56:00-10,9.0,84.0,2.5,3.93,861.0
019fc052-1278-7cc1-b741-38d1d6645435,2026-08-01 14:00:00-10,2026-08-01 13:56:00-10,0.12,3.762,68.0,0.76,2026-08-01 13:56:00-10,9.0,84.0,2.5,3.93,861.0
019fc052-1278-7cc1-b741-38d1d6645435,2026-08-01 14:00:00-10,2026-08-01 13:56:00-10,0.13,2.668,68.0,0.76,2026-08-01 13:56:00-10,9.0,84.0,2.5,3.93,861.0
019fc052-1278-7cc1-b741-38d1d6645435,2026-08-01 14:00:00-10,2026-08-01 13:56:00-10,0.14,2.326,76.0,0.75,2026-08-01 13:56:00-10,9.0,84.0,2.5,3.93,861.0
019fc052-1278-7cc1-b741-38d1d6645435,2026-08-01 14:00:00-10,2026-08-01 13:56:00-10,0.15,2.257,72.0,0.78,2026-08-01 13:56:00-10,9.0,84.0,2.5,3.93,861.0
019fc052-1278-7cc1-b741-38d1d6645435,2026-08-01 14:00:00-10,2026-08-01 13:56:00-10,0.16,1.163,72.0,0.74,2026-08-01 13:56:00-10,9.0,84.0,2.5,3.93,861.0
019fc052-1278-7cc1-b741-38d1d6645435,2026-08-01 14:00:00-10,2026-08-01 13:56:00-10,0.17,1.368,80.0,0.8,2026-08-01 13:56:00-10,9.0,84.0,2.5,3.93,861.0
019fc052-1278-7cc1-b741-38d1d6645435,2026-08-01 14:00:00-10,2026-08-01 13:56:00-10,0.18,1.163,72.0,0.78,2026-08-01 13:56:00-10,9.0,84.0,2.5,3.93,861.0
019fc052-1278-7cc1-b741-38d1d6645435,2026-08-01 14:00:00-10,2026-08-01 13:56:00-10,0.19,0.684,76.0,0.8,2026-08-01 13:56:00-10,9.0,84.0,2.5,3.93,861.0
019fc052-1278-7cc1-b741-38d1d6645435,2026-08-01 14:00:00-10,2026-08-01 13:56:00-10,0.2,0.821,72.0,0.82,2026-08-01 13:56:00-10,9.0,84.0,2.5,3.93,861.0
019fc052-1278-7cc1-b741-38d1d6645435,2026-08-01 14:00:00-10,2026-08-01 13:56:00-10,0.21,0.616,72.0,0.78,2026-08-01 13:56:00-10,9.0,84.0,2.5,3.93,861.0
019fc052-1278-7cc1-b741-38d1d6645435,2026-08-01 14:00:00-10,2026-08-01 13:56:00-10,0.22,0.684,84.0,0.82,2026-08-01 13:56:00-10,9.0,84.0,2.5,3.93,861.0
019fc052-1278-7cc1-b741-38d1d6645435,2026-08-01 14:00:00-10,2026-08-01 13:56:00-10,0.23,0.479,84.0,0.86,2026-08-01 13:56:00-10,9.0,84.0,2.5,3.93,861.0
019fc052-1278-7cc1-b741-38d1d6645435,2026-08-01 14:00:00-10,2026-08-01 13:56:00-10,0.24,0.41,80.0,0.83,2026-08-01 13:56:00-10,9.0,84.0,2.5,3.93,861.0
019fc052-1278-7cc1-b741-38d1d6645435,2026-08-01 14:00:00-10,2026-08-01 13:56:00-10,0.25,0.342,68.0,0.78,2026-08-01 13:56:00-10,9.0,84.0,2.5,3.93,861.0
019fc052-1278-7cc1-b741-38d1d6645435,2026-08-01 14:00:00-10,2026-08-01 13:56:00-10,0.26,0.274,80.0,0.73,2026-08-01 13:56:00-10,9.0,84.0,2.5,3.93,861.0
019fc052-1278-7cc1-b741-38d1d6645435,2026-08-01 14:00:00-10,2026-08-01 13:56:00-10,0.27,0.274,84.0,0.82,2026-08-01 13:56:00-10,9.0,84.0,2.5,3.93,861.0
019fc052-1278-7cc1-b741-38d1d6645435,2026-08-01 14:00:00-10,2026-08-01 13:56:00-10,0.28,0.274,84.0,0.77,2026-08-01 13:56:00-10,9.0,84.0,2.5,3.93,861.0
019fc052-1278-7cc1-b741-38d1d6645435,2026-08-01 14:00:00-10,2026-08-01 13:56:00-10,0.29,0.137,84.0,0.66,2026-08-01 13:56:00-10,9.0,84.0,2.5,3.93,861.0
019fc052-1278-7cc1-b741-38d1d6645435,2026-08-01 14:00:00-10,2026-08-01 13:56:00-10,0.3,0.205,88.0,0.8,2026-08-01 13:56:00-10,9.0,84.0,2.5,3.93,861.0
019fc052-1278-7cc1-b741-38d1d6645435,2026-08-01 14:00:00-10,2026-08-01 13:56:00-10,0.31,0.274,84.0,0.87,2026-08-01 13:56:00-10,9.0,84.0,2.5,3.93,861.0
019fc052-1278-7cc1-b741-38d1d6645435,2026-08-01 14:00:00-10,2026-08-01 13:56:00-10,0.32,0.137,84.0,0.74,2026-08-01 13:56:00-10,9.0,84.0,2.5,3.93,861.0
019fc052-1278-7cc1-b741-38d1d6645435,2026-08-01 14:00:00-10,2026-08-01 13:56:00-10,0.33,0.137,88.0,0.78,2026-08-01 13:56:00-10,9.0,84.0,2.5,3.93,861.0
019fc052-1278-7cc1-b741-38d1d6645435,2026-08-01 14:00:00-10,2026-08-01 13:56:00-10,0.34,0.137,84.0,0.76,2026-08-01 13:56:00-10,9.0,84.0,2.5,3.93,861.0
019fc052-1278-7cc1-b741-38d1d6645435,2026-08-01 14:00:00-10,2026-08-01 13:56:00-10,0.35,0.137,84.0,0.73,2026-08-01 13:56:00-10,9.0,84.0,2.5,3.93,861.0
019fc052-1278-7cc1-b741-38d1d6645435,2026-08-01 14:00:00-10,2026-08-01 13:56:00-10,0.36,0.068,84.0,0.77,2026-08-01 13:56:00-10,9.0,84.0,2.5,3.93,861.0
019fc052-1278-7cc1-b741-38d1d6645435,2026-08-01 14:00:00-10,2026-08-01 13:56:00-10,0.37,0.068,64.0,0.64,2026-08-01 13:56:00-10,9.0,84.0,2.5,3.93,861.0
019fc052-1278-7cc1-b741-38d1d6645435,2026-08-01 14:00:00-10,2026-08-01 13:56:00-10,0.38,0.0,64.0,0.69,2026-08-01 13:56:00-10,9.0,84.0,2.5,3.93,861.0
019fc052-1278-7cc1-b741-38d1d6645435,2026-08-01 14:00:00-10,2026-08-01 13:56:00-10,0.39,0.068,92.0,0.64,2026-08-01 13:56:00-10,9.0,84.0,2.5,3.93,861.0
019fc052-1278-7cc1-b741-38d1d6645435,2026-08-01 14:00:00-10,2026-08-01 13:56:00-10,0.4,0.0,96.0,0.67,2026-08-01 13:56:00-10,9.0,84.0,2.5,3.93,861.0
019fc052-1278-7cc1-b741-38d1d6645435,2026-08-01 14:00:00-10,2026-08-01 13:56:00-10,0.41,0.0,96.0,0.71,2026-08-01 13:56:00-10,9.0,84.0,2.5,3.93,861.0
019fc052-1278-7cc1-b741-38d1d6645435,2026-08-01 14:00:00-10,2026-08-01 13:56:00-10,0.42,0.0,100.0,0.66,2026-08-01 13:56:00-10,9.0,84.0,2.5,3.93,861.0
019fc052-1278-7cc1-b741-38d1d6645435,2026-08-01 14:00:00-10,2026-08-01 13:56:00-10,0.43,0.0,80.0,0.67,2026-08-01 13:56:00-10,9.0,84.0,2.5,3.93,861.0
019fc052-1278-7cc1-b741-38d1d6645435,2026-08-01 14:00:00-10,2026-08-01 13:56:00-10,0.44,0.0,96.0,0.67,2026-08-01 13:56:00-10,9.0,84.0,2.5,3.93,861.0
019fc052-1278-7cc1-b741-38d1d6645435,2026-08-01 14:00:00-10,2026-08-01 13:56:00-10,0.45,0.0,104.0,0.68,2026-08-01 13:56:00-10,9.0,84.0,2.5,3.93,861.0
019fc052-1278-7cc1-b741-38d1d6645435,2026-08-01 14:00:00-10,2026-08-01 13:56:00-10,0.46,0.0,116.0,0.68,2026-08-01 13:56:00-10,9.0,84.0,2.5,3.93,861.0
019fc052-1278-7cc1-b741-38d1d6645435,2026-08-01 14:00:00-10,2026-08-01 13:56:00-10,0.47,0.0,96.0,0.64,2026-08-01 13:56:00-10,9.0,84.0,2.5,3.93,861.0
019fc052-1278-7cc1-b741-38d1d6645435,2026-08-01 14:00:00-10,2026-08-01 13:56:00-10,0.48,0.0,80.0,0.61,2026-08-01 13:56:00-10,9.0,84.0,2.5,3.93,861.0
019fc052-1278-7cc1-b741-38d1d6645435,2026-08-01 14:00:00-10,2026-08-01 13:56:00-10,0.49,0.0,100.0,0.49,2026-08-01 13:56:00-10,9.0,84.0,2.5,3.93,861.0
019fc052-1278-7cc1-b741-38d1d6645435,2026-08-01 14:00:00-10,2026-08-01 13:56:00-10,0.5,0.0,88.0,0.66,2026-08-01 13:56:00-10,9.0,84.0,2.5,3.93,861.0
019fc052-1278-7cc1-b741-38d1d6645435,2026-08-01 14:00:00-10,2026-08-01 13:56:00-10,0.51,0.0,80.0,0.67,2026-08-01 13:56:00-10,9.0,84.0,2.5,3.93,861.0
019fc052-1278-7cc1-b741-38d1d6645435,2026-08-01 14:00:00-10,2026-08-01 13:56:00-10,0.52,0.0,104.0,0.64,2026-08-01 13:56:00-10,9.0,84.0,2.5,3.93,861.0
019fc052-1278-7cc1-b741-38d1d6645435,2026-08-01 14:00:00-10,2026-08-01 13:56:00-10,0.53,0.0,116.0,0.71,2026-08-01 13:56:00-10,9.0,84.0,2.5,3.93,861.0
019fc052-1278-7cc1-b741-38d1d6645435,2026-08-01 14:00:00-10,2026-08-01 13:56:00-10,0.54,0.0,100.0,0.6,2026-08-01 13:56:00-10,9.0,84.0,2.5,3.93,861.0
019fc052-1278-7cc1-b741-38d1d6645435,2026-08-01 14:00:00-10,2026-08-01 13:56:00-10,0.55,0.0,96.0,0.63,2026-08-01 13:56:00-10,9.0,84.0,2.5,3.93,861.0
019fc052-1278-7cc1-b741-38d1d6645435,2026-08-01 14:00:00-10,2026-08-01 13:56:00-10,0.56,0.0,92.0,0.63,2026-08-01 13:56:00-10,9.0,84.0,2.5,3.93,861.0
019fc052-1278-7cc1-b741-38d1d6645435,2026-08-01 14:00:00-10,2026-08-01 13:56:00-10,0.57,0.0,80.0,0.56,2026-08-01 13:56:00-10,9.0,84.0,2.5,3.93,861.0
019fc052-1278-7cc1-b741-38d1d6645435,2026-08-01 14:00:00-10,2026-08-01 13:56:00-10,0.58,0.0,100.0,0.62,2026-08-01 13:56:00-10,9.0,84.0,2.5,3.93,861.0
07170e12-9194-4abf-80a7-8f1c65f4d6b6,,,,,,,2026-09-20 14:26:00-10,10.0,93.0,2.0,2.51,478.0
0a033ac1-9a59-4fc8-9345-9e9a3df33cf9,2026-09-27 14:00:00-10,2026-09-27 13:56:00-10,0.025,0.0,60.0,0.42,2026-09-27 13:56:00-10,9.0,69.0,2.9,5.28,1501.0
0a033ac1-9a59-4fc8-9345-9e9a3df33cf9,2026-09-27 14:00:00-10,2026-09-27 13:56:00-10,0.03,0.0,48.0,0.49,2026-09-27 13:56:00-10,9.0,69.0,2.9,5.28,1501.0
0a033ac1-9a59-4fc8-9345-9e9a3df33cf9,2026-09-27 14:00:00-10,2026-09-27 13:56:00-10,0.035,0.0,64.0,0.71,2026-09-27 13:56:00-10,9.0,69.0,2.9,5.28,1501.0
0a033ac1-9a59-4fc8-9345-9e9a3df33cf9,2026-09-27 14:00:00-10,2026-09-27 13:56:00-10,0.04,0.0,72.0,0.66,2026-09-27 13:56:00-10,9.0,69.0,2.9,5.28,1501.0
0a033ac1-9a59-4fc8-9345-9e9a3df33cf9,2026-09-27 14:00:00-10,2026-09-27 13:56:00-10,0.045,0.0,60.0,0.33,2026-09-27 13:56:00-10,9.0,69.0,2.9,5.28,1501.0
0a033ac1-9a59-4fc8-9345-9e9a3df33cf9,2026-09-27 14:00:00-10,2026-09-27 13:56:00-10,0.05,0.344,20.0,0.49,2026-09-27 13:56:00-10,9.0,69.0,2.9,5.28,1501.0
0a033ac1-9a59-4fc8-9345-9e9a3df33cf9,2026-09-27 14:00:00-10,2026-09-27 13:56:00-10,0.055,0.344,328.0,0.41,2026-09-27 13:56:00-10,9.0,69.0,2.9,5.28,1501.0
0a033ac1-9a59-4fc8-9345-9e9a3df33cf9,2026-09-27 14:00:00-10,2026-09-27 13:56:00-10,0.06,0.172,344.0,0.5,2026-09-27 13:56:00-10,9.0,69.0,2.9,5.28,1501.0
0a033ac1-9a59-4fc8-9345-9e9a3df33cf9,2026-09-27 14:00:00-10,2026-09-27 13:56:00-10,0.065,0.172,24.0,0.38,2026-09-27 13:56:00-10,9.0,69.0,2.9,5.28,1501.0
0a033ac1-9a59-4fc8-9345-9e9a3df33cf9,2026-09-27 14:00:00-10,2026-09-27 13:56:00-10,0.07,0.344,20.0,0.63,2026-09-27 13:56:00-10,9.0,69.0,2.9,5.28,1501.0
0a033ac1-9a59-4fc8-9345-9e9a3df33cf9,2026-09-27 14:00:00-10,2026-09-27 13:56:00-10,0.075,0.172,4.0,0.25,2026-09-27 13:56:00-10,9.0,69.0,2.9,5.28,1501.0
0a033ac1-9a59-4fc8-9345-9e9a3df33cf9,2026-09-27 14:00:00-10,2026-09-27 13:56:00-10,0.08,0.344,64.0,0.44,2026-09-27 13:56:00-10,9.0,69.0,2.9,5.28,1501.0
0a033ac1-9a59-4fc8-9345-9e9a3df33cf9,2026-09-27 14:00:00-10,2026-09-27 13:56:00-10,0.085,1.204,80.0,0.88,2026-09-27 13:56:00-10,9.0,69.0,2.9,5.28,1501.0
0a033ac1-9a59-4fc8-9345-9e9a3df33cf9,2026-09-27 14:00:00-10,2026-09-27 13:56:00-10,0.09,3.784,76.0,0.85,2026-09-27 13:56:00-10,9.0,69.0,2.9,5.28,1501.0
0a033ac1-9a59-4fc8-9345-9e9a3df33cf9,2026-09-27 14:00:00-10,2026-09-27 13:56:00-10,0.095,7.568,84.0,0.9,2026-09-27 13:56:00-10,9.0,69.0,2.9,5.28,1501.0
0a033ac1-9a59-4fc8-9345-9e9a3df33cf9,2026-09-27 14:00:00-10,2026-09-27 13:56:00-10,0.101,17.2,84.0,0.96,2026-09-27 13:56:00-10,9.0,69.0,2.9,5.28,1501.0
0a033ac1-9a59-4fc8-9345-9e9a3df33cf9,2026-09-27 14:00:00-10,2026-09-27 13:56:00-10,0.11,5.332,76.0,0.89,2026-09-27 13:56:00-10,9.0,69.0,2.9,5.28,1501.0
0a033ac1-9a59-4fc8-9345-9e9a3df33cf9,2026-09-27 14:00:00-10,2026-09-27 13:56:00-10,0.12,4.988,64.0,0.87,2026-09-27 13:56:00-10,9.0,69.0,2.9,5.28,1501.0
0a033ac1-9a59-4fc8-9345-9e9a3df33cf9,2026-09-27 14:00:00-10,2026-09-27 13:56:00-10,0.13,5.332,68.0,0.92,2026-09-27 13:56:00-10,9.0,69.0,2.9,5.28,1501.0
0a033ac1-9a59-4fc8-9345-9e9a3df33cf9,2026-09-27 14:00:00-10,2026-09-27 13:56:00-10,0.14,4.3,72.0,0.89,2026-09-27 13:56:00-10,9.0,69.0,2.9,5.28,1501.0
0a033ac1-9a59-4fc8-9345-9e9a3df33cf9,2026-09-27 14:00:00-10,2026-09-27 13:56:00-10,0.15,4.128,68.0,0.92,2026-09-27 13:56:00-10,9.0,69.0,2.9,5.28,1501.0
0a033ac1-9a59-4fc8-9345-9e9a3df33cf9,2026-09-27 14:00:00-10,2026-09-27 13:56:00-10,0.16,2.752,68.0,0.89,2026-09-27 13:56:00-10,9.0,69.0,2.9,5.28,1501.0
0a033ac1-9a59-4fc8-9345-9e9a3df33cf9,2026-09-27 14:00:00-10,2026-09-27 13:56:00-10,0.17,2.58,72.0,0.88,2026-09-27 13:56:00-10,9.0,69.0,2.9,5.28,1501.0
0a033ac1-9a59-4fc8-9345-9e9a3df33cf9,2026-09-27 14:00:00-10,2026-09-27 13:56:00-10,0.18,2.236,76.0,0.9,2026-09-27 13:56:00-10,9.0,69.0,2.9,5.28,1501.0
0a033ac1-9a59-4fc8-9345-9e9a3df33cf9,2026-09-27 14:00:00-10,2026-09-27 13:56:00-10,0.19,1.892,76.0,0.85,2026-09-27 13:56:00-10,9.0,69.0,2.9,5.28,1501.0
0a033ac1-9a59-4fc8-9345-9e9a3df33cf9,2026-09-27 14:00:00-10,2026-09-27 13:56:00-10,0.2,0.86,68.0,0.8,2026-09-27 13:56:00-10,9.0,69.0,2.9,5.28,1501.0
0a033ac1-9a59-4fc8-9345-9e9a3df33cf9,2026-09-27 14:00:00-10,2026-09-27 13:56:00-10,0.21,0.688,76.0,0.79,2026-09-27 13:56:00-10,9.0,69.0,2.9,5.28,1501.0
0a033ac1-9a59-4fc8-9345-9e9a3df33cf9,2026-09-27 14:00:00-10,2026-09-27 13:56:00-10,0.22,0.516,76.0,0.74,2026-09-27 13:56:00-10,9.0,69.0,2.9,5.28,1501.0
0a033ac1-9a59-4fc8-9345-9e9a3df33cf9,2026-09-27 14:00:00-10,2026-09-27 13:56:00-10,0.23,0.688,88.0,0.86,2026-09-27 13:56:00-10,9.0,69.0,2.9,5.28,1501.0
0a033ac1-9a59-4fc8-9345-9e9a3df33cf9,2026-09-27 14:00:00-10,2026-09-27 13:56:00-10,0.24,0.688,80.0,0.85,2026-09-27 13:56:00-10,9.0,69.0,2.9,5.28,1501.0
0a033ac1-9a59-4fc8-9345-9e9a3df33cf9,2026-09-27 14:00:00-10,2026-09-27 13:56:00-10,0.25,0.344,80.0,0.78,2026-09-27 13:56:00-10,9.0,69.0,2.9,5.28,1501.0
0a033ac1-9a59-4fc8-9345-9e9a3df33cf9,2026-09-27 14:00:00-10,2026-09-27 13:56:00-10,0.26,0.344,92.0,0.76,2026-09-27 13:56:00-10,9.0,69.0,2.9,5.28,1501.0
0a033ac1-9a59-4fc8-9345-9e9a3df33cf9,2026-09-27 14:00:00-10,2026-09-27 13:56:00-10,0.27,0.172,88.0,0.8,2026-09-27 13:56:00-10,9.0,69.0,2.9,5.28,1501.0
0a033ac1-9a59-4fc8-9345-9e9a3df33cf9,2026-09-27 14:00:00-10,2026-09-27 13:56:00-10,0.28,0.172,76.0,0.83,2026-09-27 13:56:00-10,9.0,69.0,2.9,5.28,1501.0
0a033ac1-9a59-4fc8-9345-9e9a3df33cf9,2026-09-27 14:00:00-10,2026-09-27 13:56:00-10,0.29,0.172,84.0,0.76,2026-09-27 13:56:00-10,9.0,69.0,2.9,5.28,1501.0
0a033ac1-9a59-4fc8-9345-9e9a3df33cf9,2026-09-27 14:00:00-10,2026-09-27 13:56:00-10,0.3,0.172,80.0,0.73,2026-09-27 13:56:00-10,9.0,69.0,2.9,5.28,1501.0
0a033ac1-9a59-4fc8-9345-9e9a3df33cf9,2026-09-27 14:00:00-10,2026-09-27 13:56:00-10,0.31,0.172,84.0,0.74,2026-09-27 13:56:00-10,9.0,69.0,2.9,5.28,1501.0
0a033ac1-9a59-4fc8-9345-9e9a3df33cf9,2026-09-27 14:00:00-10,2026-09-27 13:56:00-10,0.32,0.172,80.0,0.74,2026-09-27 13:56:00-10,9.0,69.0,2.9,5.28,1501.0
0a033ac1-9a59-4fc8-9345-9e9a3df33cf9,2026-09-27 14:00:00-10,2026-09-27 13:56:00-10,0.33,0.0,88.0,0.7,2026-09-27 13:56:00-10,9.0,69.0,2.9,5.28,1501.0
0a033ac1-9a59-4fc8-9345-9e9a3df33cf9,2026-09-27 14:00:00-10,2026-09-27 13:56:00-10,0.34,0.0,88.0,0.65,2026-09-27 13:56:00-10,9.0,69.0,2.9,5.28,1501.0
0a033ac1-9a59-4fc8-9345-9e9a3df33cf9,2026-09-27 14:00:00-10,2026-09-27 13:56:00-10,0.35,0.0,96.0,0.73,2026-09-27 13:56:00-10,9.0,69.0,2.9,5.28,1501.0
0a033ac1-9a59-4fc8-9345-9e9a3df33cf9,2026-09-27 14:00:00-10,2026-09-27 13:56:00-10,0.36,0.0,72.0,0.71,2026-09-27 13:56:00-10,9.0,69.0,2.9,5.28,1501.0
0a033ac1-9a59-4fc8-9345-9e9a3df33cf9,2026-09-27 14:00:00-10,2026-09-27 13:56:00-10,0.37,0.0,84.0,0.79,2026-09-27 13:56:00-10,9.0,69.0,2.9,5.28,1501.0
0a033ac1-9a59-4fc8-9345-9e9a3df33cf9,2026-09-27 14:00:00-10,2026-09-27 13:56:00-10,0.38,0.0,88.0,0.66,2026-09-27 13:56:00-10,9.0,69.0,2.9,5.28,1501.0
0a033ac1-9a59-4fc8-9345-9e9a3df33cf9,2026-09-27 14:00:00-10,2026-09-27 13:56:00-10,0.39,0.0,84.0,0.65,2026-09-27 13:56:00-10,9.0,69.0,2.9,5.28,1501.0
0a033ac1-9a59-4fc8-9345-9e9a3df33cf9,2026-09-27 14:00:00-10,2026-09-27 13:56:00-10,0.4,0.0,88.0,0.63,2026-09-27 13:56:00-10,9.0,69.0,2.9,5.28,1501.0
0a033ac1-9a59-4fc8-9345-9e9a3df33cf9,2026-09-27 14:00:00-10,2026-09-27 13:56:00-10,0.41,0.0,88.0,0.69,2026-09-27 13:56:00-10,9.0,69.0,2.9,5.28,1501.0
0a033ac1-9a59-4fc8-9345-9e9a3df33cf9,2026-09-27 14:00:00-10,2026-09-27 13:56:00-10,0.42,0.0,72.0,0.7,2026-09-27 13:56:00-10,9.0,69.0,2.9,5.28,1501.0
0a033ac1-9a59-4fc8-9345-9e9a3df33cf9,2026-09-27 14:00:00-10,2026-09-27 13:56:00-10,0.43,0.0,88.0,0.61,2026-09-27 13:56:00-10,9.0,69.0,2.9,5.28,1501.0
0a033ac1-9a59-4fc8-9345-9e9a3df33cf9,2026-09-27 14:00:00-10,2026-09-27 13:56:00-10,0.44,0.0,96.0,0.66,2026-09-27 13:56:00-10,9.0,69.0,2.9,5.28,1501.0
0a033ac1-9a59-4fc8-9345-9e9a3df33cf9,2026-09-27 14:00:00-10,2026-09-27 13:56:00-10,0.45,0.0,92.0,0.61,2026-09-27 13:56:00-10,9.0,69.0,2.9,5.28,1501.0
0a033ac1-9a59-4fc8-9345-9e9a3df33cf9,2026-09-27 14:00:00-10,2026-09-27 13:56:00-10,0.46,0.0,108.0,0.67,2026-09-27 13:56:00-10,9.0,69.0,2.9,5.28,1501.0
0a033ac1-9a59-4fc8-9345-9e9a3df33cf9,2026-09-27 14:00:00-10,2026-09-27 13:56:00-10,0.47,0.0,108.0,0.57,2026-09-27 13:56:00-10,9.0,69.0,2.9,5.28,1501.0
0a033ac1-9a59-4fc8-9345-9e9a3df33cf9,2026-09-27 14:00:00-10,2026-09-27 13:56:00-10,0.48,0.0,104.0,0.58,2026-09-27 13:56:00-10,9.0,69.0,2.9,5.28,1501.0
0a033ac1-9a59-4fc8-9345-9e9a3df33cf9,2026-09-27 14:00:00-10,2026-09-27 13:56:00-10,0.49,0.0,100.0,0.61,2026-09-27 13:56:00-10,9.0,69.0,2.9,5.28,1501.0
0a033ac1-9a59-4fc8-9345-9e9a3df33cf9,2026-09-27 14:00:00-10,2026-09-27 13:56:00-10,0.5,0.0,112.0,0.72,2026-09-27 13:56:00-10,9.0,69.0,2.9,5.28,1501.0
0a033ac1-9a59-4fc8-9345-9e9a3df33cf9,2026-09-27 14:00:00-10,2026-09-27 13:56:00-10,0.51,0.0,92.0,0.59,2026-09-27 13:56:00-10,9.0,69.0,2.9,5.28,1501.0
0a033ac1-9a59-4fc8-9345-9e9a3df33cf9,2026-09-27 14:00:00-10,2026-09-27 13:56:00-10,0.52,0.0,80.0,0.66,2026-09-27 13:56:00-10,9.0,69.0,2.9,5.28,1501.0
0a033ac1-9a59-4fc8-9345-9e9a3df33cf9,2026-09-27 14:00:00-10,2026-09-27 13:56:00-10,0.53,0.0,108.0,0.55,2026-09-27 13:56:00-10,9.0,69.0,2.9,5.28,1501.0
0a033ac1-9a59-4fc8-9345-9e9a3df33cf9,2026-09-27 14:00:00-10,2026-09-27 13:56:00-10,0.54,0.0,112.0,0.4,2026-09-27 13:56:00-10,9.0,69.0,2.9,5.28,1501.0
0a033ac1-9a59-4fc8-9345-9e9a3df33cf9,2026-09-27 14:00:00-10,2026-09-27 13:56:00-10,0.55,0.0,112.0,0.6,2026-09-27 13:56:00-10,9.0,69.0,2.9,5.28,1501.0
0a033ac1-9a59-4fc8-9345-9e9a3df33cf9,2026-09-27 14:00:00-10,2026-09-27 13:56:00-10,0.56,0.0,96.0,0.48,2026-09-27 13:56:00-10,9.0,69.0,2.9,5.28,1501.0
0a033ac1-9a59-4fc8-9345-9e9a3df33cf9,2026-09-27 14:00:00-10,2026-09-27 13:56:00-10,0.57,0.0,88.0,0.55,2026-09-27 13:56:00-10,9.0,69.0,2.9,5.28,1501.0
0a033ac1-9a59-4fc8-9345-9e9a3df33cf9,2026-09-27 14:00:00-10,2026-09-27 13:56:00-10,0.58,0.0,92.0,0.53,2026-09-27 13:56:00-10,9.0,69.0,2.9,5.28,1501.0
0bdc91d5-6046-476e-b6f9-ecd8711cd98e,2026-09-25 14:00:00-10,2026-09-25 13:56:00-10,0.025,0.0,12.0,0.57,2026-09-25 13:56:00-10,9.0,57.0,2.0,2.51,347.0
0bdc91d5-6046-476e-b6f9-ecd8711cd98e,2026-09-25 14:00:00-10,2026-09-25 13:56:00-10,0.03,0.0,8.0,0.58,2026-09-25 13:56:00-10,9.0,57.0,2.0,2.51,347.0
0bdc91d5-6046-476e-b6f9-ecd8711cd98e,2026-09-25 14:00:00-10,2026-09-25 13:56:00-10,0.035,0.0,84.0,0.33,2026-09-25 13:56:00-10,9.0,57.0,2.0,2.51,347.0
0bdc91d5-6046-476e-b6f9-ecd8711cd98e,2026-09-25 14:00:00-10,2026-09-25 13:56:00-10,0.04,0.0,80.0,0.55,2026-09-25 13:56:00-10,9.0,57.0,2.0,2.51,347.0
0bdc91d5-6046-476e-b6f9-ecd8711cd98e,2026-09-25 14:00:00-10,2026-09-25 13:56:00-10,0.045,0.0,16.0,0.55,2026-09-25 13:56:00-10,9.0,57.0,2.0,2.51,347.0
0bdc91d5-6046-476e-b6f9-ecd8711cd98e,2026-09-25 14:00:00-10,2026-09-25 13:56:00-10,0.05,0.0,4.0,0.41,2026-09-25 13:56:00-10,9.0,57.0,2.0,2.51,347.0
0bdc91d5-6046-476e-b6f9-ecd8711cd98e,2026-09-25 14:00:00-10,2026-09-25 13:56:00-10,0.055,0.0,132.0,0.16,2026-09-25 13:56:00-10,9.0,57.0,2.0,2.51,347.0
0bdc91d5-6046-476e-b6f9-ecd8711cd98e,2026-09-25 14:00:00-10,2026-09-25 13:56:00-10,0.06,0.026,56.0,0.4,2026-09-25 13:56:00-10,9.0,57.0,2.0,2.51,347.0
0bdc91d5-6046-476e-b6f9-ecd8711cd98e,2026-09-25 14:00:00-10,2026-09-25 13:56:00-10,0.065,0.0,36.0,0.31,2026-09-25 13:56:00-10,9.0,57.0,2.0,2.51,347.0
0bdc91d5-6046-476e-b6f9-ecd8711cd98e,2026-09-25 14:00:00-10,2026-09-25 13:56:00-10,0.07,0.026,8.0,0.62,2026-09-25 13:56:00-10,9.0,57.0,2.0,2.51,347.0
0bdc91d5-6046-476e-b6f9-ecd8711cd98e,2026-09-25 14:00:00-10,2026-09-25 13:56:00-10,0.075,0.077,20.0,0.48,2026-09-25 13:56:00-10,9.0,57.0,2.0,2.51,347.0
0bdc91d5-6046-476e-b6f9-ecd8711cd98e,2026-09-25 14:00:00-10,2026-09-25 13:56:00-10,0.08,0.052,48.0,0.28,2026-09-25 13:56:00-10,9.0,57.0,2.0,2.51,347.0
0bdc91d5-6046-476e-b6f9-ecd8711cd98e,2026-09-25 14:00:00-10,2026-09-25 13:56:00-10,0.085,0.129,68.0,0.59,2026-09-25 13:56:00-10,9.0,57.0,2.0,2.51,347.0
0bdc91d5-6046-476e-b6f9-ecd8711cd98e,2026-09-25 14:00:00-10,2026-09-25 13:56:00-10,0.09,0.206,84.0,0.58,2026-09-25 13:56:00-10,9.0,57.0,2.0,2.51,347.0
0bdc91d5-6046-476e-b6f9-ecd8711cd98e,2026-09-25 14:00:00-10,2026-09-25 13:56:00-10,0.095,0.568,68.0,0.48,2026-09-25 13:56:00-10,9.0,57.0,2.0,2.51,347.0
0bdc91d5-6046-476e-b6f9-ecd8711cd98e,2026-09-25 14:00:00-10,2026-09-25 13:56:00-10,0.101,1.161,52.0,0.61,2026-09-25 13:56:00-10,9.0,57.0,2.0,2.51,347.0
0bdc91d5-6046-476e-b6f9-ecd8711cd98e,2026-09-25 14:00:00-10,2026-09-25 13:56:00-10,0.11,2.399,68.0,0.69,2026-09-25 13:56:00-10,9.0,57.0,2.0,2.51,347.0
0bdc91d5-6046-476e-b6f9-ecd8711cd98e,2026-09-25 14:00:00-10,2026-09-25 13:56:00-10,0.12,2.116,80.0,0.69,2026-09-25 13:56:00-10,9.0,57.0,2.0,2.51,347.0
0bdc91d5-6046-476e-b6f9-ecd8711cd98e,2026-09-25 14:00:00-10,2026-09-25 13:56:00-10,0.13,2.58,68.0,0.84,2026-09-25 13:56:00-10,9.0,57.0,2.0,2.51,347.0
0bdc91d5-6046-476e-b6f9-ecd8711cd98e,2026-09-25 14:00:00-10,2026-09-25 13:56:00-10,0.14,1.574,68.0,0.85,2026-09-25 13:56:00-10,9.0,57.0,2.0,2.51,347.0
0bdc91d5-6046-476e-b6f9-ecd8711cd98e,2026-09-25 14:00:00-10,2026-09-25 13:56:00-10,0.15,0.826,64.0,0.79,2026-09-25 13:56:00-10,9.0,57.0,2.0,2.51,347.0
0bdc91d5-6046-476e-b6f9-ecd8711cd98e,2026-09-25 14:00:00-10,2026-09-25 13:56:00-10,0.16,0.877,52.0,0.79,2026-09-25 13:56:00-10,9.0,57.0,2.0,2.51,347.0
0bdc91d5-6046-476e-b6f9-ecd8711cd98e,2026-09-25 14:00:00-10,2026-09-25 13:56:00-10,0.17,0.542,60.0,0.75,2026-09-25 13:56:00-10,9.0,57.0,2.0,2.51,347.0
0bdc91d5-6046-476e-b6f9-ecd8711cd98e,2026-09-25 14:00:00-10,2026-09-25 13:56:00-10,0.18,0.774,52.0,0.81,2026-09-25 13:56:00-10,9.0,57.0,2.0,2.51,347.0
0bdc91d5-6046-476e-b6f9-ecd8711cd98e,2026-09-25 14:00:00-10,2026-09-25 13:56:00-10,0.19,0.826,52.0,0.89,2026-09-25 13:56:00-10,9.0,57.0,2.0,2.51,347.0
0bdc91d5-6046-476e-b6f9-ecd8711cd98e,2026-09-25 14:00:00-10,2026-09-25 13:56:00-10,0.2,0.593,48.0,0.83,2026-09-25 13:56:00-10,9.0,57.0,2.0,2.51,347.0
0bdc91d5-6046-476e-b6f9-ecd8711cd98e,2026-09-25 14:00:00-10,2026-09-25 13:56:00-10,0.21,0.464,60.0,0.74,2026-09-25 13:56:00-10,9.0,57.0,2.0,2.51,347.0
0bdc91d5-6046-476e-b6f9-ecd8711cd98e,2026-09-25 14:00:00-10,2026-09-25 13:56:00-10,0.22,0.439,60.0,0.78,2026-09-25 13:56:00-10,9.0,57.0,2.0,2.51,347.0
0bdc91d5-6046-476e-b6f9-ecd8711cd98e,2026-09-25 14:00:00-10,2026-09-25 13:56:00-10,0.23,0.284,68.0,0.74,2026-09-25 13:56:00-10,9.0,57.0,2.0,2.51,347.0
0bdc91d5-6046-476e-b6f9-ecd8711cd98e,2026-09-25 14:00:00-10,2026-09-25 13:56:00-10,0.24,0.413,72.0,0.85,2026-09-25 13:56:00-10,9.0,57.0,2.0,2.51,347.0
0bdc91d5-6046-476e-b6f9-ecd8711cd98e,2026-09-25 14:00:00-10,2026-09-25 13:56:00-10,0.25,0.439,64.0,0.88,2026-09-25 13:56:00-10,9.0,57.0,2.0,2.51,347.0
0bdc91d5-6046-476e-b6f9-ecd8711cd98e,2026-09-25 14:00:00-10,2026-09-25 13:56:00-10,0.26,0.361,76.0,0.85,2026-09-25 13:56:00-10,9.0,57.0,2.0,2.51,347.0
0bdc91d5-6046-476e-b6f9-ecd8711cd98e,2026-09-25 14:00:00-10,2026-09-25 13:56:00-10,0.27,0.335,72.0,0.81,2026-09-25 13:56:00-10,9.0,57.0,2.0,2.51,347.0
0bdc91d5-6046-476e-b6f9-ecd8711cd98e,2026-09-25 14:00:00-10,2026-09-25 13:56:00-10,0.28,0.232,68.0,0.75,2026-09-25 13:56:00-10,9.0,57.0,2.0,2.51,347.0
0bdc91d5-6046-476e-b6f9-ecd8711cd98e,2026-09-25 14:00:00-10,2026-09-25 13:56:00-10,0.29,0.31,76.0,0.86,2026-09-25 13:56:00-10,9.0,57.0,2.0,2.51,347.0
0bdc91d5-6046-476e-b6f9-ecd8711cd98e,2026-09-25 14:00:00-10,2026-09-25 13:56:00-10,0.3,0.335,68.0,0.89,2026-09-25 13:56:00-10,9.0,57.0,2.0,2.51,347.0
0bdc91d5-6046-476e-b6f9-ecd8711cd98e,2026-09-25 14:00:00-10,2026-09-25 13:56:00-10,0.31,0.206,80.0,0.84,2026-09-25 13:56:00-10,9.0,57.0,2.0,2.51,347.0
0bdc91d5-6046-476e-b6f9-ecd8711cd98e,2026-09-25 14:00:00-10,2026-09-25 13:56:00-10,0.32,0.129,84.0,0.75,2026-09-25 13:56:00-10,9.0,57.0,2.0,2.51,347.0
0bdc91d5-6046-476e-b6f9-ecd8711cd98e,2026-09-25 14:00:00-10,2026-09-25 13:56:00-10,0.33,0.129,72.0,0.75,2026-09-25 13:56:00-10,9.0,57.0,2.0,2.51,347.0
0bdc91d5-6046-476e-b6f9-ecd8711cd98e,2026-09-25 14:00:00-10,2026-09-25 13:56:00-10,0.34,0.129,80.0,0.82,2026-09-25 13:56:00-10,9.0,57.0,2.0,2.51,347.0
0bdc91d5-6046-476e-b6f9-ecd8711cd98e,2026-09-25 14:00:00-10,2026-09-25 13:56:00-10,0.35,0.129,80.0,0.79,2026-09-25 13:56:00-10,9.0,57.0,2.0,2.51,347.0
0bdc91d5-6046-476e-b6f9-ecd8711cd98e,2026-09-25 14:00:00-10,2026-09-25 13:56:00-10,0.36,0.103,84.0,0.81,2026-09-25 13:56:00-10,9.0,57.0,2.0,2.51,347.0
0bdc91d5-6046-476e-b6f9-ecd8711cd98e,2026-09-25 14:00:00-10,2026-09-25 13:56:00-10,0.37,0.077,76.0,0.78,2026-09-25 13:56:00-10,9.0,57.0,2.0,2.51,347.0
0bdc91d5-6046-476e-b6f9-ecd8711cd98e,2026-09-25 14:00:00-10,2026-09-25 13:56:00-10,0.38,0.052,72.0,0.71,2026-09-25 13:56:00-10,9.0,57.0,2.0,2.51,347.0
0bdc91d5-6046-476e-b6f9-ecd8711cd98e,2026-09-25 14:00:00-10,2026-09-25 13:56:00-10,0.39,0.077,84.0,0.79,2026-09-25 13:56:00-10,9.0,57.0,2.0,2.51,347.0
0bdc91d5-6046-476e-b6f9-ecd8711cd98e,2026-09-25 14:00:00-10,2026-09-25 13:56:00-10,0.4,0.077,92.0,0.78,2026-09-25 13:56:00-10,9.0,57.0,2.0,2.51,347.0
0bdc91d5-6046-476e-b6f9-ecd8711cd98e,2026-09-25 14:00:00-10,2026-09-25 13:56:00-10,0.41,0.052,96.0,0.77,2026-09-25 13:56:00-10,9.0,57.0,2.0,2.51,347.0
0bdc91d5-6046-476e-b6f9-ecd8711cd98e,2026-09-25 14:00:00-10,2026-09-25 13:56:00-10,0.42,0.052,88.0,0.83,2026-09-25 13:56:00-10,9.0,57.0,2.0,2.51,347.0
0bdc91d5-6046-476e-b6f9-ecd8711cd98e,2026-09-25 14:00:00-10,2026-09-25 13:56:00-10,0.43,0.026,80.0,0.67,2026-09-25 13:56:00-10,9.0,57.0,2.0,2.51,347.0
0bdc91d5-6046-476e-b6f9-ecd8711cd98e,2026-09-25 14:00:00-10,2026-09-25 13:56:00-10,0.44,0.052,88.0,0.7,2026-09-25 13:56:00-10,9.0,57.0,2.0,2.51,347.0
0bdc91d5-6046-476e-b6f9-ecd8711cd98e,2026-09-25 14:00:00-10,2026-09-25 13:56:00-10,0.45,0.026,68.0,0.75,2026-09-25 13:56:00-10,9.0,57.0,2.0,2.51,347.0
0bdc91d5-6046-476e-b6f9-ecd8711cd98e,2026-09-25 14:00:00-10,2026-09-25 13:56:00-10,0.46,0.026,76.0,0.75,2026-09-25 13:56:00-10,9.0,57.0,2.0,2.51,347.0
0bdc91d5-6046-476e-b6f9-ecd8711cd98e,2026-09-25 14:00:00-10,2026-09-25 13:56:00-10,0.47,0.026,76.0,0.67,2026-09-25 13:56:00-10,9.0,57.0,2.0,2.51,347.0
0bdc91d5-6046-476e-b6f9-ecd8711cd98e,2026-09-25 14:00:00-10,2026-09-25 13:56:00-10,0.48,0.052,72.0,0.74,2026-09-25 13:56:00-10,9.0,57.0,2.0,2.51,347.0
0bdc91d5-6046-476e-b6f9-ecd8711cd98e,2026-09-25 14:00:00-10,2026-09-25 13:56:00-10,0.49,0.026,84.0,0.64,2026-09-25 13:56:00-10,9.0,57.0,2.0,2.51,347.0
0bdc91d5-6046-476e-b6f9-ecd8711cd98e,2026-09-25 14:00:00-10,2026-09-25 13:56:00-10,0.5,0.0,96.0,0.7,2026-09-25 13:56:00-10,9.0,57.0,2.0,2.51,347.0
0bdc91d5-6046-476e-b6f9-ecd8711cd98e,2026-09-25 14:00:00-10,2026-09-25 13:56:00-10,0.51,0.026,92.0,0.73,2026-09-25 13:56:00-10,9.0,57.0,2.0,2.51,347.0
0bdc91d5-6046-476e-b6f9-ecd8711cd98e,2026-09-25 14:00:00-10,2026-09-25 13:56:00-10,0.52,0.026,88.0,0.83,2026-09-25 13:56:00-10,9.0,57.0,2.0,2.51,347.0
0bdc91d5-6046-476e-b6f9-ecd8711cd98e,2026-09-25 14:00:00-10,2026-09-25 13:56:00-10,0.53,0.0,76.0,0.61,2026-09-25 13:56:00-10,9.0,57.0,2.0,2.51,347.0
0bdc91d5-6046-476e-b6f9-ecd8711cd98e,2026-09-25 14:00:00-10,2026-09-25 13:56:00-10,0.54,0.0,76.0,0.57,2026-09-25 13:56:00-10,9.0,57.0,2.0,2.51,347.0
0bdc91d5-6046-476e-b6f9-ecd8711cd98e,2026-09-25 14:00:00-10,2026-09-25 13:56:00-10,0.55,0.026,96.0,0.64,2026-09-25 13:56:00-10,9.0,57.0,2.0,2.51,347.0
0bdc91d5-6046-476e-b6f9-ecd8711cd98e,2026-09-25 14:00:00-10,2026-09-25 13:56:00-10,0.56,0.0,64.0,0.54,2026-09-25 13:56:00-10,9.0,57.0,2.0,2.51,347.0
0bdc91d5-6046-476e-b6f9-ecd8711cd98e,2026-09-25 14:00:00-10,2026-09-25 13:56:00-10,0.57,0.0,100.0,0.66,2026-09-25 13:56:00-10,9.0,57.0,2.0,2.51,347.0
0bdc91d5-6046-476e-b6f9-ecd8711cd98e,2026-09-25 14:00:00-10,2026-09-25 13:56:00-10,0.58,0.0,88.0,0.54,2026-09-25 13:56:00-10,9.0,57.0,2.0,2.51,347.0
0e2a5c18-3b86-4b5f-afb8-5b669d704934,2026-10-03 14:00:00-10,2026-10-03 13:56:00-10,0.025,0.0,304.0,0.35,2026-10-03 13:56:00-10,9.0,8.0,1.5,1.41,182.0
0e2a5c18-3b86-4b5f-afb8-5b669d704934,2026-10-03 14:00:00-10,2026-10-03 13:56:00-10,0.03,0.0,348.0,0.2,2026-10-03 13:56:00-10,9.0,8.0,1.5,1.41,182.0
0e2a5c18-3b86-4b5f-afb8-5b669d704934,2026-10-03 14:00:00-10,2026-10-03 13:56:00-10,0.035,0.0,152.0,0.19,2026-10-03 13:56:00-10,9.0,8.0,1.5,1.41,182.0
0e2a5c18-3b86-4b5f-afb8-5b669d704934,2026-10-03 14:00:00-10,2026-10-03 13:56:00-10,0.04,0.0,20.0,0.26,2026-10-03 13:56:00-10,9.0,8.0,1.5,1.41,182.0
0e2a5c18-3b86-4b5f-afb8-5b669d704934,2026-10-03 14:00:00-10,2026-10-03 13:56:00-10,0.045,0.0,60.0,0.43,2026-10-03 13:56:00-10,9.0,8.0,1.5,1.41,182.0
0e2a5c18-3b86-4b5f-afb8-5b669d704934,2026-10-03 14:00:00-10,2026-10-03 13:56:00-10,0.05,0.0,4.0,0.18,2026-10-03 13:56:00-10,9.0,8.0,1.5,1.41,182.0
0e2a5c18-3b86-4b5f-afb8-5b669d704934,2026-10-03 14:00:00-10,2026-10-03 13:56:00-10,0.055,0.0,164.0,0.27,2026-10-03 13:56:00-10,9.0,8.0,1.5,1.41,182.0
0e2a5c18-3b86-4b5f-afb8-5b669d704934,2026-10-03 14:00:00-10,2026-10-03 13:56:00-10,0.06,0.0,24.0,0.17,2026-10-03 13:56:00-10,9.0,8.0,1.5,1.41,182.0
0e2a5c18-3b86-4b5f-afb8-5b669d704934,2026-10-03 14:00:00-10,2026-10-03 13:56:00-10,0.065,0.014,16.0,0.21,2026-10-03 13:56:00-10,9.0,8.0,1.5,1.41,182.0
0e2a5c18-3b86-4b5f-afb8-5b669d704934,2026-10-03 14:00:00-10,2026-10-03 13:56:00-10,0.07,0.014,48.0,0.38,2026-10-03 13:56:00-10,9.0,8.0,1.5,1.41,182.0
0e2a5c18-3b86-4b5f-afb8-5b669d704934,2026-10-03 14:00:00-10,2026-10-03 13:56:00-10,0.075,0.068,16.0,0.44,2026-10-03 13:56:00-10,9.0,8.0,1.5,1.41,182.0
0e2a5c18-3b86-4b5f-afb8-5b669d704934,2026-10-03 14:00:00-10,2026-10-03 13:56:00-10,0.08,0.041,336.0,0.19,2026-10-03 13:56:00-10,9.0,8.0,1.5,1.41,182.0
0e2a5c18-3b86-4b5f-afb8-5b669d704934,2026-10-03 14:00:00-10,2026-10-03 13:56:00-10,0.085,0.162,36.0,0.54,2026-10-03 13:56:00-10,9.0,8.0,1.5,1.41,182.0
0e2a5c18-3b86-4b5f-afb8-5b669d704934,2026-10-03 14:00:00-10,2026-10-03 13:56:00-10,0.09,0.23,36.0,0.63,2026-10-03 13:56:00-10,9.0,8.0,1.5,1.41,182.0
0e2a5c18-3b86-4b5f-afb8-5b669d704934,2026-10-03 14:00:00-10,2026-10-03 13:56:00-10,0.095,0.702,4.0,0.57,2026-10-03 13:56:00-10,9.0,8.0,1.5,1.41,182.0
0e2a5c18-3b86-4b5f-afb8-5b669d704934,2026-10-03 14:00:00-10,2026-10-03 13:56:00-10,0.101,0.594,352.0,0.61,2026-10-03 13:56:00-10,9.0,8.0,1.5,1.41,182.0
0e2a5c18-3b86-4b5f-afb8-5b669d704934,2026-10-03 14:00:00-10,2026-10-03 13:56:00-10,0.11,1.35,4.0,0.79,2026-10-03 13:56:00-10,9.0,8.0,1.5,1.41,182.0
0e2a5c18-3b86-4b5f-afb8-5b669d704934,2026-10-03 14:00:00-10,2026-10-03 13:56:00-10,0.12,1.202,16.0,0.63,2026-10-03 13:56:00-10,9.0,8.0,1.5,1.41,182.0
0e2a5c18-3b86-4b5f-afb8-5b669d704934,2026-10-03 14:00:00-10,2026-10-03 13:56:00-10,0.13,1.121,44.0,0.58,2026-10-03 13:56:00-10,9.0,8.0,1.5,1.41,182.0
0e2a5c18-3b86-4b5f-afb8-5b669d704934,2026-10-03 14:00:00-10,2026-10-03 13:56:00-10,0.14,0.756,40.0,0.62,2026-10-03 13:56:00-10,9.0,8.0,1.5,1.41,182.0
0e2a5c18-3b86-4b5f-afb8-5b669d704934,2026-10-03 14:00:00-10,2026-10-03 13:56:00-10,0.15,0.54,72.0,0.73,2026-10-03 13:56:00-10,9.0,8.0,1.5,1.41,182.0
0e2a5c18-3b86-4b5f-afb8-5b669d704934,2026-10-03 14:00:00-10,2026-10-03 13:56:00-10,0.16,0.297,64.0,0.6,2026-10-03 13:56:00-10,9.0,8.0,1.5,1.41,182.0
0e2a5c18-3b86-4b5f-afb8-5b669d704934,2026-10-03 14:00:00-10,2026-10-03 13:56:00-10,0.17,0.419,80.0,0.76,2026-10-03 13:56:00-10,9.0,8.0,1.5,1.41,182.0
0e2a5c18-3b86-4b5f-afb8-5b669d704934,2026-10-03 14:00:00-10,2026-10-03 13:56:00-10,0.18,0.351,84.0,0.76,2026-10-03 13:56:00-10,9.0,8.0,1.5,1.41,182.0
0e2a5c18-3b86-4b5f-afb8-5b669d704934,2026-10-03 14:00:00-10,2026-10-03 13:56:00-10,0.19,0.162,84.0,0.67,2026-10-03 13:56:00-10,9.0,8.0,1.5,1.41,182.0
0e2a5c18-3b86-4b5f-afb8-5b669d704934,2026-10-03 14:00:00-10,2026-10-03 13:56:00-10,0.2,0.135,80.0,0.67,2026-10-03 13:56:00-10,9.0,8.0,1.5,1.41,182.0
0e2a5c18-3b86-4b5f-afb8-5b669d704934,2026-10-03 14:00:00-10,2026-10-03 13:56:00-10,0.21,0.108,80.0,0.66,2026-10-03 13:56:00-10,9.0,8.0,1.5,1.41,182.0
0e2a5c18-3b86-4b5f-afb8-5b669d704934,2026-10-03 14:00:00-10,2026-10-03 13:56:00-10,0.22,0.176,84.0,0.77,2026-10-03 13:56:00-10,9.0,8.0,1.5,1.41,182.0
0e2a5c18-3b86-4b5f-afb8-5b669d704934,2026-10-03 14:00:00-10,2026-10-03 13:56:00-10,0.23,0.243,80.0,0.73,2026-10-03 13:56:00-10,9.0,8.0,1.5,1.41,182.0
0e2a5c18-3b86-4b5f-afb8-5b669d704934,2026-10-03 14:00:00-10,2026-10-03 13:56:00-10,0.24,0.189,68.0,0.75,2026-10-03 13:56:00-10,9.0,8.0,1.5,1.41,182.0
0e2a5c18-3b86-4b5f-afb8-5b669d704934,2026-10-03 14:00:00-10,2026-10-03 13:56:00-10,0.25,0.121,76.0,0.72,2026-10-03 13:56:00-10,9.0,8.0,1.5,1.41,182.0
0e2a5c18-3b86-4b5f-afb8-5b669d704934,2026-10-03 14:00:00-10,2026-10-03 13:56:00-10,0.26,0.162,72.0,0.72,2026-10-03 13:56:00-10,9.0,8.0,1.5,1.41,182.0
0e2a5c18-3b86-4b5f-afb8-5b669d704934,2026-10-03 14:00:00-10,2026-10-03 13:56:00-10,0.27,0.135,64.0,0.75,2026-10-03 13:56:00-10,9.0,8.0,1.5,1.41,182.0
0e2a5c18-3b86-4b5f-afb8-5b669d704934,2026-10-03 14:00:00-10,2026-10-03 13:56:00-10,0.28,0.149,56.0,0.81,2026-10-03 13:56:00-10,9.0,8.0,1.5,1.41,182.0
0e2a5c18-3b86-4b5f-afb8-5b669d704934,2026-10-03 14:00:00-10,2026-10-03 13:56:00-10,0.29,0.189,68.0,0.84,2026-10-03 13:56:00-10,9.0,8.0,1.5,1.41,182.0
0e2a5c18-3b86-4b5f-afb8-5b669d704934,2026-10-03 14:00:00-10,2026-10-03 13:56:00-10,0.3,0.216,68.0,0.81,2026-10-03 13:56:00-10,9.0,8.0,1.5,1.41,182.0
0e2a5c18-3b86-4b5f-afb8-5b669d704934,2026-10-03 14:00:00-10,2026-10-03 13:56:00-10,0.31,0.121,76.0,0.77,2026-10-03 13:56:00-10,9.0,8.0,1.5,1.41,182.0
0e2a5c18-3b86-4b5f-afb8-5b669d704934,2026-10-03 14:00:00-10,2026-10-03 13:56:00-10,0.32,0.081,84.0,0.72,2026-10-03 13:56:00-10,9.0,8.0,1.5,1.41,182.0
0e2a5c18-3b86-4b5f-afb8-5b669d704934,2026-10-03 14:00:00-10,2026-10-03 13:56:00-10,0.33,0.162,76.0,0.82,2026-10-03 13:56:00-10,9.0,8.0,1.5,1.41,182.0
0e2a5c18-3b86-4b5f-afb8-5b669d704934,2026-10-03 14:00:00-10,2026-10-03 13:56:00-10,0.34,0.108,76.0,0.8,2026-10-03 13:56:00-10,9.0,8.0,1.5,1.41,182.0
0e2a5c18-3b86-4b5f-afb8-5b669d704934,2026-10-03 14:00:00-10,2026-10-03 13:56:00-10,0.35,0.095,64.0,0.81,2026-10-03 13:56:00-10,9.0,8.0,1.5,1.41,182.0
0e2a5c18-3b86-4b5f-afb8-5b669d704934,2026-10-03 14:00:00-10,2026-10-03 13:56:00-10,0.36,0.095,64.0,0.84,2026-10-03 13:56:00-10,9.0,8.0,1.5,1.41,182.0
0e2a5c18-3b86-4b5f-afb8-5b669d704934,2026-10-03 14:00:00-10,2026-10-03 13:56:00-10,0.37,0.095,60.0,0.86,2026-10-03 13:56:00-10,9.0,8.0,1.5,1.41,182.0
0e2a5c18-3b86-4b5f-afb8-5b669d704934,2026-10-03 14:00:00-10,2026-10-03 13:56:00-10,0.38,0.081,64.0,0.82,2026-10-03 13:56:00-10,9.0,8.0,1.5,1.41,182.0
0e2a5c18-3b86-4b5f-afb8-5b669d704934,2026-10-03 14:00:00-10,2026-10-03 13:56:00-10,0.39,0.095,80.0,0.85,2026-10-03 13:56:00-10,9.0,8.0,1.5,1.41,182.0
0e2a5c18-3b86-4b5f-afb8-5b669d704934,2026-10-03 14:00:00-10,2026-10-03 13:56:00-10,0.4,0.068,68.0,0.83,2026-10-03 13:56:00-10,9.0,8.0,1.5,1.41,182.0
0e2a5c18-3b86-4b5f-afb8-5b669d704934,2026-10-03 14:00:00-10,2026-10-03 13:56:00-10,0.41,0.054,64.0,0.75,2026-10-03 13:56:00-10,9.0,8.0,1.5,1.41,182.0
0e2a5c18-3b86-4b5f-afb8-5b669d704934,2026-10-03 14:00:00-10,2026-10-03 13:56:00-10,0.42,0.054,84.0,0.81,2026-10-03 13:56:00-10,9.0,8.0,1.5,1.41,182.0
0e2a5c18-3b86-4b5f-afb8-5b669d704934,2026-10-03 14:00:00-10,2026-10-03 13:56:00-10,0.43,0.041,84.0,0.85,2026-10-03 13:56:00-10,9.0,8.0,1.5,1.41,182.0
0e2a5c18-3b86-4b5f-afb8-5b669d704934,2026-10-03 14:00:00-10,2026-10-03 13:56:00-10,0.44,0.027,68.0,0.77,2026-10-03 13:56:00-10,9.0,8.0,1.5,1.41,182.0
0e2a5c18-3b86-4b5f-afb8-5b669d704934,2026-10-03 14:00:00-10,2026-10-03 13:56:00-10,0.45,0.014,80.0,0.72,2026-10-03 13:56:00-10,9.0,8.0,1.5,1.41,182.0
0e2a5c18-3b86-4b5f-afb8-5b669d704934,2026-10-03 14:00:00-10,2026-10-03 13:56:00-10,0.46,0.027,80.0,0.78,2026-10-03 13:56:00-10,9.0,8.0,1.5,1.41,182.0
0e2a5c18-3b86-4b5f-afb8-5b669d704934,2026-10-03 14:00:00-10,2026-10-03 13:56:00-10,0.47,0.027,84.0,0.73,2026-10-03 13:56:00-10,9.0,8.0,1.5,1.41,182.0
0e2a5c18-3b86-4b5f-afb8-5b669d704934,2026-10-03 14:00:00-10,2026-10-03 13:56:00-10,0.48,0.027,76.0,0.78,2026-10-03 13:56:00-10,9.0,8.0,1.5,1.41,182.0
0e2a5c18-3b86-4b5f-afb8-5b669d704934,2026-10-03 14:00:00-10,2026-10-03 13:56:00-10,0.49,0.027,72.0,0.79,2026-10-03 13:56:00-10,9.0,8.0,1.5,1.41,182.0
0e2a5c18-3b86-4b5f-afb8-5b669d704934,2026-10-03 14:00:00-10,2026-10-03 13:56:00-10,0.5,0.027,72.0,0.76,2026-10-03 13:56:00-10,9.0,8.0,1.5,1.41,182.0
0e2a5c18-3b86-4b5f-afb8-5b669d704934,2026-10-03 14:00:00-10,2026-10-03 13:56:00-10,0.51,0.014,72.0,0.75,2026-10-03 13:56:00-10,9.0,8.0,1.5,1.41,182.0
0e2a5c18-3b86-4b5f-afb8-5b669d704934,2026-10-03 14:00:00-10,2026-10-03 13:56:00-10,0.52,0.014,72.0,0.75,2026-10-03 13:56:00-10,9.0,8.0,1.5,1.41,182.0
0e2a5c18-3b86-4b5f-afb8-5b669d704934,2026-10-03 14:00:00-10,2026-10-03 13:56:00-10,0.53,0.0,60.0,0.54,2026-10-03 13:56:00-10,9.0,8.0,1.5,1.41,182.0
0e2a5c18-3b86-4b5f-afb8-5b669d704934,2026-10-03 14:00:00-10,2026-10-03 13:56:00-10,0.54,0.014,68.0,0.6,2026-10-03 13:56:00-10,9.0,8.0,1.5,1.41,182.0
0e2a5c18-3b86-4b5f-afb8-5b669d704934,2026-10-03 14:00:00-10,2026-10-03 13:56:00-10,0.55,0.014,72.0,0.67,2026-10-03 13:56:00-10,9.0,8.0,1.5,1.41,182.0
0e2a5c18-3b86-4b5f-afb8-5b669d704934,2026-10-03 14:00:00-10,2026-10-03 13:56:00-10,0.56,0.014,76.0,0.67,2026-10-03 13:56:00-10,9.0,8.0,1.5,1.41,182.0
0e2a5c18-3b86-4b5f-afb8-5b669d704934,2026-10-03 14:00:00-10,2026-10-03 13:56:00-10,0.57,0.014,60.0,0.72,2026-10-03 13:56:00-10,9.0,8.0,1.5,1.41,182.0
0e2a5c18-3b86-4b5f-afb8-5b669d704934,2026-10-03 14:00:00-10,2026-10-03 13:56:00-10,0.58,0.014,68.0,0.66,2026-10-03 13:56:00-10,9.0,8.0,1.5,1.41,182.0
1a294725-0b8b-4fb8-b4c3-a8931cd1012a,2026-09-02 14:00:00-10,2026-09-02 13:56:00-10,0.025,0.0,52.0,0.47,2026-09-02 13:56:00-10,8.0,74.0,2.1,2.77,558.0
1a294725-0b8b-4fb8-b4c3-a8931cd1012a,2026-09-02 14:00:00-10,2026-09-02 13:56:00-10,0.03,0.0,68.0,0.47,2026-09-02 13:56:00-10,8.0,74.0,2.1,2.77,558.0
1a294725-0b8b-4fb8-b4c3-a8931cd1012a,2026-09-02 14:00:00-10,2026-09-02 13:56:00-10,0.035,0.0,112.0,0.63,2026-09-02 13:56:00-10,8.0,74.0,2.1,2.77,558.0
1a294725-0b8b-4fb8-b4c3-a8931cd1012a,2026-09-02 14:00:00-10,2026-09-02 13:56:00-10,0.04,0.0,68.0,0.48,2026-09-02 13:56:00-10,8.0,74.0,2.1,2.77,558.0
1a294725-0b8b-4fb8-b4c3-a8931cd1012a,2026-09-02 14:00:00-10,2026-09-02 13:56:00-10,0.045,0.0,80.0,0.6,2026-09-02 13:56:00-10,8.0,74.0,2.1,2.77,558.0
1a294725-0b8b-4fb8-b4c3-a8931cd1012a,2026-09-02 14:00:00-10,2026-09-02 13:56:00-10,0.05,0.0,108.0,0.5,2026-09-02 13:56:00-10,8.0,74.0,2.1,2.77,558.0
1a294725-0b8b-4fb8-b4c3-a8931cd1012a,2026-09-02 14:00:00-10,2026-09-02 13:56:00-10,0.055,0.0,56.0,0.31,2026-09-02 13:56:00-10,8.0,74.0,2.1,2.77,558.0
1a294725-0b8b-4fb8-b4c3-a8931cd1012a,2026-09-02 14:00:00-10,2026-09-02 13:56:00-10,0.06,0.0,80.0,0.28,2026-09-02 13:56:00-10,8.0,74.0,2.1,2.77,558.0
1a294725-0b8b-4fb8-b4c3-a8931cd1012a,2026-09-02 14:00:00-10,2026-09-02 13:56:00-10,0.065,0.108,48.0,0.42,2026-09-02 13:56:00-10,8.0,74.0,2.1,2.77,558.0
1a294725-0b8b-4fb8-b4c3-a8931cd1012a,2026-09-02 14:00:00-10,2026-09-02 13:56:00-10,0.07,0.699,92.0,0.64,2026-09-02 13:56:00-10,8.0,74.0,2.1,2.77,558.0
1a294725-0b8b-4fb8-b4c3-a8931cd1012a,2026-09-02 14:00:00-10,2026-09-02 13:56:00-10,0.075,0.915,104.0,0.8,2026-09-02 13:56:00-10,8.0,74.0,2.1,2.77,558.0
1a294725-0b8b-4fb8-b4c3-a8931cd1012a,2026-09-02 14:00:00-10,2026-09-02 13:56:00-10,0.08,0.646,96.0,0.84,2026-09-02 13:56:00-10,8.0,74.0,2.1,2.77,558.0
1a294725-0b8b-4fb8-b4c3-a8931cd1012a,2026-09-02 14:00:00-10,2026-09-02 13:56:00-10,0.085,0.753,96.0,0.85,2026-09-02 13:56:00-10,8.0,74.0,2.1,2.77,558.0
1a294725-0b8b-4fb8-b4c3-a8931cd1012a,2026-09-02 14:00:00-10,2026-09-02 13:56:00-10,0.09,0.215,76.0,0.39,2026-09-02 13:56:00-10,8.0,74.0,2.1,2.77,558.0
1a294725-0b8b-4fb8-b4c3-a8931cd1012a,2026-09-02 14:00:00-10,2026-09-02 13:56:00-10,0.095,0.377,84.0,0.77,2026-09-02 13:56:00-10,8.0,74.0,2.1,2.77,558.0
1a294725-0b8b-4fb8-b4c3-a8931cd1012a,2026-09-02 14:00:00-10,2026-09-02 13:56:00-10,0.101,0.753,84.0,0.78,2026-09-02 13:56:00-10,8.0,74.0,2.1,2.77,558.0
1a294725-0b8b-4fb8-b4c3-a8931cd1012a,2026-09-02 14:00:00-10,2026-09-02 13:56:00-10,0.11,5.38,76.0,0.91,2026-09-02 13:56:00-10,8.0,74.0,2.1,2.77,558.0
1a294725-0b8b-4fb8-b4c3-a8931cd1012a,2026-09-02 14:00:00-10,2026-09-02 13:56:00-10,0.12,4.519,76.0,0.91,2026-09-02 13:56:00-10,8.0,74.0,2.1,2.77,558.0
1a294725-0b8b-4fb8-b4c3-a8931cd1012a,2026-09-02 14:00:00-10,2026-09-02 13:56:00-10,0.13,2.044,72.0,0.83,2026-09-02 13:56:00-10,8.0,74.0,2.1,2.77,558.0
1a294725-0b8b-4fb8-b4c3-a8931cd1012a,2026-09-02 14:00:00-10,2026-09-02 13:56:00-10,0.14,2.044,68.0,0.86,2026-09-02 13:56:00-10,8.0,74.0,2.1,2.77,558.0
1a294725-0b8b-4fb8-b4c3-a8931cd1012a,2026-09-02 14:00:00-10,2026-09-02 13:56:00-10,0.15,1.345,68.0,0.75,2026-09-02 13:56:00-10,8.0,74.0,2.1,2.77,558.0
1a294725-0b8b-4fb8-b4c3-a8931cd1012a,2026-09-02 14:00:00-10,2026-09-02 13:56:00-10,0.16,1.022,60.0,0.79,2026-09-02 13:56:00-10,8.0,74.0,2.1,2.77,558.0
1a294725-0b8b-4fb8-b4c3-a8931cd1012a,2026-09-02 14:00:00-10,2026-09-02 13:56:00-10,0.17,0.807,72.0,0.8,2026-09-02 13:56:00-10,8.0,74.0,2.1,2.77,558.0
1a294725-0b8b-4fb8-b4c3-a8931cd1012a,2026-09-02 14:00:00-10,2026-09-02 13:56:00-10,0.18,0.915,76.0,0.81,2026-09-02 13:56:00-10,8.0,74.0,2.1,2.77,558.0
1a294725-0b8b-4fb8-b4c3-a8931cd1012a,2026-09-02 14:00:00-10,2026-09-02 13:56:00-10,0.19,0.699,84.0,0.81,2026-09-02 13:56:00-10,8.0,74.0,2.1,2.77,558.0
1a294725-0b8b-4fb8-b4c3-a8931cd1012a,2026-09-02 14:00:00-10,2026-09-02 13:56:00-10,0.2,0.968,68.0,0.87,2026-09-02 13:56:00-10,8.0,74.0,2.1,2.77,558.0
1a294725-0b8b-4fb8-b4c3-a8931cd1012a,2026-09-02 14:00:00-10,2026-09-02 13:56:00-10,0.21,0.646,76.0,0.81,2026-09-02 13:56:00-10,8.0,74.0,2.1,2.77,558.0
1a294725-0b8b-4fb8-b4c3-a8931cd1012a,2026-09-02 14:00:00-10,2026-09-02 13:56:00-10,0.22,0.699,72.0,0.84,2026-09-02 13:56:00-10,8.0,74.0,2.1,2.77,558.0
1a294725-0b8b-4fb8-b4c3-a8931cd1012a,2026-09-02 14:00:00-10,2026-09-02 13:56:00-10,0.23,0.592,64.0,0.83,2026-09-02 13:56:00-10,8.0,74.0,2.1,2.77,558.0
1a294725-0b8b-4fb8-b4c3-a8931cd1012a,2026-09-02 14:00:00-10,2026-09-02 13:56:00-10,0.24,0.269,72.0,0.74,2026-09-02 13:56:00-10,8.0,74.0,2.1,2.77,558.0
1a294725-0b8b-4fb8-b4c3-a8931cd1012a,2026-09-02 14:00:00-10,2026-09-02 13:56:00-10,0.25,0.377,84.0,0.83,2026-09-02 13:56:00-10,8.0,74.0,2.1,2.77,558.0
1a294725-0b8b-4fb8-b4c3-a8931cd1012a,2026-09-02 14:00:00-10,2026-09-02 13:56:00-10,0.26,0.323,92.0,0.85,2026-09-02 13:56:00-10,8.0,74.0,2.1,2.77,558.0
1a294725-0b8b-4fb8-b4c3-a8931cd1012a,2026-09-02 14:00:00-10,2026-09-02 13:56:00-10,0.27,0.269,84.0,0.83,2026-09-02 13:56:00-10,8.0,74.0,2.1,2.77,558.0
1a294725-0b8b-4fb8-b4c3-a8931cd1012a,2026-09-02 14:00:00-10,2026-09-02 13:56:00-10,0.28,0.269,80.0,0.8,2026-09-02 13:56:00-10,8.0,74.0,2.1,2.77,558.0
1a294725-0b8b-4fb8-b4c3-a8931cd1012a,2026-09-02 14:00:00-10,2026-09-02 13:56:00-10,0.29,0.215,76.0,0.77,2026-09-02 13:56:00-10,8.0,74.0,2.1,2.77,558.0
1a294725-0b8b-4fb8-b4c3-a8931cd1012a,2026-09-02 14:00:00-10,2026-09-02 13:56:00-10,0.3,0.108,76.0,0.75,2026-09-02 13:56:00-10,8.0,74.0,2.1,2.77,558.0
1a294725-0b8b-4fb8-b4c3-a8931cd1012a,2026-09-02 14:00:00-10,2026-09-02 13:56:00-10,0.31,0.161,80.0,0.73,2026-09-02 13:56:00-10,8.0,74.0,2.1,2.77,558.0
1a294725-0b8b-4fb8-b4c3-a8931cd1012a,2026-09-02 14:00:00-10,2026-09-02 13:56:00-10,0.32,0.108,92.0,0.81,2026-09-02 13:56:00-10,8.0,74.0,2.1,2.77,558.0
1a294725-0b8b-4fb8-b4c3-a8931cd1012a,2026-09-02 14:00:00-10,2026-09-02 13:56:00-10,0.33,0.108,84.0,0.82,2026-09-02 13:56:00-10,8.0,74.0,2.1,2.77,558.0
1a294725-0b8b-4fb8-b4c3-a8931cd1012a,2026-09-02 14:00:00-10,2026-09-02 13:56:00-10,0.34,0.108,88.0,0.86,2026-09-02 13:56:00-10,8.0,74.0,2.1,2.77,558.0
1a294725-0b8b-4fb8-b4c3-a8931cd1012a,2026-09-02 14:00:00-10,2026-09-02 13:56:00-10,0.35,0.108,88.0,0.84,2026-09-02 13:56:00-10,8.0,74.0,2.1,2.77,558.0
1a294725-0b8b-4fb8-b4c3-a8931cd1012a,2026-09-02 14:00:00-10,2026-09-02 13:56:00-10,0.36,0.054,76.0,0.74,2026-09-02 13:56:00-10,8.0,74.0,2.1,2.77,558.0
1a294725-0b8b-4fb8-b4c3-a8931cd1012a,2026-09-02 14:00:00-10,2026-09-02 13:56:00-10,0.37,0.054,88.0,0.78,2026-09-02 13:56:00-10,8.0,74.0,2.1,2.77,558.0
1a294725-0b8b-4fb8-b4c3-a8931cd1012a,2026-09-02 14:00:00-10,2026-09-02 13:56:00-10,0.38,0.054,84.0,0.8,2026-09-02 13:56:00-10,8.0,74.0,2.1,2.77,558.0
1a294725-0b8b-4fb8-b4c3-a8931cd1012a,2026-09-02 14:00:00-10,2026-09-02 13:56:00-10,0.39,0.054,88.0,0.76,2026-09-02 13:56:00-10,8.0,74.0,2.1,2.77,558.0
1a294725-0b8b-4fb8-b4c3-a8931cd1012a,2026-09-02 14:00:00-10,2026-09-02 13:56:00-10,0.4,0.054,68.0,0.81,2026-09-02 13:56:00-10,8.0,74.0,2.1,2.77,558.0
1a294725-0b8b-4fb8-b4c3-a8931cd1012a,2026-09-02 14:00:00-10,2026-09-02 13:56:00-10,0.41,0.054,76.0,0.73,2026-09-02 13:56:00-10,8.0,74.0,2.1,2.77,558.0
1a294725-0b8b-4fb8-b4c3-a8931cd1012a,2026-09-02 14:00:00-10,2026-09-02 13:56:00-10,0.42,0.054,88.0,0.78,2026-09-02 13:56:00-10,8.0,74.0,2.1,2.77,558.0
1a294725-0b8b-4fb8-b4c3-a8931cd1012a,2026-09-02 14:00:00-10,2026-09-02 13:56:00-10,0.43,0.0,80.0,0.62,2026-09-02 13:56:00-10,8.0,74.0,2.1,2.77,558.0
1a294725-0b8b-4fb8-b4c3-a8931cd1012a,2026-09-02 14:00:00-10,2026-09-02 13:56:00-10,0.44,0.0,100.0,0.77,2026-09-02 13:56:00-10,8.0,74.0,2.1,2.77,558.0
1a294725-0b8b-4fb8-b4c3-a8931cd1012a,2026-09-02 14:00:00-10,2026-09-02 13:56:00-10,0.45,0.0,92.0,0.78,2026-09-02 13:56:00-10,8.0,74.0,2.1,2.77,558.0
1a294725-0b8b-4fb8-b4c3-a8931cd1012a,2026-09-02 14:00:00-10,2026-09-02 13:56:00-10,0.46,0.0,80.0,0.7,2026-09-02 13:56:00-10,8.0,74.0,2.1,2.77,558.0
1a294725-0b8b-4fb8-b4c3-a8931cd1012a,2026-09-02 14:00:00-10,2026-09-02 13:56:00-10,0.47,0.0,76.0,0.69,2026-09-02 13:56:00-10,8.0,74.0,2.1,2.77,558.0
1a294725-0b8b-4fb8-b4c3-a8931cd1012a,2026-09-02 14:00:00-10,2026-09-02 13:56:00-10,0.48,0.0,76.0,0.63,2026-09-02 13:56:00-10,8.0,74.0,2.1,2.77,558.0
1a294725-0b8b-4fb8-b4c3-a8931cd1012a,2026-09-02 14:00:00-10,2026-09-02 13:56:00-10,0.49,0.0,84.0,0.73,2026-09-02 13:56:00-10,8.0,74.0,2.1,2.77,558.0
1a294725-0b8b-4fb8-b4c3-a8931cd1012a,2026-09-02 14:00:00-10,2026-09-02 13:56:00-10,0.5,0.0,88.0,0.61,2026-09-02 13:56:00-10,8.0,74.0,2.1,2.77,558.0
1a294725-0b8b-4fb8-b4c3-a8931cd1012a,2026-09-02 14:00:00-10,2026-09-02 13:56:00-10,0.51,0.0,88.0,0.67,2026-09-02 13:56:00-10,8.0,74.0,2.1,2.77,558.0
1a294725-0b8b-4fb8-b4c3-a8931cd1012a,2026-09-02 14:00:00-10,2026-09-02 13:56:00-10,0.52,0.0,88.0,0.65,2026-09-02 13:56:00-10,8.0,74.0,2.1,2.77,558.0
1a294725-0b8b-4fb8-b4c3-a8931cd1012a,2026-09-02 14:00:00-10,2026-09-02 13:56:00-10,0.53,0.0,80.0,0.47,2026-09-02 13:56:00-10,8.0,74.0,2.1,2.77,558.0
1a294725-0b8b-4fb8-b4c3-a8931cd1012a,2026-09-02 14:00:00-10,2026-09-02 13:56:00-10,0.54,0.0,60.0,0.67,2026-09-02 13:56:00-10,8.0,74.0,2.1,2.77,558.0
1a294725-0b8b-4fb8-b4c3-a8931cd1012a,2026-09-02 14:00:00-10,2026-09-02 13:56:00-10,0.55,0.0,72.0,0.61,2026-09-02 13:56:00-10,8.0,74.0,2.1,2.77,558.0
1a294725-0b8b-4fb8-b4c3-a8931cd1012a,2026-09-02 14:00:00-10,2026-09-02 13:56:00-10,0.56,0.0,88.0,0.72,2026-09-02 13:56:00-10,8.0,74.0,2.1,2.77,558.0
1a294725-0b8b-4fb8-b4c3-a8931cd1012a,2026-09-02 14:00:00-10,2026-09-02 13:56:00-10,0.57,0.0,84.0,0.58,2026-09-02 13:56:00-10,8.0,74.0,2.1,2.77,558.0
1a294725-0b8b-4fb8-b4c3-a8931cd1012a,2026-09-02 14:00:00-10,2026-09-02 13:56:00-10,0.58,0.0,88.0,0.62,2026-09-02 13:56:00-10,8.0,74.0,2.1,2.77,558.0
1c60111f-d5a9-402a-9603-33cb70423a56,2026-08-24 14:00:00-10,2026-08-24 13:56:00-10,0.025,0.0,60.0,0.58,2026-08-24 13:56:00-10,7.0,71.0,1.9,2.27,292.0
1c60111f-d5a9-402a-9603-33cb70423a56,2026-08-24 14:00:00-10,2026-08-24 13:56:00-10,0.03,0.0,40.0,0.51,2026-08-24 13:56:00-10,7.0,71.0,1.9,2.27,292.0
1c60111f-d5a9-402a-9603-33cb70423a56,2026-08-24 14:00:00-10,2026-08-24 13:56:00-10,0.035,0.0,80.0,0.66,2026-08-24 13:56:00-10,7.0,71.0,1.9,2.27,292.0
1c60111f-d5a9-402a-9603-33cb70423a56,2026-08-24 14:00:00-10,2026-08-24 13:56:00-10,0.04,0.0,64.0,0.7,2026-08-24 13:56:00-10,7.0,71.0,1.9,2.27,292.0
1c60111f-d5a9-402a-9603-33cb70423a56,2026-08-24 14:00:00-10,2026-08-24 13:56:00-10,0.045,0.0,68.0,0.39,2026-08-24 13:56:00-10,7.0,71.0,1.9,2.27,292.0
1c60111f-d5a9-402a-9603-33cb70423a56,2026-08-24 14:00:00-10,2026-08-24 13:56:00-10,0.05,0.0,48.0,0.44,2026-08-24 13:56:00-10,7.0,71.0,1.9,2.27,292.0
1c60111f-d5a9-402a-9603-33cb70423a56,2026-08-24 14:00:00-10,2026-08-24 13:56:00-10,0.055,0.0,96.0,0.49,2026-08-24 13:56:00-10,7.0,71.0,1.9,2.27,292.0
1c60111f-d5a9-402a-9603-33cb70423a56,2026-08-24 14:00:00-10,2026-08-24 13:56:00-10,0.06,0.0,8.0,0.19,2026-08-24 13:56:00-10,7.0,71.0,1.9,2.27,292.0
1c60111f-d5a9-402a-9603-33cb70423a56,2026-08-24 14:00:00-10,2026-08-24 13:56:00-10,0.065,0.0,64.0,0.24,2026-08-24 13:56:00-10,7.0,71.0,1.9,2.27,292.0
1c60111f-d5a9-402a-9603-33cb70423a56,2026-08-24 14:00:00-10,2026-08-24 13:56:00-10,0.07,0.023,48.0,0.45,2026-08-24 13:56:00-10,7.0,71.0,1.9,2.27,292.0
1c60111f-d5a9-402a-9603-33cb70423a56,2026-08-24 14:00:00-10,2026-08-24 13:56:00-10,0.075,0.047,64.0,0.39,2026-08-24 13:56:00-10,7.0,71.0,1.9,2.27,292.0
1c60111f-d5a9-402a-9603-33cb70423a56,2026-08-24 14:00:00-10,2026-08-24 13:56:00-10,0.08,0.047,68.0,0.3,2026-08-24 13:56:00-10,7.0,71.0,1.9,2.27,292.0
1c60111f-d5a9-402a-9603-33cb70423a56,2026-08-24 14:00:00-10,2026-08-24 13:56:00-10,0.085,0.117,0.0,0.42,2026-08-24 13:56:00-10,7.0,71.0,1.9,2.27,292.0
1c60111f-d5a9-402a-9603-33cb70423a56,2026-08-24 14:00:00-10,2026-08-24 13:56:00-10,0.09,0.233,320.0,0.47,2026-08-24 13:56:00-10,7.0,71.0,1.9,2.27,292.0
1c60111f-d5a9-402a-9603-33cb70423a56,2026-08-24 14:00:00-10,2026-08-24 13:56:00-10,0.095,0.443,340.0,0.54,2026-08-24 13:56:00-10,7.0,71.0,1.9,2.27,292.0
1c60111f-d5a9-402a-9603-33cb70423a56,2026-08-24 14:00:00-10,2026-08-24 13:56:00-10,0.101,0.396,20.0,0.2,2026-08-24 13:56:00-10,7.0,71.0,1.9,2.27,292.0
1c60111f-d5a9-402a-9603-33cb70423a56,2026-08-24 14:00:00-10,2026-08-24 13:56:00-10,0.11,1.351,88.0,0.81,2026-08-24 13:56:00-10,7.0,71.0,1.9,2.27,292.0
1c60111f-d5a9-402a-9603-33cb70423a56,2026-08-24 14:00:00-10,2026-08-24 13:56:00-10,0.12,1.212,88.0,0.79,2026-08-24 13:56:00-10,7.0,71.0,1.9,2.27,292.0
1c60111f-d5a9-402a-9603-33cb70423a56,2026-08-24 14:00:00-10,2026-08-24 13:56:00-10,0.13,2.097,80.0,0.87,2026-08-24 13:56:00-10,7.0,71.0,1.9,2.27,292.0
1c60111f-d5a9-402a-9603-33cb70423a56,2026-08-24 14:00:00-10,2026-08-24 13:56:00-10,0.14,1.771,76.0,0.83,2026-08-24 13:56:00-10,7.0,71.0,1.9,2.27,292.0
1c60111f-d5a9-402a-9603-33cb70423a56,2026-08-24 14:00:00-10,2026-08-24 13:56:00-10,0.15,2.33,68.0,0.85,2026-08-24 13:56:00-10,7.0,71.0,1.9,2.27,292.0
1c60111f-d5a9-402a-9603-33cb70423a56,2026-08-24 14:00:00-10,2026-08-24 13:56:00-10,0.16,1.515,84.0,0.84,2026-08-24 13:56:00-10,7.0,71.0,1.9,2.27,292.0
1c60111f-d5a9-402a-9603-33cb70423a56,2026-08-24 14:00:00-10,2026-08-24 13:56:00-10,0.17,1.258,84.0,0.8,2026-08-24 13:56:00-10,7.0,71.0,1.9,2.27,292.0
1c60111f-d5a9-402a-9603-33cb70423a56,2026-08-24 14:00:00-10,2026-08-24 13:56:00-10,0.18,1.118,68.0,0.79,2026-08-24 13:56:00-10,7.0,71.0,1.9,2.27,292.0
1c60111f-d5a9-402a-9603-33cb70423a56,2026-08-24 14:00:00-10,2026-08-24 13:56:00-10,0.19,1.072,68.0,0.84,2026-08-24 13:56:00-10,7.0,71.0,1.9,2.27,292.0
1c60111f-d5a9-402a-9603-33cb70423a56,2026-08-24 14:00:00-10,2026-08-24 13:56:00-10,0.2,0.932,84.0,0.83,2026-08-24 13:56:00-10,7.0,71.0,1.9,2.27,292.0
1c60111f-d5a9-402a-9603-33cb70423a56,2026-08-24 14:00:00-10,2026-08-24 13:56:00-10,0.21,0.769,72.0,0.8,2026-08-24 13:56:00-10,7.0,71.0,1.9,2.27,292.0
1c60111f-d5a9-402a-9603-33cb70423a56,2026-08-24 14:00:00-10,2026-08-24 13:56:00-10,0.22,0.466,72.0,0.79,2026-08-24 13:56:00-10,7.0,71.0,1.9,2.27,292.0
1c60111f-d5a9-402a-9603-33cb70423a56,2026-08-24 14:00:00-10,2026-08-24 13:56:00-10,0.23,0.303,80.0,0.71,2026-08-24 13:56:00-10,7.0,71.0,1.9,2.27,292.0
1c60111f-d5a9-402a-9603-33cb70423a56,2026-08-24 14:00:00-10,2026-08-24 13:56:00-10,0.24,0.489,84.0,0.84,2026-08-24 13:56:00-10,7.0,71.0,1.9,2.27,292.0
1c60111f-d5a9-402a-9603-33cb70423a56,2026-08-24 14:00:00-10,2026-08-24 13:56:00-10,0.25,0.373,76.0,0.81,2026-08-24 13:56:00-10,7.0,71.0,1.9,2.27,292.0
1c60111f-d5a9-402a-9603-33cb70423a56,2026-08-24 14:00:00-10,2026-08-24 13:56:00-10,0.26,0.396,80.0,0.82,2026-08-24 13:56:00-10,7.0,71.0,1.9,2.27,292.0
1c60111f-d5a9-402a-9603-33cb70423a56,2026-08-24 14:00:00-10,2026-08-24 13:56:00-10,0.27,0.443,80.0,0.86,2026-08-24 13:56:00-10,7.0,71.0,1.9,2.27,292.0
1c60111f-d5a9-402a-9603-33cb70423a56,2026-08-24 14:00:00-10,2026-08-24 13:56:00-10,0.28,0.326,84.0,0.82,2026-08-24 13:56:00-10,7.0,71.0,1.9,2.27,292.0
1c60111f-d5a9-402a-9603-33cb70423a56,2026-08-24 14:00:00-10,2026-08-24 13:56:00-10,0.29,0.21,92.0,0.79,2026-08-24 13:56:00-10,7.0,71.0,1.9,2.27,292.0
1c60111f-d5a9-402a-9603-33cb70423a56,2026-08-24 14:00:00-10,2026-08-24 13:56:00-10,0.3,0.186,84.0,0.8,2026-08-24 13:56:00-10,7.0,71.0,1.9,2.27,292.0
1c60111f-d5a9-402a-9603-33cb70423a56,2026-08-24 14:00:00-10,2026-08-24 13:56:00-10,0.31,0.21,88.0,0.81,2026-08-24 13:56:00-10,7.0,71.0,1.9,2.27,292.0
1c60111f-d5a9-402a-9603-33cb70423a56,2026-08-24 14:00:00-10,2026-08-24 13:56:00-10,0.32,0.14,84.0,0.8,2026-08-24 13:56:00-10,7.0,71.0,1.9,2.27,292.0
1c60111f-d5a9-402a-9603-33cb70423a56,2026-08-24 14:00:00-10,2026-08-24 13:56:00-10,0.33,0.117,76.0,0.77,2026-08-24 13:56:00-10,7.0,71.0,1.9,2.27,292.0
1c60111f-d5a9-402a-9603-33cb70423a56,2026-08-24 14:00:00-10,2026-08-24 13:56:00-10,0.34,0.093,76.0,0.77,2026-08-24 13:56:00-10,7.0,71.0,1.9,2.27,292.0
1c60111f-d5a9-402a-9603-33cb70423a56,2026-08-24 14:00:00-10,2026-08-24 13:56:00-10,0.35,0.163,80.0,0.86,2026-08-24 13:56:00-10,7.0,71.0,1.9,2.27,292.0
1c60111f-d5a9-402a-9603-33cb70423a56,2026-08-24 14:00:00-10,2026-08-24 13:56:00-10,0.36,0.117,84.0,0.82,2026-08-24 13:56:00-10,7.0,71.0,1.9,2.27,292.0
1c60111f-d5a9-402a-9603-33cb70423a56,2026-08-24 14:00:00-10,2026-08-24 13:56:00-10,0.37,0.07,84.0,0.82,2026-08-24 13:56:00-10,7.0,71.0,1.9,2.27,292.0
1c60111f-d5a9-402a-9603-33cb70423a56,2026-08-24 14:00:00-10,2026-08-24 13:56:00-10,0.38,0.093,84.0,0.77,2026-08-24 13:56:00-10,7.0,71.0,1.9,2.27,292.0
1c60111f-d5a9-402a-9603-33cb70423a56,2026-08-24 14:00:00-10,2026-08-24 13:56:00-10,0.39,0.07,72.0,0.77,2026-08-24 13:56:00-10,7.0,71.0,1.9,2.27,292.0
1c60111f-d5a9-402a-9603-33cb70423a56,2026-08-24 14:00:00-10,2026-08-24 13:56:00-10,0.4,0.047,76.0,0.69,2026-08-24 13:56:00-10,7.0,71.0,1.9,2.27,292.0
1c60111f-d5a9-402a-9603-33cb70423a56,2026-08-24 14:00:00-10,2026-08-24 13:56:00-10,0.41,0.047,84.0,0.69,2026-08-24 13:56:00-10,7.0,71.0,1.9,2.27,292.0
1c60111f-d5a9-402a-9603-33cb70423a56,2026-08-24 14:00:00-10,2026-08-24 13:56:00-10,0.42,0.023,76.0,0.73,2026-08-24 13:56:00-10,7.0,71.0,1.9,2.27,292.0
1c60111f-d5a9-402a-9603-33cb70423a56,2026-08-24 14:00:00-10,2026-08-24 13:56:00-10,0.43,0.07,88.0,0.77,2026-08-24 13:56:00-10,7.0,71.0,1.9,2.27,292.0
1c60111f-d5a9-402a-9603-33cb70423a56,2026-08-24 14:00:00-10,2026-08-24 13:56:00-10,0.44,0.023,88.0,0.79,2026-08-24 13:56:00-10,7.0,71.0,1.9,2.27,292.0
1c60111f-d5a9-402a-9603-33cb70423a56,2026-08-24 14:00:00-10,2026-08-24 13:56:00-10,0.45,0.023,92.0,0.8,2026-08-24 13:56:00-10,7.0,71.0,1.9,2.27,292.0
1c60111f-d5a9-402a-9603-33cb70423a56,2026-08-24 14:00:00-10,2026-08-24 13:56:00-10,0.46,0.023,76.0,0.52,2026-08-24 13:56:00-10,7.0,71.0,1.9,2.27,292.0
1c60111f-d5a9-402a-9603-33cb70423a56,2026-08-24 14:00:00-10,2026-08-24 13:56:00-10,0.47,0.023,84.0,0.57,2026-08-24 13:56:00-10,7.0,71.0,1.9,2.27,292.0
1c60111f-d5a9-402a-9603-33cb70423a56,2026-08-24 14:00:00-10,2026-08-24 13:56:00-10,0.48,0.023,88.0,0.71,2026-08-24 13:56:00-10,7.0,71.0,1.9,2.27,292.0
1c60111f-d5a9-402a-9603-33cb70423a56,2026-08-24 14:00:00-10,2026-08-24 13:56:00-10,0.49,0.023,92.0,0.74,2026-08-24 13:56:00-10,7.0,71.0,1.9,2.27,292.0
1c60111f-d5a9-402a-9603-33cb70423a56,2026-08-24 14:00:00-10,2026-08-24 13:56:00-10,0.5,0.023,84.0,0.69,2026-08-24 13:56:00-10,7.0,71.0,1.9,2.27,292.0
1c60111f-d5a9-402a-9603-33cb70423a56,2026-08-24 14:00:00-10,2026-08-24 13:56:00-10,0.51,0.023,84.0,0.66,2026-08-24 13:56:00-10,7.0,71.0,1.9,2.27,292.0
1c60111f-d5a9-402a-9603-33cb70423a56,2026-08-24 14:00:00-10,2026-08-24 13:56:00-10,0.52,0.023,76.0,0.77,2026-08-24 13:56:00-10,7.0,71.0,1.9,2.27,292.0
1c60111f-d5a9-402a-9603-33cb70423a56,2026-08-24 14:00:00-10,2026-08-24 13:56:00-10,0.53,0.0,88.0,0.67,2026-08-24 13:56:00-10,7.0,71.0,1.9,2.27,292.0
1c60111f-d5a9-402a-9603-33cb70423a56,2026-08-24 14:00:00-10,2026-08-24 13:56:00-10,0.54,0.0,88.0,0.61,2026-08-24 13:56:00-10,7.0,71.0,1.9,2.27,292.0
1c60111f-d5a9-402a-9603-33cb70423a56,2026-08-24 14:00:00-10,2026-08-24 13:56:00-10,0.55,0.0,80.0,0.52,2026-08-24 13:56:00-10,7.0,71.0,1.9,2.27,292.0
1c60111f-d5a9-402a-9603-33cb70423a56,2026-08-24 14:00:00-10,2026-08-24 13:56:00-10,0.56,0.0,96.0,0.61,2026-08-24 13:56:00-10,7.0,71.0,1.9,2.27,292.0
1c60111f-d5a9-402a-9603-33cb70423a56,2026-08-24 14:00:00-10,2026-08-24 13:56:00-10,0.57,0.0,108.0,0.54,2026-08-24 13:56:00-10,7.0,71.0,1.9,2.27,292.0
1c60111f-d5a9-402a-9603-33cb70423a56,2026-08-24 14:00:00-10,2026-08-24 13:56:00-10,0.58,0.0,100.0,0.52,2026-08-24 13:56:00-10,7.0,71.0,1.9,2.27,292.0
204c0c2d-83e1-4c2d-8c23-673eca70e778,2026-09-24 14:00:00-10,2026-09-24 13:56:00-10,0.025,0.0,40.0,0.7,2026-09-24 13:56:00-10,10.0,72.0,2.1,2.77,513.0
204c0c2d-83e1-4c2d-8c23-673eca70e778,2026-09-24 14:00:00-10,2026-09-24 13:56:00-10,0.03,0.0,52.0,0.63,2026-09-24 13:56:00-10,10.0,72.0,2.1,2.77,513.0
204c0c2d-83e1-4c2d-8c23-673eca70e778,2026-09-24 14:00:00-10,2026-09-24 13:56:00-10,0.035,0.0,44.0,0.6,2026-09-24 13:56:00-10,10.0,72.0,2.1,2.77,513.0
204c0c2d-83e1-4c2d-8c23-673eca70e778,2026-09-24 14:00:00-10,2026-09-24 13:56:00-10,0.04,0.0,40.0,0.71,2026-09-24 13:56:00-10,10.0,72.0,2.1,2.77,513.0
204c0c2d-83e1-4c2d-8c23-673eca70e778,2026-09-24 14:00:00-10,2026-09-24 13:56:00-10,0.045,0.0,24.0,0.66,2026-09-24 13:56:00-10,10.0,72.0,2.1,2.77,513.0
204c0c2d-83e1-4c2d-8c23-673eca70e778,2026-09-24 14:00:00-10,2026-09-24 13:56:00-10,0.05,0.0,36.0,0.11,2026-09-24 13:56:00-10,10.0,72.0,2.1,2.77,513.0
204c0c2d-83e1-4c2d-8c23-673eca70e778,2026-09-24 14:00:00-10,2026-09-24 13:56:00-10,0.055,0.0,48.0,0.62,2026-09-24 13:56:00-10,10.0,72.0,2.1,2.77,513.0
204c0c2d-83e1-4c2d-8c23-673eca70e778,2026-09-24 14:00:00-10,2026-09-24 13:56:00-10,0.06,0.033,108.0,0.04,2026-09-24 13:56:00-10,10.0,72.0,2.1,2.77,513.0
204c0c2d-83e1-4c2d-8c23-673eca70e778,2026-09-24 14:00:00-10,2026-09-24 13:56:00-10,0.065,0.033,332.0,0.13,2026-09-24 13:56:00-10,10.0,72.0,2.1,2.77,513.0
204c0c2d-83e1-4c2d-8c23-673eca70e778,2026-09-24 14:00:00-10,2026-09-24 13:56:00-10,0.07,0.0,96.0,0.39,2026-09-24 13:56:00-10,10.0,72.0,2.1,2.77,513.0
204c0c2d-83e1-4c2d-8c23-673eca70e778,2026-09-24 14:00:00-10,2026-09-24 13:56:00-10,0.075,0.065,32.0,0.3,2026-09-24 13:56:00-10,10.0,72.0,2.1,2.77,513.0
204c0c2d-83e1-4c2d-8c23-673eca70e778,2026-09-24 14:00:00-10,2026-09-24 13:56:00-10,0.08,0.292,64.0,0.5,2026-09-24 13:56:00-10,10.0,72.0,2.1,2.77,513.0
204c0c2d-83e1-4c2d-8c23-673eca70e778,2026-09-24 14:00:00-10,2026-09-24 13:56:00-10,0.085,0.325,348.0,0.49,2026-09-24 13:56:00-10,10.0,72.0,2.1,2.77,513.0
204c0c2d-83e1-4c2d-8c23-673eca70e778,2026-09-24 14:00:00-10,2026-09-24 13:56:00-10,0.09,1.04,36.0,0.6,2026-09-24 13:56:00-10,10.0,72.0,2.1,2.77,513.0
204c0c2d-83e1-4c2d-8c23-673eca70e778,2026-09-24 14:00:00-10,2026-09-24 13:56:00-10,0.095,1.657,68.0,0.56,2026-09-24 13:56:00-10,10.0,72.0,2.1,2.77,513.0
204c0c2d-83e1-4c2d-8c23-673eca70e778,2026-09-24 14:00:00-10,2026-09-24 13:56:00-10,0.101,3.25,72.0,0.52,2026-09-24 13:56:00-10,10.0,72.0,2.1,2.77,513.0
204c0c2d-83e1-4c2d-8c23-673eca70e778,2026-09-24 14:00:00-10,2026-09-24 13:56:00-10,0.11,3.12,76.0,0.74,2026-09-24 13:56:00-10,10.0,72.0,2.1,2.77,513.0
204c0c2d-83e1-4c2d-8c23-673eca70e778,2026-09-24 14:00:00-10,2026-09-24 13:56:00-10,0.12,2.405,84.0,0.81,2026-09-24 13:56:00-10,10.0,72.0,2.1,2.77,513.0
204c0c2d-83e1-4c2d-8c23-673eca70e778,2026-09-24 14:00:00-10,2026-09-24 13:56:00-10,0.13,1.527,72.0,0.76,2026-09-24 13:56:00-10,10.0,72.0,2.1,2.77,513.0
204c0c2d-83e1-4c2d-8c23-673eca70e778,2026-09-24 14:00:00-10,2026-09-24 13:56:00-10,0.14,1.885,80.0,0.83,2026-09-24 13:56:00-10,10.0,72.0,2.1,2.77,513.0
204c0c2d-83e1-4c2d-8c23-673eca70e778,2026-09-24 14:00:00-10,2026-09-24 13:56:00-10,0.15,1.593,76.0,0.84,2026-09-24 13:56:00-10,10.0,72.0,2.1,2.77,513.0
204c0c2d-83e1-4c2d-8c23-673eca70e778,2026-09-24 14:00:00-10,2026-09-24 13:56:00-10,0.16,1.657,68.0,0.86,2026-09-24 13:56:00-10,10.0,72.0,2.1,2.77,513.0
204c0c2d-83e1-4c2d-8c23-673eca70e778,2026-09-24 14:00:00-10,2026-09-24 13:56:00-10,0.17,1.625,68.0,0.89,2026-09-24 13:56:00-10,10.0,72.0,2.1,2.77,513.0
204c0c2d-83e1-4c2d-8c23-673eca70e778,2026-09-24 14:00:00-10,2026-09-24 13:56:00-10,0.18,1.202,72.0,0.89,2026-09-24 13:56:00-10,10.0,72.0,2.1,2.77,513.0
204c0c2d-83e1-4c2d-8c23-673eca70e778,2026-09-24 14:00:00-10,2026-09-24 13:56:00-10,0.19,0.715,64.0,0.8,2026-09-24 13:56:00-10,10.0,72.0,2.1,2.77,513.0
204c0c2d-83e1-4c2d-8c23-673eca70e778,2026-09-24 14:00:00-10,2026-09-24 13:56:00-10,0.2,0.942,64.0,0.84,2026-09-24 13:56:00-10,10.0,72.0,2.1,2.77,513.0
204c0c2d-83e1-4c2d-8c23-673eca70e778,2026-09-24 14:00:00-10,2026-09-24 13:56:00-10,0.21,0.552,56.0,0.81,2026-09-24 13:56:00-10,10.0,72.0,2.1,2.77,513.0
204c0c2d-83e1-4c2d-8c23-673eca70e778,2026-09-24 14:00:00-10,2026-09-24 13:56:00-10,0.22,0.715,64.0,0.85,2026-09-24 13:56:00-10,10.0,72.0,2.1,2.77,513.0
204c0c2d-83e1-4c2d-8c23-673eca70e778,2026-09-24 14:00:00-10,2026-09-24 13:56:00-10,0.23,0.487,68.0,0.8,2026-09-24 13:56:00-10,10.0,72.0,2.1,2.77,513.0
204c0c2d-83e1-4c2d-8c23-673eca70e778,2026-09-24 14:00:00-10,2026-09-24 13:56:00-10,0.24,0.422,72.0,0.77,2026-09-24 13:56:00-10,10.0,72.0,2.1,2.77,513.0
204c0c2d-83e1-4c2d-8c23-673eca70e778,2026-09-24 14:00:00-10,2026-09-24 13:56:00-10,0.25,0.487,68.0,0.88,2026-09-24 13:56:00-10,10.0,72.0,2.1,2.77,513.0
204c0c2d-83e1-4c2d-8c23-673eca70e778,2026-09-24 14:00:00-10,2026-09-24 13:56:00-10,0.26,0.26,64.0,0.82,2026-09-24 13:56:00-10,10.0,72.0,2.1,2.77,513.0
204c0c2d-83e1-4c2d-8c23-673eca70e778,2026-09-24 14:00:00-10,2026-09-24 13:56:00-10,0.27,0.325,64.0,0.85,2026-09-24 13:56:00-10,10.0,72.0,2.1,2.77,513.0
204c0c2d-83e1-4c2d-8c23-673eca70e778,2026-09-24 14:00:00-10,2026-09-24 13:56:00-10,0.28,0.325,76.0,0.86,2026-09-24 13:56:00-10,10.0,72.0,2.1,2.77,513.0
204c0c2d-83e1-4c2d-8c23-673eca70e778,2026-09-24 14:00:00-10,2026-09-24 13:56:00-10,0.29,0.325,68.0,0.82,2026-09-24 13:56:00-10,10.0,72.0,2.1,2.77,513.0
204c0c2d-83e1-4c2d-8c23-673eca70e778,2026-09-24 14:00:00-10,2026-09-24 13:56:00-10,0.3,0.292,68.0,0.85,2026-09-24 13:56:00-10,10.0,72.0,2.1,2.77,513.0
204c0c2d-83e1-4c2d-8c23-673eca70e778,2026-09-24 14:00:00-10,2026-09-24 13:56:00-10,0.31,0.195,68.0,0.86,2026-09-24 13:56:00-10,10.0,72.0,2.1,2.77,513.0
204c0c2d-83e1-4c2d-8c23-673eca70e778,2026-09-24 14:00:00-10,2026-09-24 13:56:00-10,0.32,0.13,68.0,0.83,2026-09-24 13:56:00-10,10.0,72.0,2.1,2.77,513.0
204c0c2d-83e1-4c2d-8c23-673eca70e778,2026-09-24 14:00:00-10,2026-09-24 13:56:00-10,0.33,0.13,68.0,0.76,2026-09-24 13:56:00-10,10.0,72.0,2.1,2.77,513.0
204c0c2d-83e1-4c2d-8c23-673eca70e778,2026-09-24 14:00:00-10,2026-09-24 13:56:00-10,0.34,0.098,64.0,0.73,2026-09-24 13:56:00-10,10.0,72.0,2.1,2.77,513.0
204c0c2d-83e1-4c2d-8c23-673eca70e778,2026-09-24 14:00:00-10,2026-09-24 13:56:00-10,0.35,0.098,72.0,0.74,2026-09-24 13:56:00-10,10.0,72.0,2.1,2.77,513.0
204c0c2d-83e1-4c2d-8c23-673eca70e778,2026-09-24 14:00:00-10,2026-09-24 13:56:00-10,0.36,0.098,68.0,0.8,2026-09-24 13:56:00-10,10.0,72.0,2.1,2.77,513.0
204c0c2d-83e1-4c2d-8c23-673eca70e778,2026-09-24 14:00:00-10,2026-09-24 13:56:00-10,0.37,0.098,72.0,0.77,2026-09-24 13:56:00-10,10.0,72.0,2.1,2.77,513.0
204c0c2d-83e1-4c2d-8c23-673eca70e778,2026-09-24 14:00:00-10,2026-09-24 13:56:00-10,0.38,0.065,84.0,0.73,2026-09-24 13:56:00-10,10.0,72.0,2.1,2.77,513.0
204c0c2d-83e1-4c2d-8c23-673eca70e778,2026-09-24 14:00:00-10,2026-09-24 13:56:00-10,0.39,0.033,76.0,0.67,2026-09-24 13:56:00-10,10.0,72.0,2.1,2.77,513.0
204c0c2d-83e1-4c2d-8c23-673eca70e778,2026-09-24 14:00:00-10,2026-09-24 13:56:00-10,0.4,0.033,80.0,0.64,2026-09-24 13:56:00-10,10.0,72.0,2.1,2.77,513.0
204c0c2d-83e1-4c2d-8c23-673eca70e778,2026-09-24 14:00:00-10,2026-09-24 13:56:00-10,0.41,0.033,72.0,0.75,2026-09-24 13:56:00-10,10.0,72.0,2.1,2.77,513.0
204c0c2d-83e1-4c2d-8c23-673eca70e778,2026-09-24 14:00:00-10,2026-09-24 13:56:00-10,0.42,0.033,64.0,0.7,2026-09-24 13:56:00-10,10.0,72.0,2.1,2.77,513.0
204c0c2d-83e1-4c2d-8c23-673eca70e778,2026-09-24 14:00:00-10,2026-09-24 13:56:00-10,0.43,0.033,76.0,0.6,2026-09-24 13:56:00-10,10.0,72.0,2.1,2.77,513.0
204c0c2d-83e1-4c2d-8c23-673eca70e778,2026-09-24 14:00:00-10,2026-09-24 13:56:00-10,0.44,0.033,80.0,0.72,2026-09-24 13:56:00-10,10.0,72.0,2.1,2.77,513.0
204c0c2d-83e1-4c2d-8c23-673eca70e778,2026-09-24 14:00:00-10,2026-09-24 13:56:00-10,0.45,0.033,84.0,0.71,2026-09-24 13:56:00-10,10.0,72.0,2.1,2.77,513.0
204c0c2d-83e1-4c2d-8c23-673eca70e778,2026-09-24 14:00:00-10,2026-09-24 13:56:00-10,0.46,0.033,88.0,0.77,2026-09-24 13:56:00-10,10.0,72.0,2.1,2.77,513.0
204c0c2d-83e1-4c2d-8c23-673eca70e778,2026-09-24 14:00:00-10,2026-09-24 13:56:00-10,0.47,0.033,88.0,0.64,2026-09-24 13:56:00-10,10.0,72.0,2.1,2.77,513.0
204c0c2d-83e1-4c2d-8c23-673eca70e778,2026-09-24 14:00:00-10,2026-09-24 13:56:00-10,0.48,0.0,92.0,0.66,2026-09-24 13:56:00-10,10.0,72.0,2.1,2.77,513.0
204c0c2d-83e1-4c2d-8c23-673eca70e778,2026-09-24 14:00:00-10,2026-09-24 13:56:00-10,0.49,0.0,76.0,0.72,2026-09-24 13:56:00-10,10.0,72.0,2.1,2.77,513.0
204c0c2d-83e1-4c2d-8c23-673eca70e778,2026-09-24 14:00:00-10,2026-09-24 13:56:00-10,0.5,0.0,68.0,0.57,2026-09-24 13:56:00-10,10.0,72.0,2.1,2.77,513.0
204c0c2d-83e1-4c2d-8c23-673eca70e778,2026-09-24 14:00:00-10,2026-09-24 13:56:00-10,0.51,0.033,68.0,0.69,2026-09-24 13:56:00-10,10.0,72.0,2.1,2.77,513.0
204c0c2d-83e1-4c2d-8c23-673eca70e778,2026-09-24 14:00:00-10,2026-09-24 13:56:00-10,0.52,0.0,68.0,0.62,2026-09-24 13:56:00-10,10.0,72.0,2.1,2.77,513.0
204c0c2d-83e1-4c2d-8c23-673eca70e778,2026-09-24 14:00:00-10,2026-09-24 13:56:00-10,0.53,0.0,80.0,0.71,2026-09-24 13:56:00-10,10.0,72.0,2.1,2.77,513.0
204c0c2d-83e1-4c2d-8c23-673eca70e778,2026-09-24 14:00:00-10,2026-09-24 13:56:00-10,0.54,0.0,88.0,0.63,2026-09-24 13:56:00-10,10.0,72.0,2.1,2.77,513.0
204c0c2d-83e1-4c2d-8c23-673eca70e778,2026-09-24 14:00:00-10,2026-09-24 13:56:00-10,0.55,0.0,72.0,0.69,2026-09-24 13:56:00-10,10.0,72.0,2.1,2.77,513.0
204c0c2d-83e1-4c2d-8c23-673eca70e778,2026-09-24 14:00:00-10,2026-09-24 13:56:00-10,0.56,0.0,84.0,0.61,2026-09-24 13:56:00-10,10.0,72.0,2.1,2.77,513.0
204c0c2d-83e1-4c2d-8c23-673eca70e778,2026-09-24 14:00:00-10,2026-09-24 13:56:00-10,0.57,0.0,76.0,0.56,2026-09-24 13:56:00-10,10.0,72.0,2.1,2.77,513.0
204c0c2d-83e1-4c2d-8c23-673eca70e778,2026-09-24 14:00:00-10,2026-09-24 13:56:00-10,0.58,0.0,100.0,0.52,2026-09-24 13:56:00-10,10.0,72.0,2.1,2.77,513.0
325c55ef-a57f-4aa3-a5ea-ae90665a9dce,,,,,,,2026-09-22 13:56:00-10,11.0,339.0,2.1,2.77,691.0
35476cc4-662f-481d-a407-89f4ba877393,2026-10-01 14:00:00-10,2026-10-01 13:56:00-10,0.025,0.0,56.0,0.13,2026-10-01 13:56:00-10,11.0,41.0,1.3,1.06,215.0
35476cc4-662f-481d-a407-89f4ba877393,2026-10-01 14:00:00-10,2026-10-01 13:56:00-10,0.03,0.0,16.0,0.25,2026-10-01 13:56:00-10,11.0,41.0,1.3,1.06,215.0
35476cc4-662f-481d-a407-89f4ba877393,2026-10-01 14:00:00-10,2026-10-01 13:56:00-10,0.035,0.0,212.0,0.02,2026-10-01 13:56:00-10,11.0,41.0,1.3,1.06,215.0
35476cc4-662f-481d-a407-89f4ba877393,2026-10-01 14:00:00-10,2026-10-01 13:56:00-10,0.04,0.0,32.0,0.09,2026-10-01 13:56:00-10,11.0,41.0,1.3,1.06,215.0
35476cc4-662f-481d-a407-89f4ba877393,2026-10-01 14:00:00-10,2026-10-01 13:56:00-10,0.045,0.0,40.0,0.41,2026-10-01 13:56:00-10,11.0,41.0,1.3,1.06,215.0
35476cc4-662f-481d-a407-89f4ba877393,2026-10-01 14:00:00-10,2026-10-01 13:56:00-10,0.05,0.013,120.0,0.57,2026-10-01 13:56:00-10,11.0,41.0,1.3,1.06,215.0
35476cc4-662f-481d-a407-89f4ba877393,2026-10-01 14:00:00-10,2026-10-01 13:56:00-10,0.055,0.0,292.0,0.22,2026-10-01 13:56:00-10,11.0,41.0,1.3,1.06,215.0
35476cc4-662f-481d-a407-89f4ba877393,2026-10-01 14:00:00-10,2026-10-01 13:56:00-10,0.06,0.013,24.0,0.36,2026-10-01 13:56:00-10,11.0,41.0,1.3,1.06,215.0
35476cc4-662f-481d-a407-89f4ba877393,2026-10-01 14:00:00-10,2026-10-01 13:56:00-10,0.065,0.038,340.0,0.35,2026-10-01 13:56:00-10,11.0,41.0,1.3,1.06,215.0
35476cc4-662f-481d-a407-89f4ba877393,2026-10-01 14:00:00-10,2026-10-01 13:56:00-10,0.07,0.088,96.0,0.34,2026-10-01 13:56:00-10,11.0,41.0,1.3,1.06,215.0
35476cc4-662f-481d-a407-89f4ba877393,2026-10-01 14:00:00-10,2026-10-01 13:56:00-10,0.075,0.277,56.0,0.6,2026-10-01 13:56:00-10,11.0,41.0,1.3,1.06,215.0
35476cc4-662f-481d-a407-89f4ba877393,2026-10-01 14:00:00-10,2026-10-01 13:56:00-10,0.08,0.479,72.0,0.71,2026-10-01 13:56:00-10,11.0,41.0,1.3,1.06,215.0
35476cc4-662f-481d-a407-89f4ba877393,2026-10-01 14:00:00-10,2026-10-01 13:56:00-10,0.085,0.428,36.0,0.42,2026-10-01 13:56:00-10,11.0,41.0,1.3,1.06,215.0
35476cc4-662f-481d-a407-89f4ba877393,2026-10-01 14:00:00-10,2026-10-01 13:56:00-10,0.09,0.441,32.0,0.52,2026-10-01 13:56:00-10,11.0,41.0,1.3,1.06,215.0
35476cc4-662f-481d-a407-89f4ba877393,2026-10-01 14:00:00-10,2026-10-01 13:56:00-10,0.095,0.592,36.0,0.67,2026-10-01 13:56:00-10,11.0,41.0,1.3,1.06,215.0
35476cc4-662f-481d-a407-89f4ba877393,2026-10-01 14:00:00-10,2026-10-01 13:56:00-10,0.101,1.26,56.0,0.83,2026-10-01 13:56:00-10,11.0,41.0,1.3,1.06,215.0
35476cc4-662f-481d-a407-89f4ba877393,2026-10-01 14:00:00-10,2026-10-01 13:56:00-10,0.11,0.731,68.0,0.67,2026-10-01 13:56:00-10,11.0,41.0,1.3,1.06,215.0
35476cc4-662f-481d-a407-89f4ba877393,2026-10-01 14:00:00-10,2026-10-01 13:56:00-10,0.12,1.134,72.0,0.81,2026-10-01 13:56:00-10,11.0,41.0,1.3,1.06,215.0
35476cc4-662f-481d-a407-89f4ba877393,2026-10-01 14:00:00-10,2026-10-01 13:56:00-10,0.13,0.882,72.0,0.86,2026-10-01 13:56:00-10,11.0,41.0,1.3,1.06,215.0
35476cc4-662f-481d-a407-89f4ba877393,2026-10-01 14:00:00-10,2026-10-01 13:56:00-10,0.14,0.378,76.0,0.8,2026-10-01 13:56:00-10,11.0,41.0,1.3,1.06,215.0
35476cc4-662f-481d-a407-89f4ba877393,2026-10-01 14:00:00-10,2026-10-01 13:56:00-10,0.15,0.265,64.0,0.69,2026-10-01 13:56:00-10,11.0,41.0,1.3,1.06,215.0
35476cc4-662f-481d-a407-89f4ba877393,2026-10-01 14:00:00-10,2026-10-01 13:56:00-10,0.16,0.353,72.0,0.79,2026-10-01 13:56:00-10,11.0,41.0,1.3,1.06,215.0
35476cc4-662f-481d-a407-89f4ba877393,2026-10-01 14:00:00-10,2026-10-01 13:56:00-10,0.17,0.277,72.0,0.82,2026-10-01 13:56:00-10,11.0,41.0,1.3,1.06,215.0
35476cc4-662f-481d-a407-89f4ba877393,2026-10-01 14:00:00-10,2026-10-01 13:56:00-10,0.18,0.277,80.0,0.77,2026-10-01 13:56:00-10,11.0,41.0,1.3,1.06,215.0
35476cc4-662f-481d-a407-89f4ba877393,2026-10-01 14:00:00-10,2026-10-01 13:56:00-10,0.19,0.466,80.0,0.85,2026-10-01 13:56:00-10,11.0,41.0,1.3,1.06,215.0
35476cc4-662f-481d-a407-89f4ba877393,2026-10-01 14:00:00-10,2026-10-01 13:56:00-10,0.2,0.34,76.0,0.78,2026-10-01 13:56:00-10,11.0,41.0,1.3,1.06,215.0
35476cc4-662f-481d-a407-89f4ba877393,2026-10-01 14:00:00-10,2026-10-01 13:56:00-10,0.21,0.302,80.0,0.8,2026-10-01 13:56:00-10,11.0,41.0,1.3,1.06,215.0
35476cc4-662f-481d-a407-89f4ba877393,2026-10-01 14:00:00-10,2026-10-01 13:56:00-10,0.22,0.454,84.0,0.86,2026-10-01 13:56:00-10,11.0,41.0,1.3,1.06,215.0
35476cc4-662f-481d-a407-89f4ba877393,2026-10-01 14:00:00-10,2026-10-01 13:56:00-10,0.23,0.328,88.0,0.82,2026-10-01 13:56:00-10,11.0,41.0,1.3,1.06,215.0
35476cc4-662f-481d-a407-89f4ba877393,2026-10-01 14:00:00-10,2026-10-01 13:56:00-10,0.24,0.403,80.0,0.87,2026-10-01 13:56:00-10,11.0,41.0,1.3,1.06,215.0
35476cc4-662f-481d-a407-89f4ba877393,2026-10-01 14:00:00-10,2026-10-01 13:56:00-10,0.25,0.29,88.0,0.85,2026-10-01 13:56:00-10,11.0,41.0,1.3,1.06,215.0
35476cc4-662f-481d-a407-89f4ba877393,2026-10-01 14:00:00-10,2026-10-01 13:56:00-10,0.26,0.353,84.0,0.85,2026-10-01 13:56:00-10,11.0,41.0,1.3,1.06,215.0
35476cc4-662f-481d-a407-89f4ba877393,2026-10-01 14:00:00-10,2026-10-01 13:56:00-10,0.27,0.164,88.0,0.84,2026-10-01 13:56:00-10,11.0,41.0,1.3,1.06,215.0
35476cc4-662f-481d-a407-89f4ba877393,2026-10-01 14:00:00-10,2026-10-01 13:56:00-10,0.28,0.189,92.0,0.89,2026-10-01 13:56:00-10,11.0,41.0,1.3,1.06,215.0
35476cc4-662f-481d-a407-89f4ba877393,2026-10-01 14:00:00-10,2026-10-01 13:56:00-10,0.29,0.189,84.0,0.87,2026-10-01 13:56:00-10,11.0,41.0,1.3,1.06,215.0
35476cc4-662f-481d-a407-89f4ba877393,2026-10-01 14:00:00-10,2026-10-01 13:56:00-10,0.3,0.164,84.0,0.83,2026-10-01 13:56:00-10,11.0,41.0,1.3,1.06,215.0
35476cc4-662f-481d-a407-89f4ba877393,2026-10-01 14:00:00-10,2026-10-01 13:56:00-10,0.31,0.139,88.0,0.85,2026-10-01 13:56:00-10,11.0,41.0,1.3,1.06,215.0
35476cc4-662f-481d-a407-89f4ba877393,2026-10-01 14:00:00-10,2026-10-01 13:56:00-10,0.32,0.113,84.0,0.85,2026-10-01 13:56:00-10,11.0,41.0,1.3,1.06,215.0
35476cc4-662f-481d-a407-89f4ba877393,2026-10-01 14:00:00-10,2026-10-01 13:56:00-10,0.33,0.101,84.0,0.88,2026-10-01 13:56:00-10,11.0,41.0,1.3,1.06,215.0
35476cc4-662f-481d-a407-89f4ba877393,2026-10-01 14:00:00-10,2026-10-01 13:56:00-10,0.34,0.113,92.0,0.91,2026-10-01 13:56:00-10,11.0,41.0,1.3,1.06,215.0
35476cc4-662f-481d-a407-89f4ba877393,2026-10-01 14:00:00-10,2026-10-01 13:56:00-10,0.35,0.101,92.0,0.87,2026-10-01 13:56:00-10,11.0,41.0,1.3,1.06,215.0
35476cc4-662f-481d-a407-89f4ba877393,2026-10-01 14:00:00-10,2026-10-01 13:56:00-10,0.36,0.113,88.0,0.88,2026-10-01 13:56:00-10,11.0,41.0,1.3,1.06,215.0
35476cc4-662f-481d-a407-89f4ba877393,2026-10-01 14:00:00-10,2026-10-01 13:56:00-10,0.37,0.063,84.0,0.86,2026-10-01 13:56:00-10,11.0,41.0,1.3,1.06,215.0
35476cc4-662f-481d-a407-89f4ba877393,2026-10-01 14:00:00-10,2026-10-01 13:56:00-10,0.38,0.063,84.0,0.86,2026-10-01 13:56:00-10,11.0,41.0,1.3,1.06,215.0
35476cc4-662f-481d-a407-89f4ba877393,2026-10-01 14:00:00-10,2026-10-01 13:56:00-10,0.39,0.038,88.0,0.81,2026-10-01 13:56:00-10,11.0,41.0,1.3,1.06,215.0
35476cc4-662f-481d-a407-89f4ba877393,2026-10-01 14:00:00-10,2026-10-01 13:56:00-10,0.4,0.076,100.0,0.88,2026-10-01 13:56:00-10,11.0,41.0,1.3,1.06,215.0
35476cc4-662f-481d-a407-89f4ba877393,2026-10-01 14:00:00-10,2026-10-01 13:56:00-10,0.41,0.025,100.0,0.74,2026-10-01 13:56:00-10,11.0,41.0,1.3,1.06,215.0
35476cc4-662f-481d-a407-89f4ba877393,2026-10-01 14:00:00-10,2026-10-01 13:56:00-10,0.42,0.05,92.0,0.84,2026-10-01 13:56:00-10,11.0,41.0,1.3,1.06,215.0
35476cc4-662f-481d-a407-89f4ba877393,2026-10-01 14:00:00-10,2026-10-01 13:56:00-10,0.43,0.05,96.0,0.84,2026-10-01 13:56:00-10,11.0,41.0,1.3,1.06,215.0
35476cc4-662f-481d-a407-89f4ba877393,2026-10-01 14:00:00-10,2026-10-01 13:56:00-10,0.44,0.038,92.0,0.85,2026-10-01 13:56:00-10,11.0,41.0,1.3,1.06,215.0
35476cc4-662f-481d-a407-89f4ba877393,2026-10-01 14:00:00-10,2026-10-01 13:56:00-10,0.45,0.038,88.0,0.82,2026-10-01 13:56:00-10,11.0,41.0,1.3,1.06,215.0
35476cc4-662f-481d-a407-89f4ba877393,2026-10-01 14:00:00-10,2026-10-01 13:56:00-10,0.46,0.038,84.0,0.86,2026-10-01 13:56:00-10,11.0,41.0,1.3,1.06,215.0
35476cc4-662f-481d-a407-89f4ba877393,2026-10-01 14:00:00-10,2026-10-01 13:56:00-10,0.47,0.038,88.0,0.81,2026-10-01 13:56:00-10,11.0,41.0,1.3,1.06,215.0
35476cc4-662f-481d-a407-89f4ba877393,2026-10-01 14:00:00-10,2026-10-01 13:56:00-10,0.48,0.038,88.0,0.84,2026-10-01 13:56:00-10,11.0,41.0,1.3,1.06,215.0
35476cc4-662f-481d-a407-89f4ba877393,2026-10-01 14:00:00-10,2026-10-01 13:56:00-10,0.49,0.025,100.0,0.82,2026-10-01 13:56:00-10,11.0,41.0,1.3,1.06,215.0
35476cc4-662f-481d-a407-89f4ba877393,2026-10-01 14:00:00-10,2026-10-01 13:56:00-10,0.5,0.025,84.0,0.73,2026-10-01 13:56:00-10,11.0,41.0,1.3,1.06,215.0
35476cc4-662f-481d-a407-89f4ba877393,2026-10-01 14:00:00-10,2026-10-01 13:56:00-10,0.51,0.025,88.0,0.78,2026-10-01 13:56:00-10,11.0,41.0,1.3,1.06,215.0
35476cc4-662f-481d-a407-89f4ba877393,2026-10-01 14:00:00-10,2026-10-01 13:56:00-10,0.52,0.013,84.0,0.7,2026-10-01 13:56:00-10,11.0,41.0,1.3,1.06,215.0
35476cc4-662f-481d-a407-89f4ba877393,2026-10-01 14:00:00-10,2026-10-01 13:56:00-10,0.53,0.025,92.0,0.73,2026-10-01 13:56:00-10,11.0,41.0,1.3,1.06,215.0
35476cc4-662f-481d-a407-89f4ba877393,2026-10-01 14:00:00-10,2026-10-01 13:56:00-10,0.54,0.025,96.0,0.69,2026-10-01 13:56:00-10,11.0,41.0,1.3,1.06,215.0
35476cc4-662f-481d-a407-89f4ba877393,2026-10-01 14:00:00-10,2026-10-01 13:56:00-10,0.55,0.013,88.0,0.73,2026-10-01 13:56:00-10,11.0,41.0,1.3,1.06,215.0
35476cc4-662f-481d-a407-89f4ba877393,2026-10-01 14:00:00-10,2026-10-01 13:56:00-10,0.56,0.025,96.0,0.71,2026-10-01 13:56:00-10,11.0,41.0,1.3,1.06,215.0
35476cc4-662f-481d-a407-89f4ba877393,2026-10-01 14:00:00-10,2026-10-01 13:56:00-10,0.57,0.013,88.0,0.76,2026-10-01 13:56:00-10,11.0,41.0,1.3,1.06,215.0
35476cc4-662f-481d-a407-89f4ba877393,2026-10-01 14:00:00-10,2026-10-01 13:56:00-10,0.58,0.025,84.0,0.76,2026-10-01 13:56:00-10,11.0,41.0,1.3,1.06,215.0
379250d3-85c9-4d03-bfe7-a651bc688867,2026-08-13 15:00:00-10,2026-08-13 14:56:00-10,0.025,0.0,64.0,0.24,2026-08-13 14:26:00-10,9.0,100.0,1.8,2.04,346.0
379250d3-85c9-4d03-bfe7-a651bc688867,2026-08-13 15:00:00-10,2026-08-13 14:56:00-10,0.03,0.0,76.0,0.23,2026-08-13 14:26:00-10,9.0,100.0,1.8,2.04,346.0
379250d3-85c9-4d03-bfe7-a651bc688867,2026-08-13 15:00:00-10,2026-08-13 14:56:00-10,0.035,0.0,104.0,0.43,2026-08-13 14:26:00-10,9.0,100.0,1.8,2.04,346.0
379250d3-85c9-4d03-bfe7-a651bc688867,2026-08-13 15:00:00-10,2026-08-13 14:56:00-10,0.04,0.0,116.0,0.06,2026-08-13 14:26:00-10,9.0,100.0,1.8,2.04,346.0
379250d3-85c9-4d03-bfe7-a651bc688867,2026-08-13 15:00:00-10,2026-08-13 14:56:00-10,0.045,0.0,80.0,0.56,2026-08-13 14:26:00-10,9.0,100.0,1.8,2.04,346.0
379250d3-85c9-4d03-bfe7-a651bc688867,2026-08-13 15:00:00-10,2026-08-13 14:56:00-10,0.05,0.0,60.0,0.22,2026-08-13 14:26:00-10,9.0,100.0,1.8,2.04,346.0
379250d3-85c9-4d03-bfe7-a651bc688867,2026-08-13 15:00:00-10,2026-08-13 14:56:00-10,0.055,0.0,268.0,0.06,2026-08-13 14:26:00-10,9.0,100.0,1.8,2.04,346.0
379250d3-85c9-4d03-bfe7-a651bc688867,2026-08-13 15:00:00-10,2026-08-13 14:56:00-10,0.06,0.028,356.0,0.19,2026-08-13 14:26:00-10,9.0,100.0,1.8,2.04,346.0
379250d3-85c9-4d03-bfe7-a651bc688867,2026-08-13 15:00:00-10,2026-08-13 14:56:00-10,0.065,0.0,28.0,0.15,2026-08-13 14:26:00-10,9.0,100.0,1.8,2.04,346.0
379250d3-85c9-4d03-bfe7-a651bc688867,2026-08-13 15:00:00-10,2026-08-13 14:56:00-10,0.07,0.028,68.0,0.2,2026-08-13 14:26:00-10,9.0,100.0,1.8,2.04,346.0
379250d3-85c9-4d03-bfe7-a651bc688867,2026-08-13 15:00:00-10,2026-08-13 14:56:00-10,0.075,0.028,80.0,0.17,2026-08-13 14:26:00-10,9.0,100.0,1.8,2.04,346.0
379250d3-85c9-4d03-bfe7-a651bc688867,2026-08-13 15:00:00-10,2026-08-13 14:56:00-10,0.08,0.114,4.0,0.18,2026-08-13 14:26:00-10,9.0,100.0,1.8,2.04,346.0
379250d3-85c9-4d03-bfe7-a651bc688867,2026-08-13 15:00:00-10,2026-08-13 14:56:00-10,0.085,0.199,108.0,0.56,2026-08-13 14:26:00-10,9.0,100.0,1.8,2.04,346.0
379250d3-85c9-4d03-bfe7-a651bc688867,2026-08-13 15:00:00-10,2026-08-13 14:56:00-10,0.09,0.142,100.0,0.71,2026-08-13 14:26:00-10,9.0,100.0,1.8,2.04,346.0
379250d3-85c9-4d03-bfe7-a651bc688867,2026-08-13 15:00:00-10,2026-08-13 14:56:00-10,0.095,0.142,84.0,0.58,2026-08-13 14:26:00-10,9.0,100.0,1.8,2.04,346.0
379250d3-85c9-4d03-bfe7-a651bc688867,2026-08-13 15:00:00-10,2026-08-13 14:56:00-10,0.101,0.541,116.0,0.81,2026-08-13 14:26:00-10,9.0,100.0,1.8,2.04,346.0
379250d3-85c9-4d03-bfe7-a651bc688867,2026-08-13 15:00:00-10,2026-08-13 14:56:00-10,0.11,2.679,96.0,0.89,2026-08-13 14:26:00-10,9.0,100.0,1.8,2.04,346.0
379250d3-85c9-4d03-bfe7-a651bc688867,2026-08-13 15:00:00-10,2026-08-13 14:56:00-10,0.12,2.85,96.0,0.88,2026-08-13 14:26:00-10,9.0,100.0,1.8,2.04,346.0
379250d3-85c9-4d03-bfe7-a651bc688867,2026-08-13 15:00:00-10,2026-08-13 14:56:00-10,0.13,1.396,84.0,0.82,2026-08-13 14:26:00-10,9.0,100.0,1.8,2.04,346.0
379250d3-85c9-4d03-bfe7-a651bc688867,2026-08-13 15:00:00-10,2026-08-13 14:56:00-10,0.14,1.51,88.0,0.85,2026-08-13 14:26:00-10,9.0,100.0,1.8,2.04,346.0
379250d3-85c9-4d03-bfe7-a651bc688867,2026-08-13 15:00:00-10,2026-08-13 14:56:00-10,0.15,1.254,84.0,0.85,2026-08-13 14:26:00-10,9.0,100.0,1.8,2.04,346.0
379250d3-85c9-4d03-bfe7-a651bc688867,2026-08-13 15:00:00-10,2026-08-13 14:56:00-10,0.16,1.453,80.0,0.86,2026-08-13 14:26:00-10,9.0,100.0,1.8,2.04,346.0
379250d3-85c9-4d03-bfe7-a651bc688867,2026-08-13 15:00:00-10,2026-08-13 14:56:00-10,0.17,1.282,72.0,0.8,2026-08-13 14:26:00-10,9.0,100.0,1.8,2.04,346.0
379250d3-85c9-4d03-bfe7-a651bc688867,2026-08-13 15:00:00-10,2026-08-13 14:56:00-10,0.18,0.855,72.0,0.82,2026-08-13 14:26:00-10,9.0,100.0,1.8,2.04,346.0
379250d3-85c9-4d03-bfe7-a651bc688867,2026-08-13 15:00:00-10,2026-08-13 14:56:00-10,0.19,0.826,68.0,0.82,2026-08-13 14:26:00-10,9.0,100.0,1.8,2.04,346.0
379250d3-85c9-4d03-bfe7-a651bc688867,2026-08-13 15:00:00-10,2026-08-13 14:56:00-10,0.2,0.427,68.0,0.79,2026-08-13 14:26:00-10,9.0,100.0,1.8,2.04,346.0
379250d3-85c9-4d03-bfe7-a651bc688867,2026-08-13 15:00:00-10,2026-08-13 14:56:00-10,0.21,0.484,72.0,0.82,2026-08-13 14:26:00-10,9.0,100.0,1.8,2.04,346.0
379250d3-85c9-4d03-bfe7-a651bc688867,2026-08-13 15:00:00-10,2026-08-13 14:56:00-10,0.22,0.37,68.0,0.83,2026-08-13 14:26:00-10,9.0,100.0,1.8,2.04,346.0
379250d3-85c9-4d03-bfe7-a651bc688867,2026-08-13 15:00:00-10,2026-08-13 14:56:00-10,0.23,0.342,60.0,0.81,2026-08-13 14:26:00-10,9.0,100.0,1.8,2.04,346.0
379250d3-85c9-4d03-bfe7-a651bc688867,2026-08-13 15:00:00-10,2026-08-13 14:56:00-10,0.24,0.313,68.0,0.78,2026-08-13 14:26:00-10,9.0,100.0,1.8,2.04,346.0
379250d3-85c9-4d03-bfe7-a651bc688867,2026-08-13 15:00:00-10,2026-08-13 14:56:00-10,0.25,0.342,68.0,0.85,2026-08-13 14:26:00-10,9.0,100.0,1.8,2.04,346.0
379250d3-85c9-4d03-bfe7-a651bc688867,2026-08-13 15:00:00-10,2026-08-13 14:56:00-10,0.26,0.228,68.0,0.79,2026-08-13 14:26:00-10,9.0,100.0,1.8,2.04,346.0
379250d3-85c9-4d03-bfe7-a651bc688867,2026-08-13 15:00:00-10,2026-08-13 14:56:00-10,0.27,0.142,60.0,0.77,2026-08-13 14:26:00-10,9.0,100.0,1.8,2.04,346.0
379250d3-85c9-4d03-bfe7-a651bc688867,2026-08-13 15:00:00-10,2026-08-13 14:56:00-10,0.28,0.171,60.0,0.72,2026-08-13 14:26:00-10,9.0,100.0,1.8,2.04,346.0
379250d3-85c9-4d03-bfe7-a651bc688867,2026-08-13 15:00:00-10,2026-08-13 14:56:00-10,0.29,0.199,60.0,0.81,2026-08-13 14:26:00-10,9.0,100.0,1.8,2.04,346.0
379250d3-85c9-4d03-bfe7-a651bc688867,2026-08-13 15:00:00-10,2026-08-13 14:56:00-10,0.3,0.142,64.0,0.84,2026-08-13 14:26:00-10,9.0,100.0,1.8,2.04,346.0
379250d3-85c9-4d03-bfe7-a651bc688867,2026-08-13 15:00:00-10,2026-08-13 14:56:00-10,0.31,0.114,68.0,0.76,2026-08-13 14:26:00-10,9.0,100.0,1.8,2.04,346.0
379250d3-85c9-4d03-bfe7-a651bc688867,2026-08-13 15:00:00-10,2026-08-13 14:56:00-10,0.32,0.171,72.0,0.85,2026-08-13 14:26:00-10,9.0,100.0,1.8,2.04,346.0
379250d3-85c9-4d03-bfe7-a651bc688867,2026-08-13 15:00:00-10,2026-08-13 14:56:00-10,0.33,0.085,64.0,0.83,2026-08-13 14:26:00-10,9.0,100.0,1.8,2.04,346.0
379250d3-85c9-4d03-bfe7-a651bc688867,2026-08-13 15:00:00-10,2026-08-13 14:56:00-10,0.34,0.114,68.0,0.84,2026-08-13 14:26:00-10,9.0,100.0,1.8,2.04,346.0
379250d3-85c9-4d03-bfe7-a651bc688867,2026-08-13 15:00:00-10,2026-08-13 14:56:00-10,0.35,0.085,64.0,0.81,2026-08-13 14:26:00-10,9.0,100.0,1.8,2.04,346.0
379250d3-85c9-4d03-bfe7-a651bc688867,2026-08-13 15:00:00-10,2026-08-13 14:56:00-10,0.36,0.057,72.0,0.8,2026-08-13 14:26:00-10,9.0,100.0,1.8,2.04,346.0
379250d3-85c9-4d03-bfe7-a651bc688867,2026-08-13 15:00:00-10,2026-08-13 14:56:00-10,0.37,0.028,72.0,0.78,2026-08-13 14:26:00-10,9.0,100.0,1.8,2.04,346.0
379250d3-85c9-4d03-bfe7-a651bc688867,2026-08-13 15:00:00-10,2026-08-13 14:56:00-10,0.38,0.028,60.0,0.69,2026-08-13 14:26:00-10,9.0,100.0,1.8,2.04,346.0
379250d3-85c9-4d03-bfe7-a651bc688867,2026-08-13 15:00:00-10,2026-08-13 14:56:00-10,0.39,0.057,68.0,0.76,2026-08-13 14:26:00-10,9.0,100.0,1.8,2.04,346.0
379250d3-85c9-4d03-bfe7-a651bc688867,2026-08-13 15:00:00-10,2026-08-13 14:56:00-10,0.4,0.028,80.0,0.72,2026-08-13 14:26:00-10,9.0,100.0,1.8,2.04,346.0
379250d3-85c9-4d03-bfe7-a651bc688867,2026-08-13 15:00:00-10,2026-08-13 14:56:00-10,0.41,0.057,60.0,0.75,2026-08-13 14:26:00-10,9.0,100.0,1.8,2.04,346.0
379250d3-85c9-4d03-bfe7-a651bc688867,2026-08-13 15:00:00-10,2026-08-13 14:56:00-10,0.42,0.0,72.0,0.7,2026-08-13 14:26:00-10,9.0,100.0,1.8,2.04,346.0
379250d3-85c9-4d03-bfe7-a651bc688867,2026-08-13 15:00:00-10,2026-08-13 14:56:00-10,0.43,0.0,60.0,0.67,2026-08-13 14:26:00-10,9.0,100.0,1.8,2.04,346.0
379250d3-85c9-4d03-bfe7-a651bc688867,2026-08-13 15:00:00-10,2026-08-13 14:56:00-10,0.44,0.028,60.0,0.7,2026-08-13 14:26:00-10,9.0,100.0,1.8,2.04,346.0
379250d3-85c9-4d03-bfe7-a651bc688867,2026-08-13 15:00:00-10,2026-08-13 14:56:00-10,0.45,0.028,72.0,0.7,2026-08-13 14:26:00-10,9.0,100.0,1.8,2.04,346.0
379250d3-85c9-4d03-bfe7-a651bc688867,2026-08-13 15:00:00-10,2026-08-13 14:56:00-10,0.46,0.028,60.0,0.78,2026-08-13 14:26:00-10,9.0,100.0,1.8,2.04,346.0
379250d3-85c9-4d03-bfe7-a651bc688867,2026-08-13 15:00:00-10,2026-08-13 14:56:00-10,0.47,0.0,68.0,0.63,2026-08-13 14:26:00-10,9.0,100.0,1.8,2.04,346.0
379250d3-85c9-4d03-bfe7-a651bc688867,2026-08-13 15:00:00-10,2026-08-13 14:56:00-10,0.48,0.0,88.0,0.63,2026-08-13 14:26:00-10,9.0,100.0,1.8,2.04,346.0
379250d3-85c9-4d03-bfe7-a651bc688867,2026-08-13 15:00:00-10,2026-08-13 14:56:00-10,0.49,0.0,72.0,0.62,2026-08-13 14:26:00-10,9.0,100.0,1.8,2.04,346.0
379250d3-85c9-4d03-bfe7-a651bc688867,2026-08-13 15:00:00-10,2026-08-13 14:56:00-10,0.5,0.0,64.0,0.71,2026-08-13 14:26:00-10,9.0,100.0,1.8,2.04,346.0
379250d3-85c9-4d03-bfe7-a651bc688867,2026-08-13 15:00:00-10,2026-08-13 14:56:00-10,0.51,0.0,72.0,0.68,2026-08-13 14:26:00-10,9.0,100.0,1.8,2.04,346.0
379250d3-85c9-4d03-bfe7-a651bc688867,2026-08-13 15:00:00-10,2026-08-13 14:56:00-10,0.52,0.0,68.0,0.72,2026-08-13 14:26:00-10,9.0,100.0,1.8,2.04,346.0
379250d3-85c9-4d03-bfe7-a651bc688867,2026-08-13 15:00:00-10,2026-08-13 14:56:00-10,0.53,0.0,72.0,0.78,2026-08-13 14:26:00-10,9.0,100.0,1.8,2.04,346.0
379250d3-85c9-4d03-bfe7-a651bc688867,2026-08-13 15:00:00-10,2026-08-13 14:56:00-10,0.54,0.0,68.0,0.63,2026-08-13 14:26:00-10,9.0,100.0,1.8,2.04,346.0
379250d3-85c9-4d03-bfe7-a651bc688867,2026-08-13 15:00:00-10,2026-08-13 14:56:00-10,0.55,0.0,68.0,0.58,2026-08-13 14:26:00-10,9.0,100.0,1.8,2.04,346.0
379250d3-85c9-4d03-bfe7-a651bc688867,2026-08-13 15:00:00-10,2026-08-13 14:56:00-10,0.56,0.0,72.0,0.57,2026-08-13 14:26:00-10,9.0,100.0,1.8,2.04,346.0
379250d3-85c9-4d03-bfe7-a651bc688867,2026-08-13 15:00:00-10,2026-08-13 14:56:00-10,0.57,0.0,64.0,0.61,2026-08-13 14:26:00-10,9.0,100.0,1.8,2.04,346.0
379250d3-85c9-4d03-bfe7-a651bc688867,2026-08-13 15:00:00-10,2026-08-13 14:56:00-10,0.58,0.0,56.0,0.62,2026-08-13 14:26:00-10,9.0,100.0,1.8,2.04,346.0
5842316f-3e3e-448b-8ada-12bac255c2c8,2026-08-09 14:00:00-10,2026-08-09 13:56:00-10,0.025,0.0,52.0,0.67,2026-08-09 13:56:00-10,8.0,82.0,1.8,2.04,309.0
5842316f-3e3e-448b-8ada-12bac255c2c8,2026-08-09 14:00:00-10,2026-08-09 13:56:00-10,0.03,0.0,40.0,0.67,2026-08-09 13:56:00-10,8.0,82.0,1.8,2.04,309.0
5842316f-3e3e-448b-8ada-12bac255c2c8,2026-08-09 14:00:00-10,2026-08-09 13:56:00-10,0.035,0.0,40.0,0.39,2026-08-09 13:56:00-10,8.0,82.0,1.8,2.04,309.0
5842316f-3e3e-448b-8ada-12bac255c2c8,2026-08-09 14:00:00-10,2026-08-09 13:56:00-10,0.04,0.0,56.0,0.58,2026-08-09 13:56:00-10,8.0,82.0,1.8,2.04,309.0
5842316f-3e3e-448b-8ada-12bac255c2c8,2026-08-09 14:00:00-10,2026-08-09 13:56:00-10,0.045,0.0,76.0,0.6,2026-08-09 13:56:00-10,8.0,82.0,1.8,2.04,309.0
5842316f-3e3e-448b-8ada-12bac255c2c8,2026-08-09 14:00:00-10,2026-08-09 13:56:00-10,0.05,0.0,32.0,0.65,2026-08-09 13:56:00-10,8.0,82.0,1.8,2.04,309.0
5842316f-3e3e-448b-8ada-12bac255c2c8,2026-08-09 14:00:00-10,2026-08-09 13:56:00-10,0.055,0.0,44.0,0.17,2026-08-09 13:56:00-10,8.0,82.0,1.8,2.04,309.0
5842316f-3e3e-448b-8ada-12bac255c2c8,2026-08-09 14:00:00-10,2026-08-09 13:56:00-10,0.06,0.0,60.0,0.47,2026-08-09 13:56:00-10,8.0,82.0,1.8,2.04,309.0
5842316f-3e3e-448b-8ada-12bac255c2c8,2026-08-09 14:00:00-10,2026-08-09 13:56:00-10,0.065,0.0,20.0,0.11,2026-08-09 13:56:00-10,8.0,82.0,1.8,2.04,309.0
5842316f-3e3e-448b-8ada-12bac255c2c8,2026-08-09 14:00:00-10,2026-08-09 13:56:00-10,0.07,0.0,20.0,0.31,2026-08-09 13:56:00-10,8.0,82.0,1.8,2.04,309.0
5842316f-3e3e-448b-8ada-12bac255c2c8,2026-08-09 14:00:00-10,2026-08-09 13:56:00-10,0.075,0.032,340.0,0.34,2026-08-09 13:56:00-10,8.0,82.0,1.8,2.04,309.0
5842316f-3e3e-448b-8ada-12bac255c2c8,2026-08-09 14:00:00-10,2026-08-09 13:56:00-10,0.08,0.064,352.0,0.29,2026-08-09 13:56:00-10,8.0,82.0,1.8,2.04,309.0
5842316f-3e3e-448b-8ada-12bac255c2c8,2026-08-09 14:00:00-10,2026-08-09 13:56:00-10,0.085,0.321,344.0,0.79,2026-08-09 13:56:00-10,8.0,82.0,1.8,2.04,309.0
5842316f-3e3e-448b-8ada-12bac255c2c8,2026-08-09 14:00:00-10,2026-08-09 13:56:00-10,0.09,0.064,24.0,0.29,2026-08-09 13:56:00-10,8.0,82.0,1.8,2.04,309.0
5842316f-3e3e-448b-8ada-12bac255c2c8,2026-08-09 14:00:00-10,2026-08-09 13:56:00-10,0.095,0.353,76.0,0.77,2026-08-09 13:56:00-10,8.0,82.0,1.8,2.04,309.0
5842316f-3e3e-448b-8ada-12bac255c2c8,2026-08-09 14:00:00-10,2026-08-09 13:56:00-10,0.101,0.738,88.0,0.75,2026-08-09 13:56:00-10,8.0,82.0,1.8,2.04,309.0
5842316f-3e3e-448b-8ada-12bac255c2c8,2026-08-09 14:00:00-10,2026-08-09 13:56:00-10,0.11,1.926,76.0,0.85,2026-08-09 13:56:00-10,8.0,82.0,1.8,2.04,309.0
5842316f-3e3e-448b-8ada-12bac255c2c8,2026-08-09 14:00:00-10,2026-08-09 13:56:00-10,0.12,3.21,80.0,0.9,2026-08-09 13:56:00-10,8.0,82.0,1.8,2.04,309.0
5842316f-3e3e-448b-8ada-12bac255c2c8,2026-08-09 14:00:00-10,2026-08-09 13:56:00-10,0.13,2.6,80.0,0.92,2026-08-09 13:56:00-10,8.0,82.0,1.8,2.04,309.0
5842316f-3e3e-448b-8ada-12bac255c2c8,2026-08-09 14:00:00-10,2026-08-09 13:56:00-10,0.14,1.541,80.0,0.86,2026-08-09 13:56:00-10,8.0,82.0,1.8,2.04,309.0
5842316f-3e3e-448b-8ada-12bac255c2c8,2026-08-09 14:00:00-10,2026-08-09 13:56:00-10,0.15,1.059,72.0,0.88,2026-08-09 13:56:00-10,8.0,82.0,1.8,2.04,309.0
5842316f-3e3e-448b-8ada-12bac255c2c8,2026-08-09 14:00:00-10,2026-08-09 13:56:00-10,0.16,0.835,72.0,0.85,2026-08-09 13:56:00-10,8.0,82.0,1.8,2.04,309.0
5842316f-3e3e-448b-8ada-12bac255c2c8,2026-08-09 14:00:00-10,2026-08-09 13:56:00-10,0.17,0.481,64.0,0.79,2026-08-09 13:56:00-10,8.0,82.0,1.8,2.04,309.0
5842316f-3e3e-448b-8ada-12bac255c2c8,2026-08-09 14:00:00-10,2026-08-09 13:56:00-10,0.18,0.61,68.0,0.79,2026-08-09 13:56:00-10,8.0,82.0,1.8,2.04,309.0
5842316f-3e3e-448b-8ada-12bac255c2c8,2026-08-09 14:00:00-10,2026-08-09 13:56:00-10,0.19,0.353,76.0,0.71,2026-08-09 13:56:00-10,8.0,82.0,1.8,2.04,309.0
5842316f-3e3e-448b-8ada-12bac255c2c8,2026-08-09 14:00:00-10,2026-08-09 13:56:00-10,0.2,0.481,76.0,0.79,2026-08-09 13:56:00-10,8.0,82.0,1.8,2.04,309.0
5842316f-3e3e-448b-8ada-12bac255c2c8,2026-08-09 14:00:00-10,2026-08-09 13:56:00-10,0.21,0.481,68.0,0.79,2026-08-09 13:56:00-10,8.0,82.0,1.8,2.04,309.0
5842316f-3e3e-448b-8ada-12bac255c2c8,2026-08-09 14:00:00-10,2026-08-09 13:56:00-10,0.22,0.449,68.0,0.78,2026-08-09 13:56:00-10,8.0,82.0,1.8,2.04,309.0
5842316f-3e3e-448b-8ada-12bac255c2c8,2026-08-09 14:00:00-10,2026-08-09 13:56:00-10,0.23,0.385,84.0,0.83,2026-08-09 13:56:00-10,8.0,82.0,1.8,2.04,309.0
5842316f-3e3e-448b-8ada-12bac255c2c8,2026-08-09 14:00:00-10,2026-08-09 13:56:00-10,0.24,0.385,72.0,0.86,2026-08-09 13:56:00-10,8.0,82.0,1.8,2.04,309.0
5842316f-3e3e-448b-8ada-12bac255c2c8,2026-08-09 14:00:00-10,2026-08-09 13:56:00-10,0.25,0.225,72.0,0.74,2026-08-09 13:56:00-10,8.0,82.0,1.8,2.04,309.0
5842316f-3e3e-448b-8ada-12bac255c2c8,2026-08-09 14:00:00-10,2026-08-09 13:56:00-10,0.26,0.225,72.0,0.78,2026-08-09 13:56:00-10,8.0,82.0,1.8,2.04,309.0
5842316f-3e3e-448b-8ada-12bac255c2c8,2026-08-09 14:00:00-10,2026-08-09 13:56:00-10,0.27,0.289,68.0,0.76,2026-08-09 13:56:00-10,8.0,82.0,1.8,2.04,309.0
5842316f-3e3e-448b-8ada-12bac255c2c8,2026-08-09 14:00:00-10,2026-08-09 13:56:00-10,0.28,0.257,76.0,0.79,2026-08-09 13:56:00-10,8.0,82.0,1.8,2.04,309.0
5842316f-3e3e-448b-8ada-12bac255c2c8,2026-08-09 14:00:00-10,2026-08-09 13:56:00-10,0.29,0.193,72.0,0.8,2026-08-09 13:56:00-10,8.0,82.0,1.8,2.04,309.0
5842316f-3e3e-448b-8ada-12bac255c2c8,2026-08-09 14:00:00-10,2026-08-09 13:56:00-10,0.3,0.193,68.0,0.76,2026-08-09 13:56:00-10,8.0,82.0,1.8,2.04,309.0
5842316f-3e3e-448b-8ada-12bac255c2c8,2026-08-09 14:00:00-10,2026-08-09 13:56:00-10,0.31,0.225,68.0,0.8,2026-08-09 13:56:00-10,8.0,82.0,1.8,2.04,309.0
5842316f-3e3e-448b-8ada-12bac255c2c8,2026-08-09 14:00:00-10,2026-08-09 13:56:00-10,0.32,0.161,64.0,0.85,2026-08-09 13:56:00-10,8.0,82.0,1.8,2.04,309.0
5842316f-3e3e-448b-8ada-12bac255c2c8,2026-08-09 14:00:00-10,2026-08-09 13:56:00-10,0.33,0.096,64.0,0.76,2026-08-09 13:56:00-10,8.0,82.0,1.8,2.04,309.0
5842316f-3e3e-448b-8ada-12bac255c2c8,2026-08-09 14:00:00-10,2026-08-09 13:56:00-10,0.34,0.064,72.0,0.74,2026-08-09 13:56:00-10,8.0,82.0,1.8,2.04,309.0
5842316f-3e3e-448b-8ada-12bac255c2c8,2026-08-09 14:00:00-10,2026-08-09 13:56:00-10,0.35,0.096,80.0,0.77,2026-08-09 13:56:00-10,8.0,82.0,1.8,2.04,309.0
5842316f-3e3e-448b-8ada-12bac255c2c8,2026-08-09 14:00:00-10,2026-08-09 13:56:00-10,0.36,0.096,76.0,0.8,2026-08-09 13:56:00-10,8.0,82.0,1.8,2.04,309.0
5842316f-3e3e-448b-8ada-12bac255c2c8,2026-08-09 14:00:00-10,2026-08-09 13:56:00-10,0.37,0.064,64.0,0.72,2026-08-09 13:56:00-10,8.0,82.0,1.8,2.04,309.0
5842316f-3e3e-448b-8ada-12bac255c2c8,2026-08-09 14:00:00-10,2026-08-09 13:56:00-10,0.38,0.032,64.0,0.69,2026-08-09 13:56:00-10,8.0,82.0,1.8,2.04,309.0
5842316f-3e3e-448b-8ada-12bac255c2c8,2026-08-09 14:00:00-10,2026-08-09 13:56:00-10,0.39,0.032,64.0,0.73,2026-08-09 13:56:00-10,8.0,82.0,1.8,2.04,309.0
5842316f-3e3e-448b-8ada-12bac255c2c8,2026-08-09 14:00:00-10,2026-08-09 13:56:00-10,0.4,0.032,84.0,0.68,2026-08-09 13:56:00-10,8.0,82.0,1.8,2.04,309.0
5842316f-3e3e-448b-8ada-12bac255c2c8,2026-08-09 14:00:00-10,2026-08-09 13:56:00-10,0.41,0.032,84.0,0.75,2026-08-09 13:56:00-10,8.0,82.0,1.8,2.04,309.0
5842316f-3e3e-448b-8ada-12bac255c2c8,2026-08-09 14:00:00-10,2026-08-09 13:56:00-10,0.42,0.032,72.0,0.7,2026-08-09 13:56:00-10,8.0,82.0,1.8,2.04,309.0
5842316f-3e3e-448b-8ada-12bac255c2c8,2026-08-09 14:00:00-10,2026-08-09 13:56:00-10,0.43,0.032,72.0,0.72,2026-08-09 13:56:00-10,8.0,82.0,1.8,2.04,309.0
5842316f-3e3e-448b-8ada-12bac255c2c8,2026-08-09 14:00:00-10,2026-08-09 13:56:00-10,0.44,0.032,88.0,0.71,2026-08-09 13:56:00-10,8.0,82.0,1.8,2.04,309.0
5842316f-3e3e-448b-8ada-12bac255c2c8,2026-08-09 14:00:00-10,2026-08-09 13:56:00-10,0.45,0.032,72.0,0.79,2026-08-09 13:56:00-10,8.0,82.0,1.8,2.04,309.0
5842316f-3e3e-448b-8ada-12bac255c2c8,2026-08-09 14:00:00-10,2026-08-09 13:56:00-10,0.46,0.032,68.0,0.74,2026-08-09 13:56:00-10,8.0,82.0,1.8,2.04,309.0
5842316f-3e3e-448b-8ada-12bac255c2c8,2026-08-09 14:00:00-10,2026-08-09 13:56:00-10,0.47,0.032,64.0,0.77,2026-08-09 13:56:00-10,8.0,82.0,1.8,2.04,309.0
5842316f-3e3e-448b-8ada-12bac255c2c8,2026-08-09 14:00:00-10,2026-08-09 13:56:00-10,0.48,0.032,64.0,0.75,2026-08-09 13:56:00-10,8.0,82.0,1.8,2.04,309.0
5842316f-3e3e-448b-8ada-12bac255c2c8,2026-08-09 14:00:00-10,2026-08-09 13:56:00-10,0.49,0.0,72.0,0.71,2026-08-09 13:56:00-10,8.0,82.0,1.8,2.04,309.0
5842316f-3e3e-448b-8ada-12bac255c2c8,2026-08-09 14:00:00-10,2026-08-09 13:56:00-10,0.5,0.0,68.0,0.62,2026-08-09 13:56:00-10,8.0,82.0,1.8,2.04,309.0
5842316f-3e3e-448b-8ada-12bac255c2c8,2026-08-09 14:00:00-10,2026-08-09 13:56:00-10,0.51,0.0,48.0,0.63,2026-08-09 13:56:00-10,8.0,82.0,1.8,2.04,309.0
5842316f-3e3e-448b-8ada-12bac255c2c8,2026-08-09 14:00:00-10,2026-08-09 13:56:00-10,0.52,0.0,76.0,0.66,2026-08-09 13:56:00-10,8.0,82.0,1.8,2.04,309.0
5842316f-3e3e-448b-8ada-12bac255c2c8,2026-08-09 14:00:00-10,2026-08-09 13:56:00-10,0.53,0.0,64.0,0.68,2026-08-09 13:56:00-10,8.0,82.0,1.8,2.04,309.0
5842316f-3e3e-448b-8ada-12bac255c2c8,2026-08-09 14:00:00-10,2026-08-09 13:56:00-10,0.54,0.0,64.0,0.51,2026-08-09 13:56:00-10,8.0,82.0,1.8,2.04,309.0
5842316f-3e3e-448b-8ada-12bac255c2c8,2026-08-09 14:00:00-10,2026-08-09 13:56:00-10,0.55,0.0,64.0,0.55,2026-08-09 13:56:00-10,8.0,82.0,1.8,2.04,309.0
5842316f-3e3e-448b-8ada-12bac255c2c8,2026-08-09 14:00:00-10,2026-08-09 13:56:00-10,0.56,0.0,84.0,0.55,2026-08-09 13:56:00-10,8.0,82.0,1.8,2.04,309.0
5842316f-3e3e-448b-8ada-12bac255c2c8,2026-08-09 14:00:00-10,2026-08-09 13:56:00-10,0.57,0.0,72.0,0.61,2026-08-09 13:56:00-10,8.0,82.0,1.8,2.04,309.0
5842316f-3e3e-448b-8ada-12bac255c2c8,2026-08-09 14:00:00-10,2026-08-09 13:56:00-10,0.58,0.0,72.0,0.72,2026-08-09 13:56:00-10,8.0,82.0,1.8,2.04,309.0
5914d684-23ca-4606-93a6-645711ac1bd6,2026-10-06 14:00:00-10,2026-10-06 13:56:00-10,0.025,0.0,348.0,0.26,2026-10-06 13:56:00-10,11.0,334.0,1.4,1.23,373.0
5914d684-23ca-4606-93a6-645711ac1bd6,2026-10-06 14:00:00-10,2026-10-06 13:56:00-10,0.03,0.0,24.0,0.13,2026-10-06 13:56:00-10,11.0,334.0,1.4,1.23,373.0
5914d684-23ca-4606-93a6-645711ac1bd6,2026-10-06 14:00:00-10,2026-10-06 13:56:00-10,0.035,0.0,68.0,0.47,2026-10-06 13:56:00-10,11.0,334.0,1.4,1.23,373.0
5914d684-23ca-4606-93a6-645711ac1bd6,2026-10-06 14:00:00-10,2026-10-06 13:56:00-10,0.04,0.0,4.0,0.15,2026-10-06 13:56:00-10,11.0,334.0,1.4,1.23,373.0
5914d684-23ca-4606-93a6-645711ac1bd6,2026-10-06 14:00:00-10,2026-10-06 13:56:00-10,0.045,0.063,348.0,0.43,2026-10-06 13:56:00-10,11.0,334.0,1.4,1.23,373.0
5914d684-23ca-4606-93a6-645711ac1bd6,2026-10-06 14:00:00-10,2026-10-06 13:56:00-10,0.05,0.879,344.0,0.72,2026-10-06 13:56:00-10,11.0,334.0,1.4,1.23,373.0
5914d684-23ca-4606-93a6-645711ac1bd6,2026-10-06 14:00:00-10,2026-10-06 13:56:00-10,0.055,0.549,332.0,0.74,2026-10-06 13:56:00-10,11.0,334.0,1.4,1.23,373.0
5914d684-23ca-4606-93a6-645711ac1bd6,2026-10-06 14:00:00-10,2026-10-06 13:56:00-10,0.06,0.063,324.0,0.61,2026-10-06 13:56:00-10,11.0,334.0,1.4,1.23,373.0
5914d684-23ca-4606-93a6-645711ac1bd6,2026-10-06 14:00:00-10,2026-10-06 13:56:00-10,0.065,0.094,40.0,0.23,2026-10-06 13:56:00-10,11.0,334.0,1.4,1.23,373.0
5914d684-23ca-4606-93a6-645711ac1bd6,2026-10-06 14:00:00-10,2026-10-06 13:56:00-10,0.07,0.22,48.0,0.59,2026-10-06 13:56:00-10,11.0,334.0,1.4,1.23,373.0
5914d684-23ca-4606-93a6-645711ac1bd6,2026-10-06 14:00:00-10,2026-10-06 13:56:00-10,0.075,0.126,108.0,0.14,2026-10-06 13:56:00-10,11.0,334.0,1.4,1.23,373.0
5914d684-23ca-4606-93a6-645711ac1bd6,2026-10-06 14:00:00-10,2026-10-06 13:56:00-10,0.08,0.502,4.0,0.45,2026-10-06 13:56:00-10,11.0,334.0,1.4,1.23,373.0
5914d684-23ca-4606-93a6-645711ac1bd6,2026-10-06 14:00:00-10,2026-10-06 13:56:00-10,0.085,0.848,316.0,0.78,2026-10-06 13:56:00-10,11.0,334.0,1.4,1.23,373.0
5914d684-23ca-4606-93a6-645711ac1bd6,2026-10-06 14:00:00-10,2026-10-06 13:56:00-10,0.09,1.57,324.0,0.79,2026-10-06 13:56:00-10,11.0,334.0,1.4,1.23,373.0
5914d684-23ca-4606-93a6-645711ac1bd6,2026-10-06 14:00:00-10,2026-10-06 13:56:00-10,0.095,1.146,336.0,0.81,2026-10-06 13:56:00-10,11.0,334.0,1.4,1.23,373.0
5914d684-23ca-4606-93a6-645711ac1bd6,2026-10-06 14:00:00-10,2026-10-06 13:56:00-10,0.101,0.628,324.0,0.85,2026-10-06 13:56:00-10,11.0,334.0,1.4,1.23,373.0
5914d684-23ca-4606-93a6-645711ac1bd6,2026-10-06 14:00:00-10,2026-10-06 13:56:00-10,0.11,0.44,340.0,0.81,2026-10-06 13:56:00-10,11.0,334.0,1.4,1.23,373.0
5914d684-23ca-4606-93a6-645711ac1bd6,2026-10-06 14:00:00-10,2026-10-06 13:56:00-10,0.12,0.895,352.0,0.78,2026-10-06 13:56:00-10,11.0,334.0,1.4,1.23,373.0
5914d684-23ca-4606-93a6-645711ac1bd6,2026-10-06 14:00:00-10,2026-10-06 13:56:00-10,0.13,0.518,12.0,0.56,2026-10-06 13:56:00-10,11.0,334.0,1.4,1.23,373.0
5914d684-23ca-4606-93a6-645711ac1bd6,2026-10-06 14:00:00-10,2026-10-06 13:56:00-10,0.14,0.502,44.0,0.58,2026-10-06 13:56:00-10,11.0,334.0,1.4,1.23,373.0
5914d684-23ca-4606-93a6-645711ac1bd6,2026-10-06 14:00:00-10,2026-10-06 13:56:00-10,0.15,0.973,44.0,0.61,2026-10-06 13:56:00-10,11.0,334.0,1.4,1.23,373.0
5914d684-23ca-4606-93a6-645711ac1bd6,2026-10-06 14:00:00-10,2026-10-06 13:56:00-10,0.16,0.785,48.0,0.69,2026-10-06 13:56:00-10,11.0,334.0,1.4,1.23,373.0
5914d684-23ca-4606-93a6-645711ac1bd6,2026-10-06 14:00:00-10,2026-10-06 13:56:00-10,0.17,0.549,32.0,0.76,2026-10-06 13:56:00-10,11.0,334.0,1.4,1.23,373.0
5914d684-23ca-4606-93a6-645711ac1bd6,2026-10-06 14:00:00-10,2026-10-06 13:56:00-10,0.18,0.314,52.0,0.71,2026-10-06 13:56:00-10,11.0,334.0,1.4,1.23,373.0
5914d684-23ca-4606-93a6-645711ac1bd6,2026-10-06 14:00:00-10,2026-10-06 13:56:00-10,0.19,0.345,40.0,0.72,2026-10-06 13:56:00-10,11.0,334.0,1.4,1.23,373.0
5914d684-23ca-4606-93a6-645711ac1bd6,2026-10-06 14:00:00-10,2026-10-06 13:56:00-10,0.2,0.267,36.0,0.77,2026-10-06 13:56:00-10,11.0,334.0,1.4,1.23,373.0
5914d684-23ca-4606-93a6-645711ac1bd6,2026-10-06 14:00:00-10,2026-10-06 13:56:00-10,0.21,0.157,48.0,0.62,2026-10-06 13:56:00-10,11.0,334.0,1.4,1.23,373.0
5914d684-23ca-4606-93a6-645711ac1bd6,2026-10-06 14:00:00-10,2026-10-06 13:56:00-10,0.22,0.188,40.0,0.76,2026-10-06 13:56:00-10,11.0,334.0,1.4,1.23,373.0
5914d684-23ca-4606-93a6-645711ac1bd6,2026-10-06 14:00:00-10,2026-10-06 13:56:00-10,0.23,0.188,32.0,0.78,2026-10-06 13:56:00-10,11.0,334.0,1.4,1.23,373.0
5914d684-23ca-4606-93a6-645711ac1bd6,2026-10-06 14:00:00-10,2026-10-06 13:56:00-10,0.24,0.157,44.0,0.77,2026-10-06 13:56:00-10,11.0,334.0,1.4,1.23,373.0
5914d684-23ca-4606-93a6-645711ac1bd6,2026-10-06 14:00:00-10,2026-10-06 13:56:00-10,0.25,0.094,52.0,0.67,2026-10-06 13:56:00-10,11.0,334.0,1.4,1.23,373.0
5914d684-23ca-4606-93a6-645711ac1bd6,2026-10-06 14:00:00-10,2026-10-06 13:56:00-10,0.26,0.094,48.0,0.69,2026-10-06 13:56:00-10,11.0,334.0,1.4,1.23,373.0
5914d684-23ca-4606-93a6-645711ac1bd6,2026-10-06 14:00:00-10,2026-10-06 13:56:00-10,0.27,0.126,52.0,0.72,2026-10-06 13:56:00-10,11.0,334.0,1.4,1.23,373.0
5914d684-23ca-4606-93a6-645711ac1bd6,2026-10-06 14:00:00-10,2026-10-06 13:56:00-10,0.28,0.11,44.0,0.71,2026-10-06 13:56:00-10,11.0,334.0,1.4,1.23,373.0
5914d684-23ca-4606-93a6-645711ac1bd6,2026-10-06 14:00:00-10,2026-10-06 13:56:00-10,0.29,0.11,60.0,0.72,2026-10-06 13:56:00-10,11.0,334.0,1.4,1.23,373.0
5914d684-23ca-4606-93a6-645711ac1bd6,2026-10-06 14:00:00-10,2026-10-06 13:56:00-10,0.3,0.079,72.0,0.72,2026-10-06 13:56:00-10,11.0,334.0,1.4,1.23,373.0
5914d684-23ca-4606-93a6-645711ac1bd6,2026-10-06 14:00:00-10,2026-10-06 13:56:00-10,0.31,0.11,72.0,0.77,2026-10-06 13:56:00-10,11.0,334.0,1.4,1.23,373.0
5914d684-23ca-4606-93a6-645711ac1bd6,2026-10-06 14:00:00-10,2026-10-06 13:56:00-10,0.32,0.094,68.0,0.71,2026-10-06 13:56:00-10,11.0,334.0,1.4,1.23,373.0
5914d684-23ca-4606-93a6-645711ac1bd6,2026-10-06 14:00:00-10,2026-10-06 13:56:00-10,0.33,0.094,72.0,0.79,2026-10-06 13:56:00-10,11.0,334.0,1.4,1.23,373.0
5914d684-23ca-4606-93a6-645711ac1bd6,2026-10-06 14:00:00-10,2026-10-06 13:56:00-10,0.34,0.11,72.0,0.78,2026-10-06 13:56:00-10,11.0,334.0,1.4,1.23,373.0
5914d684-23ca-4606-93a6-645711ac1bd6,2026-10-06 14:00:00-10,2026-10-06 13:56:00-10,0.35,0.094,72.0,0.78,2026-10-06 13:56:00-10,11.0,334.0,1.4,1.23,373.0
5914d684-23ca-4606-93a6-645711ac1bd6,2026-10-06 14:00:00-10,2026-10-06 13:56:00-10,0.36,0.063,68.0,0.78,2026-10-06 13:56:00-10,11.0,334.0,1.4,1.23,373.0
5914d684-23ca-4606-93a6-645711ac1bd6,2026-10-06 14:00:00-10,2026-10-06 13:56:00-10,0.37,0.047,80.0,0.65,2026-10-06 13:56:00-10,11.0,334.0,1.4,1.23,373.0
5914d684-23ca-4606-93a6-645711ac1bd6,2026-10-06 14:00:00-10,2026-10-06 13:56:00-10,0.38,0.047,80.0,0.74,2026-10-06 13:56:00-10,11.0,334.0,1.4,1.23,373.0
5914d684-23ca-4606-93a6-645711ac1bd6,2026-10-06 14:00:00-10,2026-10-06 13:56:00-10,0.39,0.047,76.0,0.77,2026-10-06 13:56:00-10,11.0,334.0,1.4,1.23,373.0
5914d684-23ca-4606-93a6-645711ac1bd6,2026-10-06 14:00:00-10,2026-10-06 13:56:00-10,0.4,0.031,80.0,0.76,2026-10-06 13:56:00-10,11.0,334.0,1.4,1.23,373.0
5914d684-23ca-4606-93a6-645711ac1bd6,2026-10-06 14:00:00-10,2026-10-06 13:56:00-10,0.41,0.031,80.0,0.69,2026-10-06 13:56:00-10,11.0,334.0,1.4,1.23,373.0
5914d684-23ca-4606-93a6-645711ac1bd6,2026-10-06 14:00:00-10,2026-10-06 13:56:00-10,0.42,0.016,72.0,0.64,2026-10-06 13:56:00-10,11.0,334.0,1.4,1.23,373.0
5914d684-23ca-4606-93a6-645711ac1bd6,2026-10-06 14:00:00-10,2026-10-06 13:56:00-10,0.43,0.016,72.0,0.76,2026-10-06 13:56:00-10,11.0,334.0,1.4,1.23,373.0
5914d684-23ca-4606-93a6-645711ac1bd6,2026-10-06 14:00:00-10,2026-10-06 13:56:00-10,0.44,0.031,72.0,0.76,2026-10-06 13:56:00-10,11.0,334.0,1.4,1.23,373.0
5914d684-23ca-4606-93a6-645711ac1bd6,2026-10-06 14:00:00-10,2026-10-06 13:56:00-10,0.45,0.016,76.0,0.73,2026-10-06 13:56:00-10,11.0,334.0,1.4,1.23,373.0
5914d684-23ca-4606-93a6-645711ac1bd6,2026-10-06 14:00:00-10,2026-10-06 13:56:00-10,0.46,0.031,72.0,0.78,2026-10-06 13:56:00-10,11.0,334.0,1.4,1.23,373.0
5914d684-23ca-4606-93a6-645711ac1bd6,2026-10-06 14:00:00-10,2026-10-06 13:56:00-10,0.47,0.016,88.0,0.76,2026-10-06 13:56:00-10,11.0,334.0,1.4,1.23,373.0
5914d684-23ca-4606-93a6-645711ac1bd6,2026-10-06 14:00:00-10,2026-10-06 13:56:00-10,0.48,0.016,72.0,0.72,2026-10-06 13:56:00-10,11.0,334.0,1.4,1.23,373.0
5914d684-23ca-4606-93a6-645711ac1bd6,2026-10-06 14:00:00-10,2026-10-06 13:56:00-10,0.49,0.016,76.0,0.72,2026-10-06 13:56:00-10,11.0,334.0,1.4,1.23,373.0
5914d684-23ca-4606-93a6-645711ac1bd6,2026-10-06 14:00:00-10,2026-10-06 13:56:00-10,0.5,0.0,68.0,0.67,2026-10-06 13:56:00-10,11.0,334.0,1.4,1.23,373.0
5914d684-23ca-4606-93a6-645711ac1bd6,2026-10-06 14:00:00-10,2026-10-06 13:56:00-10,0.51,0.0,64.0,0.62,2026-10-06 13:56:00-10,11.0,334.0,1.4,1.23,373.0
5914d684-23ca-4606-93a6-645711ac1bd6,2026-10-06 14:00:00-10,2026-10-06 13:56:00-10,0.52,0.016,72.0,0.77,2026-10-06 13:56:00-10,11.0,334.0,1.4,1.23,373.0
5914d684-23ca-4606-93a6-645711ac1bd6,2026-10-06 14:00:00-10,2026-10-06 13:56:00-10,0.53,0.016,72.0,0.68,2026-10-06 13:56:00-10,11.0,334.0,1.4,1.23,373.0
5914d684-23ca-4606-93a6-645711ac1bd6,2026-10-06 14:00:00-10,2026-10-06 13:56:00-10,0.54,0.016,84.0,0.73,2026-10-06 13:56:00-10,11.0,334.0,1.4,1.23,373.0
5914d684-23ca-4606-93a6-645711ac1bd6,2026-10-06 14:00:00-10,2026-10-06 13:56:00-10,0.55,0.016,84.0,0.73,2026-10-06 13:56:00-10,11.0,334.0,1.4,1.23,373.0
5914d684-23ca-4606-93a6-645711ac1bd6,2026-10-06 14:00:00-10,2026-10-06 13:56:00-10,0.56,0.0,72.0,0.66,2026-10-06 13:56:00-10,11.0,334.0,1.4,1.23,373.0
5914d684-23ca-4606-93a6-645711ac1bd6,2026-10-06 14:00:00-10,2026-10-06 13:56:00-10,0.57,0.0,84.0,0.61,2026-10-06 13:56:00-10,11.0,334.0,1.4,1.23,373.0
5914d684-23ca-4606-93a6-645711ac1bd6,2026-10-06 14:00:00-10,2026-10-06 13:56:00-10,0.58,0.0,76.0,0.59,2026-10-06 13:56:00-10,11.0,334.0,1.4,1.23,373.0
6babe065-3765-46a2-af53-365dcd8c43a7,2026-09-07 14:00:00-10,2026-09-07 13:56:00-10,0.025,0.0,80.0,0.22,2026-09-07 13:56:00-10,7.0,68.0,2.5,3.93,824.0
6babe065-3765-46a2-af53-365dcd8c43a7,2026-09-07 14:00:00-10,2026-09-07 13:56:00-10,0.03,0.0,56.0,0.38,2026-09-07 13:56:00-10,7.0,68.0,2.5,3.93,824.0
6babe065-3765-46a2-af53-365dcd8c43a7,2026-09-07 14:00:00-10,2026-09-07 13:56:00-10,0.035,0.0,76.0,0.44,2026-09-07 13:56:00-10,7.0,68.0,2.5,3.93,824.0
6babe065-3765-46a2-af53-365dcd8c43a7,2026-09-07 14:00:00-10,2026-09-07 13:56:00-10,0.04,0.0,92.0,0.37,2026-09-07 13:56:00-10,7.0,68.0,2.5,3.93,824.0
6babe065-3765-46a2-af53-365dcd8c43a7,2026-09-07 14:00:00-10,2026-09-07 13:56:00-10,0.045,0.0,68.0,0.44,2026-09-07 13:56:00-10,7.0,68.0,2.5,3.93,824.0
6babe065-3765-46a2-af53-365dcd8c43a7,2026-09-07 14:00:00-10,2026-09-07 13:56:00-10,0.05,0.0,52.0,0.59,2026-09-07 13:56:00-10,7.0,68.0,2.5,3.93,824.0
6babe065-3765-46a2-af53-365dcd8c43a7,2026-09-07 14:00:00-10,2026-09-07 13:56:00-10,0.055,0.07,132.0,0.17,2026-09-07 13:56:00-10,7.0,68.0,2.5,3.93,824.0
6babe065-3765-46a2-af53-365dcd8c43a7,2026-09-07 14:00:00-10,2026-09-07 13:56:00-10,0.06,0.174,88.0,0.29,2026-09-07 13:56:00-10,7.0,68.0,2.5,3.93,824.0
6babe065-3765-46a2-af53-365dcd8c43a7,2026-09-07 14:00:00-10,2026-09-07 13:56:00-10,0.065,0.348,72.0,0.47,2026-09-07 13:56:00-10,7.0,68.0,2.5,3.93,824.0
6babe065-3765-46a2-af53-365dcd8c43a7,2026-09-07 14:00:00-10,2026-09-07 13:56:00-10,0.07,1.775,72.0,0.83,2026-09-07 13:56:00-10,7.0,68.0,2.5,3.93,824.0
6babe065-3765-46a2-af53-365dcd8c43a7,2026-09-07 14:00:00-10,2026-09-07 13:56:00-10,0.075,1.427,80.0,0.71,2026-09-07 13:56:00-10,7.0,68.0,2.5,3.93,824.0
6babe065-3765-46a2-af53-365dcd8c43a7,2026-09-07 14:00:00-10,2026-09-07 13:56:00-10,0.08,2.297,60.0,0.79,2026-09-07 13:56:00-10,7.0,68.0,2.5,3.93,824.0
6babe065-3765-46a2-af53-365dcd8c43a7,2026-09-07 14:00:00-10,2026-09-07 13:56:00-10,0.085,2.714,72.0,0.83,2026-09-07 13:56:00-10,7.0,68.0,2.5,3.93,824.0
6babe065-3765-46a2-af53-365dcd8c43a7,2026-09-07 14:00:00-10,2026-09-07 13:56:00-10,0.09,3.271,72.0,0.8,2026-09-07 13:56:00-10,7.0,68.0,2.5,3.93,824.0
6babe065-3765-46a2-af53-365dcd8c43a7,2026-09-07 14:00:00-10,2026-09-07 13:56:00-10,0.095,2.471,72.0,0.86,2026-09-07 13:56:00-10,7.0,68.0,2.5,3.93,824.0
6babe065-3765-46a2-af53-365dcd8c43a7,2026-09-07 14:00:00-10,2026-09-07 13:56:00-10,0.101,2.227,72.0,0.8,2026-09-07 13:56:00-10,7.0,68.0,2.5,3.93,824.0
6babe065-3765-46a2-af53-365dcd8c43a7,2026-09-07 14:00:00-10,2026-09-07 13:56:00-10,0.11,2.297,60.0,0.85,2026-09-07 13:56:00-10,7.0,68.0,2.5,3.93,824.0
6babe065-3765-46a2-af53-365dcd8c43a7,2026-09-07 14:00:00-10,2026-09-07 13:56:00-10,0.12,1.949,64.0,0.8,2026-09-07 13:56:00-10,7.0,68.0,2.5,3.93,824.0
6babe065-3765-46a2-af53-365dcd8c43a7,2026-09-07 14:00:00-10,2026-09-07 13:56:00-10,0.13,2.366,60.0,0.84,2026-09-07 13:56:00-10,7.0,68.0,2.5,3.93,824.0
6babe065-3765-46a2-af53-365dcd8c43a7,2026-09-07 14:00:00-10,2026-09-07 13:56:00-10,0.14,3.202,68.0,0.87,2026-09-07 13:56:00-10,7.0,68.0,2.5,3.93,824.0
6babe065-3765-46a2-af53-365dcd8c43a7,2026-09-07 14:00:00-10,2026-09-07 13:56:00-10,0.15,3.48,68.0,0.85,2026-09-07 13:56:00-10,7.0,68.0,2.5,3.93,824.0
6babe065-3765-46a2-af53-365dcd8c43a7,2026-09-07 14:00:00-10,2026-09-07 13:56:00-10,0.16,2.749,68.0,0.79,2026-09-07 13:56:00-10,7.0,68.0,2.5,3.93,824.0
6babe065-3765-46a2-af53-365dcd8c43a7,2026-09-07 14:00:00-10,2026-09-07 13:56:00-10,0.17,1.462,68.0,0.79,2026-09-07 13:56:00-10,7.0,68.0,2.5,3.93,824.0
6babe065-3765-46a2-af53-365dcd8c43a7,2026-09-07 14:00:00-10,2026-09-07 13:56:00-10,0.18,1.705,76.0,0.81,2026-09-07 13:56:00-10,7.0,68.0,2.5,3.93,824.0
6babe065-3765-46a2-af53-365dcd8c43a7,2026-09-07 14:00:00-10,2026-09-07 13:56:00-10,0.19,1.288,76.0,0.85,2026-09-07 13:56:00-10,7.0,68.0,2.5,3.93,824.0
6babe065-3765-46a2-af53-365dcd8c43a7,2026-09-07 14:00:00-10,2026-09-07 13:56:00-10,0.2,0.974,76.0,0.86,2026-09-07 13:56:00-10,7.0,68.0,2.5,3.93,824.0
6babe065-3765-46a2-af53-365dcd8c43a7,2026-09-07 14:00:00-10,2026-09-07 13:56:00-10,0.21,0.731,76.0,0.76,2026-09-07 13:56:00-10,7.0,68.0,2.5,3.93,824.0
6babe065-3765-46a2-af53-365dcd8c43a7,2026-09-07 14:00:00-10,2026-09-07 13:56:00-10,0.22,0.766,88.0,0.8,2026-09-07 13:56:00-10,7.0,68.0,2.5,3.93,824.0
6babe065-3765-46a2-af53-365dcd8c43a7,2026-09-07 14:00:00-10,2026-09-07 13:56:00-10,0.23,0.592,84.0,0.8,2026-09-07 13:56:00-10,7.0,68.0,2.5,3.93,824.0
6babe065-3765-46a2-af53-365dcd8c43a7,2026-09-07 14:00:00-10,2026-09-07 13:56:00-10,0.24,0.418,80.0,0.79,2026-09-07 13:56:00-10,7.0,68.0,2.5,3.93,824.0
6babe065-3765-46a2-af53-365dcd8c43a7,2026-09-07 14:00:00-10,2026-09-07 13:56:00-10,0.25,0.383,92.0,0.79,2026-09-07 13:56:00-10,7.0,68.0,2.5,3.93,824.0
6babe065-3765-46a2-af53-365dcd8c43a7,2026-09-07 14:00:00-10,2026-09-07 13:56:00-10,0.26,0.418,84.0,0.84,2026-09-07 13:56:00-10,7.0,68.0,2.5,3.93,824.0
6babe065-3765-46a2-af53-365dcd8c43a7,2026-09-07 14:00:00-10,2026-09-07 13:56:00-10,0.27,0.174,76.0,0.67,2026-09-07 13:56:00-10,7.0,68.0,2.5,3.93,824.0
6babe065-3765-46a2-af53-365dcd8c43a7,2026-09-07 14:00:00-10,2026-09-07 13:56:00-10,0.28,0.313,84.0,0.84,2026-09-07 13:56:00-10,7.0,68.0,2.5,3.93,824.0
6babe065-3765-46a2-af53-365dcd8c43a7,2026-09-07 14:00:00-10,2026-09-07 13:56:00-10,0.29,0.348,84.0,0.84,2026-09-07 13:56:00-10,7.0,68.0,2.5,3.93,824.0
6babe065-3765-46a2-af53-365dcd8c43a7,2026-09-07 14:00:00-10,2026-09-07 13:56:00-10,0.3,0.244,88.0,0.76,2026-09-07 13:56:00-10,7.0,68.0,2.5,3.93,824.0
6babe065-3765-46a2-af53-365dcd8c43a7,2026-09-07 14:00:00-10,2026-09-07 13:56:00-10,0.31,0.174,92.0,0.76,2026-09-07 13:56:00-10,7.0,68.0,2.5,3.93,824.0
6babe065-3765-46a2-af53-365dcd8c43a7,2026-09-07 14:00:00-10,2026-09-07 13:56:00-10,0.32,0.174,84.0,0.8,2026-09-07 13:56:00-10,7.0,68.0,2.5,3.93,824.0
6babe065-3765-46a2-af53-365dcd8c43a7,2026-09-07 14:00:00-10,2026-09-07 13:56:00-10,0.33,0.174,92.0,0.77,2026-09-07 13:56:00-10,7.0,68.0,2.5,3.93,824.0
6babe065-3765-46a2-af53-365dcd8c43a7,2026-09-07 14:00:00-10,2026-09-07 13:56:00-10,0.34,0.139,88.0,0.79,2026-09-07 13:56:00-10,7.0,68.0,2.5,3.93,824.0
6babe065-3765-46a2-af53-365dcd8c43a7,2026-09-07 14:00:00-10,2026-09-07 13:56:00-10,0.35,0.174,92.0,0.82,2026-09-07 13:56:00-10,7.0,68.0,2.5,3.93,824.0
6babe065-3765-46a2-af53-365dcd8c43a7,2026-09-07 14:00:00-10,2026-09-07 13:56:00-10,0.36,0.104,96.0,0.67,2026-09-07 13:56:00-10,7.0,68.0,2.5,3.93,824.0
6babe065-3765-46a2-af53-365dcd8c43a7,2026-09-07 14:00:00-10,2026-09-07 13:56:00-10,0.37,0.104,92.0,0.73,2026-09-07 13:56:00-10,7.0,68.0,2.5,3.93,824.0
6babe065-3765-46a2-af53-365dcd8c43a7,2026-09-07 14:00:00-10,2026-09-07 13:56:00-10,0.38,0.104,88.0,0.71,2026-09-07 13:56:00-10,7.0,68.0,2.5,3.93,824.0
6babe065-3765-46a2-af53-365dcd8c43a7,2026-09-07 14:00:00-10,2026-09-07 13:56:00-10,0.39,0.07,88.0,0.67,2026-09-07 13:56:00-10,7.0,68.0,2.5,3.93,824.0
6babe065-3765-46a2-af53-365dcd8c43a7,2026-09-07 14:00:00-10,2026-09-07 13:56:00-10,0.4,0.07,84.0,0.71,2026-09-07 13:56:00-10,7.0,68.0,2.5,3.93,824.0
6babe065-3765-46a2-af53-365dcd8c43a7,2026-09-07 14:00:00-10,2026-09-07 13:56:00-10,0.41,0.07,100.0,0.71,2026-09-07 13:56:00-10,7.0,68.0,2.5,3.93,824.0
6babe065-3765-46a2-af53-365dcd8c43a7,2026-09-07 14:00:00-10,2026-09-07 13:56:00-10,0.42,0.07,80.0,0.75,2026-09-07 13:56:00-10,7.0,68.0,2.5,3.93,824.0
6babe065-3765-46a2-af53-365dcd8c43a7,2026-09-07 14:00:00-10,2026-09-07 13:56:00-10,0.43,0.035,100.0,0.67,2026-09-07 13:56:00-10,7.0,68.0,2.5,3.93,824.0
6babe065-3765-46a2-af53-365dcd8c43a7,2026-09-07 14:00:00-10,2026-09-07 13:56:00-10,0.44,0.035,96.0,0.6,2026-09-07 13:56:00-10,7.0,68.0,2.5,3.93,824.0
6babe065-3765-46a2-af53-365dcd8c43a7,2026-09-07 14:00:00-10,2026-09-07 13:56:00-10,0.45,0.035,100.0,0.63,2026-09-07 13:56:00-10,7.0,68.0,2.5,3.93,824.0
6babe065-3765-46a2-af53-365dcd8c43a7,2026-09-07 14:00:00-10,2026-09-07 13:56:00-10,0.46,0.035,88.0,0.59,2026-09-07 13:56:00-10,7.0,68.0,2.5,3.93,824.0
6babe065-3765-46a2-af53-365dcd8c43a7,2026-09-07 14:00:00-10,2026-09-07 13:56:00-10,0.47,0.035,84.0,0.71,2026-09-07 13:56:00-10,7.0,68.0,2.5,3.93,824.0
6babe065-3765-46a2-af53-365dcd8c43a7,2026-09-07 14:00:00-10,2026-09-07 13:56:00-10,0.48,0.035,96.0,0.65,2026-09-07 13:56:00-10,7.0,68.0,2.5,3.93,824.0
6babe065-3765-46a2-af53-365dcd8c43a7,2026-09-07 14:00:00-10,2026-09-07 13:56:00-10,0.49,0.0,96.0,0.56,2026-09-07 13:56:00-10,7.0,68.0,2.5,3.93,824.0
6babe065-3765-46a2-af53-365dcd8c43a7,2026-09-07 14:00:00-10,2026-09-07 13:56:00-10,0.5,0.0,104.0,0.56,2026-09-07 13:56:00-10,7.0,68.0,2.5,3.93,824.0
6babe065-3765-46a2-af53-365dcd8c43a7,2026-09-07 14:00:00-10,2026-09-07 13:56:00-10,0.51,0.0,112.0,0.69,2026-09-07 13:56:00-10,7.0,68.0,2.5,3.93,824.0
6babe065-3765-46a2-af53-365dcd8c43a7,2026-09-07 14:00:00-10,2026-09-07 13:56:00-10,0.52,0.0,76.0,0.53,2026-09-07 13:56:00-10,7.0,68.0,2.5,3.93,824.0
6babe065-3765-46a2-af53-365dcd8c43a7,2026-09-07 14:00:00-10,2026-09-07 13:56:00-10,0.53,0.0,84.0,0.63,2026-09-07 13:56:00-10,7.0,68.0,2.5,3.93,824.0
6babe065-3765-46a2-af53-365dcd8c43a7,2026-09-07 14:00:00-10,2026-09-07 13:56:00-10,0.54,0.0,88.0,0.56,2026-09-07 13:56:00-10,7.0,68.0,2.5,3.93,824.0
6babe065-3765-46a2-af53-365dcd8c43a7,2026-09-07 14:00:00-10,2026-09-07 13:56:00-10,0.55,0.0,112.0,0.49,2026-09-07 13:56:00-10,7.0,68.0,2.5,3.93,824.0
6babe065-3765-46a2-af53-365dcd8c43a7,2026-09-07 14:00:00-10,2026-09-07 13:56:00-10,0.56,0.0,96.0,0.55,2026-09-07 13:56:00-10,7.0,68.0,2.5,3.93,824.0
6babe065-3765-46a2-af53-365dcd8c43a7,2026-09-07 14:00:00-10,2026-09-07 13:56:00-10,0.57,0.0,108.0,0.62,2026-09-07 13:56:00-10,7.0,68.0,2.5,3.93,824.0
6babe065-3765-46a2-af53-365dcd8c43a7,2026-09-07 14:00:00-10,2026-09-07 13:56:00-10,0.58,0.0,104.0,0.57,2026-09-07 13:56:00-10,7.0,68.0,2.5,3.93,824.0
6e09df53-9e35-47fc-9fde-3bead7685a05,2026-09-28 14:00:00-10,2026-09-28 13:56:00-10,0.025,0.0,100.0,0.33,2026-09-28 14:26:00-10,13.0,327.0,2.6,4.25,1146.0
6e09df53-9e35-47fc-9fde-3bead7685a05,2026-09-28 14:00:00-10,2026-09-28 13:56:00-10,0.03,0.0,348.0,0.03,2026-09-28 14:26:00-10,13.0,327.0,2.6,4.25,1146.0
6e09df53-9e35-47fc-9fde-3bead7685a05,2026-09-28 14:00:00-10,2026-09-28 13:56:00-10,0.035,0.0,88.0,0.62,2026-09-28 14:26:00-10,13.0,327.0,2.6,4.25,1146.0
6e09df53-9e35-47fc-9fde-3bead7685a05,2026-09-28 14:00:00-10,2026-09-28 13:56:00-10,0.04,0.0,108.0,0.56,2026-09-28 14:26:00-10,13.0,327.0,2.6,4.25,1146.0
6e09df53-9e35-47fc-9fde-3bead7685a05,2026-09-28 14:00:00-10,2026-09-28 13:56:00-10,0.045,0.0,96.0,0.59,2026-09-28 14:26:00-10,13.0,327.0,2.6,4.25,1146.0
6e09df53-9e35-47fc-9fde-3bead7685a05,2026-09-28 14:00:00-10,2026-09-28 13:56:00-10,0.05,0.124,36.0,0.42,2026-09-28 14:26:00-10,13.0,327.0,2.6,4.25,1146.0
6e09df53-9e35-47fc-9fde-3bead7685a05,2026-09-28 14:00:00-10,2026-09-28 13:56:00-10,0.055,0.124,328.0,0.17,2026-09-28 14:26:00-10,13.0,327.0,2.6,4.25,1146.0
6e09df53-9e35-47fc-9fde-3bead7685a05,2026-09-28 14:00:00-10,2026-09-28 13:56:00-10,0.06,0.498,340.0,0.64,2026-09-28 14:26:00-10,13.0,327.0,2.6,4.25,1146.0
6e09df53-9e35-47fc-9fde-3bead7685a05,2026-09-28 14:00:00-10,2026-09-28 13:56:00-10,0.065,4.914,320.0,0.89,2026-09-28 14:26:00-10,13.0,327.0,2.6,4.25,1146.0
6e09df53-9e35-47fc-9fde-3bead7685a05,2026-09-28 14:00:00-10,2026-09-28 13:56:00-10,0.07,5.598,328.0,0.9,2026-09-28 14:26:00-10,13.0,327.0,2.6,4.25,1146.0
6e09df53-9e35-47fc-9fde-3bead7685a05,2026-09-28 14:00:00-10,2026-09-28 13:56:00-10,0.075,6.22,328.0,0.92,2026-09-28 14:26:00-10,13.0,327.0,2.6,4.25,1146.0
6e09df53-9e35-47fc-9fde-3bead7685a05,2026-09-28 14:00:00-10,2026-09-28 13:56:00-10,0.08,1.493,324.0,0.65,2026-09-28 14:26:00-10,13.0,327.0,2.6,4.25,1146.0
6e09df53-9e35-47fc-9fde-3bead7685a05,2026-09-28 14:00:00-10,2026-09-28 13:56:00-10,0.085,2.177,12.0,0.59,2026-09-28 14:26:00-10,13.0,327.0,2.6,4.25,1146.0
6e09df53-9e35-47fc-9fde-3bead7685a05,2026-09-28 14:00:00-10,2026-09-28 13:56:00-10,0.09,1.804,52.0,0.57,2026-09-28 14:26:00-10,13.0,327.0,2.6,4.25,1146.0
6e09df53-9e35-47fc-9fde-3bead7685a05,2026-09-28 14:00:00-10,2026-09-28 13:56:00-10,0.095,4.105,56.0,0.66,2026-09-28 14:26:00-10,13.0,327.0,2.6,4.25,1146.0
6e09df53-9e35-47fc-9fde-3bead7685a05,2026-09-28 14:00:00-10,2026-09-28 13:56:00-10,0.101,2.239,76.0,0.88,2026-09-28 14:26:00-10,13.0,327.0,2.6,4.25,1146.0
6e09df53-9e35-47fc-9fde-3bead7685a05,2026-09-28 14:00:00-10,2026-09-28 13:56:00-10,0.11,4.167,72.0,0.85,2026-09-28 14:26:00-10,13.0,327.0,2.6,4.25,1146.0
6e09df53-9e35-47fc-9fde-3bead7685a05,2026-09-28 14:00:00-10,2026-09-28 13:56:00-10,0.12,4.167,76.0,0.87,2026-09-28 14:26:00-10,13.0,327.0,2.6,4.25,1146.0
6e09df53-9e35-47fc-9fde-3bead7685a05,2026-09-28 14:00:00-10,2026-09-28 13:56:00-10,0.13,2.675,68.0,0.88,2026-09-28 14:26:00-10,13.0,327.0,2.6,4.25,1146.0
6e09df53-9e35-47fc-9fde-3bead7685a05,2026-09-28 14:00:00-10,2026-09-28 13:56:00-10,0.14,1.679,68.0,0.81,2026-09-28 14:26:00-10,13.0,327.0,2.6,4.25,1146.0
6e09df53-9e35-47fc-9fde-3bead7685a05,2026-09-28 14:00:00-10,2026-09-28 13:56:00-10,0.15,1.866,68.0,0.86,2026-09-28 14:26:00-10,13.0,327.0,2.6,4.25,1146.0
6e09df53-9e35-47fc-9fde-3bead7685a05,2026-09-28 14:00:00-10,2026-09-28 13:56:00-10,0.16,1.431,72.0,0.8,2026-09-28 14:26:00-10,13.0,327.0,2.6,4.25,1146.0
6e09df53-9e35-47fc-9fde-3bead7685a05,2026-09-28 14:00:00-10,2026-09-28 13:56:00-10,0.17,1.493,80.0,0.87,2026-09-28 14:26:00-10,13.0,327.0,2.6,4.25,1146.0
6e09df53-9e35-47fc-9fde-3bead7685a05,2026-09-28 14:00:00-10,2026-09-28 13:56:00-10,0.18,0.995,68.0,0.79,2026-09-28 14:26:00-10,13.0,327.0,2.6,4.25,1146.0
6e09df53-9e35-47fc-9fde-3bead7685a05,2026-09-28 14:00:00-10,2026-09-28 13:56:00-10,0.19,1.057,68.0,0.85,2026-09-28 14:26:00-10,13.0,327.0,2.6,4.25,1146.0
6e09df53-9e35-47fc-9fde-3bead7685a05,2026-09-28 14:00:00-10,2026-09-28 13:56:00-10,0.2,0.995,76.0,0.87,2026-09-28 14:26:00-10,13.0,327.0,2.6,4.25,1146.0
6e09df53-9e35-47fc-9fde-3bead7685a05,2026-09-28 14:00:00-10,2026-09-28 13:56:00-10,0.21,0.684,76.0,0.85,2026-09-28 14:26:00-10,13.0,327.0,2.6,4.25,1146.0
6e09df53-9e35-47fc-9fde-3bead7685a05,2026-09-28 14:00:00-10,2026-09-28 13:56:00-10,0.22,0.622,80.0,0.85,2026-09-28 14:26:00-10,13.0,327.0,2.6,4.25,1146.0
6e09df53-9e35-47fc-9fde-3bead7685a05,2026-09-28 14:00:00-10,2026-09-28 13:56:00-10,0.23,0.56,80.0,0.81,2026-09-28 14:26:00-10,13.0,327.0,2.6,4.25,1146.0
6e09df53-9e35-47fc-9fde-3bead7685a05,2026-09-28 14:00:00-10,2026-09-28 13:56:00-10,0.24,0.498,72.0,0.83,2026-09-28 14:26:00-10,13.0,327.0,2.6,4.25,1146.0
6e09df53-9e35-47fc-9fde-3bead7685a05,2026-09-28 14:00:00-10,2026-09-28 13:56:00-10,0.25,0.311,92.0,0.77,2026-09-28 14:26:00-10,13.0,327.0,2.6,4.25,1146.0
6e09df53-9e35-47fc-9fde-3bead7685a05,2026-09-28 14:00:00-10,2026-09-28 13:56:00-10,0.26,0.249,80.0,0.77,2026-09-28 14:26:00-10,13.0,327.0,2.6,4.25,1146.0
6e09df53-9e35-47fc-9fde-3bead7685a05,2026-09-28 14:00:00-10,2026-09-28 13:56:00-10,0.27,0.311,88.0,0.88,2026-09-28 14:26:00-10,13.0,327.0,2.6,4.25,1146.0
6e09df53-9e35-47fc-9fde-3bead7685a05,2026-09-28 14:00:00-10,2026-09-28 13:56:00-10,0.28,0.249,92.0,0.85,2026-09-28 14:26:00-10,13.0,327.0,2.6,4.25,1146.0
6e09df53-9e35-47fc-9fde-3bead7685a05,2026-09-28 14:00:00-10,2026-09-28 13:56:00-10,0.29,0.249,92.0,0.84,2026-09-28 14:26:00-10,13.0,327.0,2.6,4.25,1146.0
6e09df53-9e35-47fc-9fde-3bead7685a05,2026-09-28 14:00:00-10,2026-09-28 13:56:00-10,0.3,0.187,76.0,0.83,2026-09-28 14:26:00-10,13.0,327.0,2.6,4.25,1146.0
6e09df53-9e35-47fc-9fde-3bead7685a05,2026-09-28 14:00:00-10,2026-09-28 13:56:00-10,0.31,0.124,76.0,0.78,2026-09-28 14:26:00-10,13.0,327.0,2.6,4.25,1146.0
6e09df53-9e35-47fc-9fde-3bead7685a05,2026-09-28 14:00:00-10,2026-09-28 13:56:00-10,0.32,0.124,88.0,0.87,2026-09-28 14:26:00-10,13.0,327.0,2.6,4.25,1146.0
6e09df53-9e35-47fc-9fde-3bead7685a05,2026-09-28 14:00:00-10,2026-09-28 13:56:00-10,0.33,0.062,88.0,0.79,2026-09-28 14:26:00-10,13.0,327.0,2.6,4.25,1146.0
6e09df53-9e35-47fc-9fde-3bead7685a05,2026-09-28 14:00:00-10,2026-09-28 13:56:00-10,0.34,0.062,80.0,0.77,2026-09-28 14:26:00-10,13.0,327.0,2.6,4.25,1146.0
6e09df53-9e35-47fc-9fde-3bead7685a05,2026-09-28 14:00:00-10,2026-09-28 13:56:00-10,0.35,0.062,88.0,0.68,2026-09-28 14:26:00-10,13.0,327.0,2.6,4.25,1146.0
6e09df53-9e35-47fc-9fde-3bead7685a05,2026-09-28 14:00:00-10,2026-09-28 13:56:00-10,0.36,0.062,76.0,0.69,2026-09-28 14:26:00-10,13.0,327.0,2.6,4.25,1146.0
6e09df53-9e35-47fc-9fde-3bead7685a05,2026-09-28 14:00:00-10,2026-09-28 13:56:00-10,0.37,0.062,76.0,0.8,2026-09-28 14:26:00-10,13.0,327.0,2.6,4.25,1146.0
6e09df53-9e35-47fc-9fde-3bead7685a05,2026-09-28 14:00:00-10,2026-09-28 13:56:00-10,0.38,0.062,88.0,0.7,2026-09-28 14:26:00-10,13.0,327.0,2.6,4.25,1146.0
6e09df53-9e35-47fc-9fde-3bead7685a05,2026-09-28 14:00:00-10,2026-09-28 13:56:00-10,0.39,0.062,112.0,0.78,2026-09-28 14:26:00-10,13.0,327.0,2.6,4.25,1146.0
6e09df53-9e35-47fc-9fde-3bead7685a05,2026-09-28 14:00:00-10,2026-09-28 13:56:00-10,0.4,0.0,76.0,0.64,2026-09-28 14:26:00-10,13.0,327.0,2.6,4.25,1146.0
6e09df53-9e35-47fc-9fde-3bead7685a05,2026-09-28 14:00:00-10,2026-09-28 13:56:00-10,0.41,0.0,84.0,0.6,2026-09-28 14:26:00-10,13.0,327.0,2.6,4.25,1146.0
6e09df53-9e35-47fc-9fde-3bead7685a05,2026-09-28 14:00:00-10,2026-09-28 13:56:00-10,0.42,0.0,88.0,0.6,2026-09-28 14:26:00-10,13.0,327.0,2.6,4.25,1146.0
6e09df53-9e35-47fc-9fde-3bead7685a05,2026-09-28 14:00:00-10,2026-09-28 13:56:00-10,0.43,0.0,72.0,0.61,2026-09-28 14:26:00-10,13.0,327.0,2.6,4.25,1146.0
6e09df53-9e35-47fc-9fde-3bead7685a05,2026-09-28 14:00:00-10,2026-09-28 13:56:00-10,0.44,0.062,84.0,0.76,2026-09-28 14:26:00-10,13.0,327.0,2.6,4.25,1146.0
6e09df53-9e35-47fc-9fde-3bead7685a05,2026-09-28 14:00:00-10,2026-09-28 13:56:00-10,0.45,0.0,76.0,0.61,2026-09-28 14:26:00-10,13.0,327.0,2.6,4.25,1146.0
6e09df53-9e35-47fc-9fde-3bead7685a05,2026-09-28 14:00:00-10,2026-09-28 13:56:00-10,0.46,0.0,84.0,0.59,2026-09-28 14:26:00-10,13.0,327.0,2.6,4.25,1146.0
6e09df53-9e35-47fc-9fde-3bead7685a05,2026-09-28 14:00:00-10,2026-09-28 13:56:00-10,0.47,0.0,64.0,0.59,2026-09-28 14:26:00-10,13.0,327.0,2.6,4.25,1146.0
6e09df53-9e35-47fc-9fde-3bead7685a05,2026-09-28 14:00:00-10,2026-09-28 13:56:00-10,0.48,0.0,88.0,0.65,2026-09-28 14:26:00-10,13.0,327.0,2.6,4.25,1146.0
6e09df53-9e35-47fc-9fde-3bead7685a05,2026-09-28 14:00:00-10,2026-09-28 13:56:00-10,0.49,0.0,84.0,0.69,2026-09-28 14:26:00-10,13.0,327.0,2.6,4.25,1146.0
6e09df53-9e35-47fc-9fde-3bead7685a05,2026-09-28 14:00:00-10,2026-09-28 13:56:00-10,0.5,0.0,92.0,0.7,2026-09-28 14:26:00-10,13.0,327.0,2.6,4.25,1146.0
6e09df53-9e35-47fc-9fde-3bead7685a05,2026-09-28 14:00:00-10,2026-09-28 13:56:00-10,0.51,0.0,100.0,0.58,2026-09-28 14:26:00-10,13.0,327.0,2.6,4.25,1146.0
6e09df53-9e35-47fc-9fde-3bead7685a05,2026-09-28 14:00:00-10,2026-09-28 13:56:00-10,0.52,0.0,120.0,0.63,2026-09-28 14:26:00-10,13.0,327.0,2.6,4.25,1146.0
6e09df53-9e35-47fc-9fde-3bead7685a05,2026-09-28 14:00:00-10,2026-09-28 13:56:00-10,0.53,0.0,68.0,0.42,2026-09-28 14:26:00-10,13.0,327.0,2.6,4.25,1146.0
6e09df53-9e35-47fc-9fde-3bead7685a05,2026-09-28 14:00:00-10,2026-09-28 13:56:00-10,0.54,0.0,72.0,0.47,2026-09-28 14:26:00-10,13.0,327.0,2.6,4.25,1146.0
6e09df53-9e35-47fc-9fde-3bead7685a05,2026-09-28 14:00:00-10,2026-09-28 13:56:00-10,0.55,0.0,84.0,0.55,2026-09-28 14:26:00-10,13.0,327.0,2.6,4.25,1146.0
6e09df53-9e35-47fc-9fde-3bead7685a05,2026-09-28 14:00:00-10,2026-09-28 13:56:00-10,0.56,0.0,84.0,0.52,2026-09-28 14:26:00-10,13.0,327.0,2.6,4.25,1146.0
6e09df53-9e35-47fc-9fde-3bead7685a05,2026-09-28 14:00:00-10,2026-09-28 13:56:00-10,0.57,0.0,76.0,0.56,2026-09-28 14:26:00-10,13.0,327.0,2.6,4.25,1146.0
6e09df53-9e35-47fc-9fde-3bead7685a05,2026-09-28 14:00:00-10,2026-09-28 13:56:00-10,0.58,0.0,84.0,0.53,2026-09-28 14:26:00-10,13.0,327.0,2.6,4.25,1146.0
87f81c09-b436-4173-b53e-2149bf6304c7,2026-08-29 14:00:00-10,2026-08-29 13:56:00-10,0.025,0.0,20.0,0.46,2026-08-29 13:56:00-10,7.0,74.0,1.5,1.41,325.0
87f81c09-b436-4173-b53e-2149bf6304c7,2026-08-29 14:00:00-10,2026-08-29 13:56:00-10,0.03,0.0,12.0,0.48,2026-08-29 13:56:00-10,7.0,74.0,1.5,1.41,325.0
87f81c09-b436-4173-b53e-2149bf6304c7,2026-08-29 14:00:00-10,2026-08-29 13:56:00-10,0.035,0.0,44.0,0.44,2026-08-29 13:56:00-10,7.0,74.0,1.5,1.41,325.0
87f81c09-b436-4173-b53e-2149bf6304c7,2026-08-29 14:00:00-10,2026-08-29 13:56:00-10,0.04,0.0,52.0,0.42,2026-08-29 13:56:00-10,7.0,74.0,1.5,1.41,325.0
87f81c09-b436-4173-b53e-2149bf6304c7,2026-08-29 14:00:00-10,2026-08-29 13:56:00-10,0.045,0.0,64.0,0.42,2026-08-29 13:56:00-10,7.0,74.0,1.5,1.41,325.0
87f81c09-b436-4173-b53e-2149bf6304c7,2026-08-29 14:00:00-10,2026-08-29 13:56:00-10,0.05,0.0,92.0,0.35,2026-08-29 13:56:00-10,7.0,74.0,1.5,1.41,325.0
87f81c09-b436-4173-b53e-2149bf6304c7,2026-08-29 14:00:00-10,2026-08-29 13:56:00-10,0.055,0.0,336.0,0.09,2026-08-29 13:56:00-10,7.0,74.0,1.5,1.41,325.0
87f81c09-b436-4173-b53e-2149bf6304c7,2026-08-29 14:00:00-10,2026-08-29 13:56:00-10,0.06,0.026,52.0,0.21,2026-08-29 13:56:00-10,7.0,74.0,1.5,1.41,325.0
87f81c09-b436-4173-b53e-2149bf6304c7,2026-08-29 14:00:00-10,2026-08-29 13:56:00-10,0.065,0.026,48.0,0.19,2026-08-29 13:56:00-10,7.0,74.0,1.5,1.41,325.0
87f81c09-b436-4173-b53e-2149bf6304c7,2026-08-29 14:00:00-10,2026-08-29 13:56:00-10,0.07,0.052,84.0,0.4,2026-08-29 13:56:00-10,7.0,74.0,1.5,1.41,325.0
87f81c09-b436-4173-b53e-2149bf6304c7,2026-08-29 14:00:00-10,2026-08-29 13:56:00-10,0.075,0.361,76.0,0.54,2026-08-29 13:56:00-10,7.0,74.0,1.5,1.41,325.0
87f81c09-b436-4173-b53e-2149bf6304c7,2026-08-29 14:00:00-10,2026-08-29 13:56:00-10,0.08,0.955,88.0,0.76,2026-08-29 13:56:00-10,7.0,74.0,1.5,1.41,325.0
87f81c09-b436-4173-b53e-2149bf6304c7,2026-08-29 14:00:00-10,2026-08-29 13:56:00-10,0.085,1.032,88.0,0.82,2026-08-29 13:56:00-10,7.0,74.0,1.5,1.41,325.0
87f81c09-b436-4173-b53e-2149bf6304c7,2026-08-29 14:00:00-10,2026-08-29 13:56:00-10,0.09,0.206,72.0,0.67,2026-08-29 13:56:00-10,7.0,74.0,1.5,1.41,325.0
87f81c09-b436-4173-b53e-2149bf6304c7,2026-08-29 14:00:00-10,2026-08-29 13:56:00-10,0.095,0.206,88.0,0.68,2026-08-29 13:56:00-10,7.0,74.0,1.5,1.41,325.0
87f81c09-b436-4173-b53e-2149bf6304c7,2026-08-29 14:00:00-10,2026-08-29 13:56:00-10,0.101,0.103,100.0,0.47,2026-08-29 13:56:00-10,7.0,74.0,1.5,1.41,325.0
87f81c09-b436-4173-b53e-2149bf6304c7,2026-08-29 14:00:00-10,2026-08-29 13:56:00-10,0.11,0.387,68.0,0.64,2026-08-29 13:56:00-10,7.0,74.0,1.5,1.41,325.0
87f81c09-b436-4173-b53e-2149bf6304c7,2026-08-29 14:00:00-10,2026-08-29 13:56:00-10,0.12,1.032,76.0,0.81,2026-08-29 13:56:00-10,7.0,74.0,1.5,1.41,325.0
87f81c09-b436-4173-b53e-2149bf6304c7,2026-08-29 14:00:00-10,2026-08-29 13:56:00-10,0.13,2.58,84.0,0.88,2026-08-29 13:56:00-10,7.0,74.0,1.5,1.41,325.0
87f81c09-b436-4173-b53e-2149bf6304c7,2026-08-29 14:00:00-10,2026-08-29 13:56:00-10,0.14,1.6,68.0,0.79,2026-08-29 13:56:00-10,7.0,74.0,1.5,1.41,325.0
87f81c09-b436-4173-b53e-2149bf6304c7,2026-08-29 14:00:00-10,2026-08-29 13:56:00-10,0.15,1.084,64.0,0.81,2026-08-29 13:56:00-10,7.0,74.0,1.5,1.41,325.0
87f81c09-b436-4173-b53e-2149bf6304c7,2026-08-29 14:00:00-10,2026-08-29 13:56:00-10,0.16,0.877,76.0,0.82,2026-08-29 13:56:00-10,7.0,74.0,1.5,1.41,325.0
87f81c09-b436-4173-b53e-2149bf6304c7,2026-08-29 14:00:00-10,2026-08-29 13:56:00-10,0.17,1.006,72.0,0.84,2026-08-29 13:56:00-10,7.0,74.0,1.5,1.41,325.0
87f81c09-b436-4173-b53e-2149bf6304c7,2026-08-29 14:00:00-10,2026-08-29 13:56:00-10,0.18,0.619,68.0,0.77,2026-08-29 13:56:00-10,7.0,74.0,1.5,1.41,325.0
87f81c09-b436-4173-b53e-2149bf6304c7,2026-08-29 14:00:00-10,2026-08-29 13:56:00-10,0.19,0.671,60.0,0.79,2026-08-29 13:56:00-10,7.0,74.0,1.5,1.41,325.0
87f81c09-b436-4173-b53e-2149bf6304c7,2026-08-29 14:00:00-10,2026-08-29 13:56:00-10,0.2,0.619,64.0,0.79,2026-08-29 13:56:00-10,7.0,74.0,1.5,1.41,325.0
87f81c09-b436-4173-b53e-2149bf6304c7,2026-08-29 14:00:00-10,2026-08-29 13:56:00-10,0.21,0.697,60.0,0.82,2026-08-29 13:56:00-10,7.0,74.0,1.5,1.41,325.0
87f81c09-b436-4173-b53e-2149bf6304c7,2026-08-29 14:00:00-10,2026-08-29 13:56:00-10,0.22,0.568,64.0,0.8,2026-08-29 13:56:00-10,7.0,74.0,1.5,1.41,325.0
87f81c09-b436-4173-b53e-2149bf6304c7,2026-08-29 14:00:00-10,2026-08-29 13:56:00-10,0.23,0.516,76.0,0.86,2026-08-29 13:56:00-10,7.0,74.0,1.5,1.41,325.0
87f81c09-b436-4173-b53e-2149bf6304c7,2026-08-29 14:00:00-10,2026-08-29 13:56:00-10,0.24,0.284,76.0,0.83,2026-08-29 13:56:00-10,7.0,74.0,1.5,1.41,325.0
87f81c09-b436-4173-b53e-2149bf6304c7,2026-08-29 14:00:00-10,2026-08-29 13:56:00-10,0.25,0.31,84.0,0.88,2026-08-29 13:56:00-10,7.0,74.0,1.5,1.41,325.0
87f81c09-b436-4173-b53e-2149bf6304c7,2026-08-29 14:00:00-10,2026-08-29 13:56:00-10,0.26,0.335,84.0,0.87,2026-08-29 13:56:00-10,7.0,74.0,1.5,1.41,325.0
87f81c09-b436-4173-b53e-2149bf6304c7,2026-08-29 14:00:00-10,2026-08-29 13:56:00-10,0.27,0.206,84.0,0.81,2026-08-29 13:56:00-10,7.0,74.0,1.5,1.41,325.0
87f81c09-b436-4173-b53e-2149bf6304c7,2026-08-29 14:00:00-10,2026-08-29 13:56:00-10,0.28,0.155,68.0,0.75,2026-08-29 13:56:00-10,7.0,74.0,1.5,1.41,325.0
87f81c09-b436-4173-b53e-2149bf6304c7,2026-08-29 14:00:00-10,2026-08-29 13:56:00-10,0.29,0.206,72.0,0.87,2026-08-29 13:56:00-10,7.0,74.0,1.5,1.41,325.0
87f81c09-b436-4173-b53e-2149bf6304c7,2026-08-29 14:00:00-10,2026-08-29 13:56:00-10,0.3,0.181,76.0,0.87,2026-08-29 13:56:00-10,7.0,74.0,1.5,1.41,325.0
87f81c09-b436-4173-b53e-2149bf6304c7,2026-08-29 14:00:00-10,2026-08-29 13:56:00-10,0.31,0.181,88.0,0.85,2026-08-29 13:56:00-10,7.0,74.0,1.5,1.41,325.0
87f81c09-b436-4173-b53e-2149bf6304c7,2026-08-29 14:00:00-10,2026-08-29 13:56:00-10,0.32,0.129,76.0,0.82,2026-08-29 13:56:00-10,7.0,74.0,1.5,1.41,325.0
87f81c09-b436-4173-b53e-2149bf6304c7,2026-08-29 14:00:00-10,2026-08-29 13:56:00-10,0.33,0.129,76.0,0.84,2026-08-29 13:56:00-10,7.0,74.0,1.5,1.41,325.0
87f81c09-b436-4173-b53e-2149bf6304c7,2026-08-29 14:00:00-10,2026-08-29 13:56:00-10,0.34,0.129,88.0,0.85,2026-08-29 13:56:00-10,7.0,74.0,1.5,1.41,325.0
87f81c09-b436-4173-b53e-2149bf6304c7,2026-08-29 14:00:00-10,2026-08-29 13:56:00-10,0.35,0.155,76.0,0.84,2026-08-29 13:56:00-10,7.0,74.0,1.5,1.41,325.0
87f81c09-b436-4173-b53e-2149bf6304c7,2026-08-29 14:00:00-10,2026-08-29 13:56:00-10,0.36,0.103,80.0,0.78,2026-08-29 13:56:00-10,7.0,74.0,1.5,1.41,325.0
87f81c09-b436-4173-b53e-2149bf6304c7,2026-08-29 14:00:00-10,2026-08-29 13:56:00-10,0.37,0.026,76.0,0.74,2026-08-29 13:56:00-10,7.0,74.0,1.5,1.41,325.0
87f81c09-b436-4173-b53e-2149bf6304c7,2026-08-29 14:00:00-10,2026-08-29 13:56:00-10,0.38,0.026,80.0,0.67,2026-08-29 13:56:00-10,7.0,74.0,1.5,1.41,325.0
87f81c09-b436-4173-b53e-2149bf6304c7,2026-08-29 14:00:00-10,2026-08-29 13:56:00-10,0.39,0.052,80.0,0.78,2026-08-29 13:56:00-10,7.0,74.0,1.5,1.41,325.0
87f81c09-b436-4173-b53e-2149bf6304c7,2026-08-29 14:00:00-10,2026-08-29 13:56:00-10,0.4,0.026,88.0,0.75,2026-08-29 13:56:00-10,7.0,74.0,1.5,1.41,325.0
87f81c09-b436-4173-b53e-2149bf6304c7,2026-08-29 14:00:00-10,2026-08-29 13:56:00-10,0.41,0.026,72.0,0.77,2026-08-29 13:56:00-10,7.0,74.0,1.5,1.41,325.0
87f81c09-b436-4173-b53e-2149bf6304c7,2026-08-29 14:00:00-10,2026-08-29 13:56:00-10,0.42,0.026,84.0,0.7,2026-08-29 13:56:00-10,7.0,74.0,1.5,1.41,325.0
87f81c09-b436-4173-b53e-2149bf6304c7,2026-08-29 14:00:00-10,2026-08-29 13:56:00-10,0.43,0.026,72.0,0.72,2026-08-29 13:56:00-10,7.0,74.0,1.5,1.41,325.0
87f81c09-b436-4173-b53e-2149bf6304c7,2026-08-29 14:00:00-10,2026-08-29 13:56:00-10,0.44,0.026,84.0,0.76,2026-08-29 13:56:00-10,7.0,74.0,1.5,1.41,325.0
87f81c09-b436-4173-b53e-2149bf6304c7,2026-08-29 14:00:00-10,2026-08-29 13:56:00-10,0.45,0.026,88.0,0.76,2026-08-29 13:56:00-10,7.0,74.0,1.5,1.41,325.0
87f81c09-b436-4173-b53e-2149bf6304c7,2026-08-29 14:00:00-10,2026-08-29 13:56:00-10,0.46,0.026,80.0,0.76,2026-08-29 13:56:00-10,7.0,74.0,1.5,1.41,325.0
87f81c09-b436-4173-b53e-2149bf6304c7,2026-08-29 14:00:00-10,2026-08-29 13:56:00-10,0.47,0.026,76.0,0.82,2026-08-29 13:56:00-10,7.0,74.0,1.5,1.41,325.0
87f81c09-b436-4173-b53e-2149bf6304c7,2026-08-29 14:00:00-10,2026-08-29 13:56:00-10,0.48,0.026,80.0,0.72,2026-08-29 13:56:00-10,7.0,74.0,1.5,1.41,325.0
87f81c09-b436-4173-b53e-2149bf6304c7,2026-08-29 14:00:00-10,2026-08-29 13:56:00-10,0.49,0.026,68.0,0.7,2026-08-29 13:56:00-10,7.0,74.0,1.5,1.41,325.0
87f81c09-b436-4173-b53e-2149bf6304c7,2026-08-29 14:00:00-10,2026-08-29 13:56:00-10,0.5,0.0,68.0,0.62,2026-08-29 13:56:00-10,7.0,74.0,1.5,1.41,325.0
87f81c09-b436-4173-b53e-2149bf6304c7,2026-08-29 14:00:00-10,2026-08-29 13:56:00-10,0.51,0.0,80.0,0.63,2026-08-29 13:56:00-10,7.0,74.0,1.5,1.41,325.0
87f81c09-b436-4173-b53e-2149bf6304c7,2026-08-29 14:00:00-10,2026-08-29 13:56:00-10,0.52,0.026,80.0,0.73,2026-08-29 13:56:00-10,7.0,74.0,1.5,1.41,325.0
87f81c09-b436-4173-b53e-2149bf6304c7,2026-08-29 14:00:00-10,2026-08-29 13:56:00-10,0.53,0.0,76.0,0.69,2026-08-29 13:56:00-10,7.0,74.0,1.5,1.41,325.0
87f81c09-b436-4173-b53e-2149bf6304c7,2026-08-29 14:00:00-10,2026-08-29 13:56:00-10,0.54,0.0,92.0,0.72,2026-08-29 13:56:00-10,7.0,74.0,1.5,1.41,325.0
87f81c09-b436-4173-b53e-2149bf6304c7,2026-08-29 14:00:00-10,2026-08-29 13:56:00-10,0.55,0.0,64.0,0.7,2026-08-29 13:56:00-10,7.0,74.0,1.5,1.41,325.0
87f81c09-b436-4173-b53e-2149bf6304c7,2026-08-29 14:00:00-10,2026-08-29 13:56:00-10,0.56,0.0,80.0,0.71,2026-08-29 13:56:00-10,7.0,74.0,1.5,1.41,325.0
87f81c09-b436-4173-b53e-2149bf6304c7,2026-08-29 14:00:00-10,2026-08-29 13:56:00-10,0.57,0.0,76.0,0.7,2026-08-29 13:56:00-10,7.0,74.0,1.5,1.41,325.0
87f81c09-b436-4173-b53e-2149bf6304c7,2026-08-29 14:00:00-10,2026-08-29 13:56:00-10,0.58,0.0,84.0,0.6,2026-08-29 13:56:00-10,7.0,74.0,1.5,1.41,325.0
8dc1c37a-d964-4f90-ba67-8f32b8f2d14a,2026-08-31 14:00:00-10,2026-08-31 13:56:00-10,0.025,0.0,352.0,0.38,2026-08-31 14:26:00-10,8.0,51.0,2.2,3.04,507.0
8dc1c37a-d964-4f90-ba67-8f32b8f2d14a,2026-08-31 14:00:00-10,2026-08-31 13:56:00-10,0.03,0.0,60.0,0.41,2026-08-31 14:26:00-10,8.0,51.0,2.2,3.04,507.0
8dc1c37a-d964-4f90-ba67-8f32b8f2d14a,2026-08-31 14:00:00-10,2026-08-31 13:56:00-10,0.035,0.0,48.0,0.61,2026-08-31 14:26:00-10,8.0,51.0,2.2,3.04,507.0
8dc1c37a-d964-4f90-ba67-8f32b8f2d14a,2026-08-31 14:00:00-10,2026-08-31 13:56:00-10,0.04,0.0,64.0,0.43,2026-08-31 14:26:00-10,8.0,51.0,2.2,3.04,507.0
8dc1c37a-d964-4f90-ba67-8f32b8f2d14a,2026-08-31 14:00:00-10,2026-08-31 13:56:00-10,0.045,0.0,48.0,0.2,2026-08-31 14:26:00-10,8.0,51.0,2.2,3.04,507.0
8dc1c37a-d964-4f90-ba67-8f32b8f2d14a,2026-08-31 14:00:00-10,2026-08-31 13:56:00-10,0.05,0.0,92.0,0.65,2026-08-31 14:26:00-10,8.0,51.0,2.2,3.04,507.0
8dc1c37a-d964-4f90-ba67-8f32b8f2d14a,2026-08-31 14:00:00-10,2026-08-31 13:56:00-10,0.055,0.0,100.0,0.47,2026-08-31 14:26:00-10,8.0,51.0,2.2,3.04,507.0
8dc1c37a-d964-4f90-ba67-8f32b8f2d14a,2026-08-31 14:00:00-10,2026-08-31 13:56:00-10,0.06,0.0,36.0,0.24,2026-08-31 14:26:00-10,8.0,51.0,2.2,3.04,507.0
8dc1c37a-d964-4f90-ba67-8f32b8f2d14a,2026-08-31 14:00:00-10,2026-08-31 13:56:00-10,0.065,0.0,96.0,0.32,2026-08-31 14:26:00-10,8.0,51.0,2.2,3.04,507.0
8dc1c37a-d964-4f90-ba67-8f32b8f2d14a,2026-08-31 14:00:00-10,2026-08-31 13:56:00-10,0.07,0.0,84.0,0.24,2026-08-31 14:26:00-10,8.0,51.0,2.2,3.04,507.0
8dc1c37a-d964-4f90-ba67-8f32b8f2d14a,2026-08-31 14:00:00-10,2026-08-31 13:56:00-10,0.075,0.0,84.0,0.16,2026-08-31 14:26:00-10,8.0,51.0,2.2,3.04,507.0
8dc1c37a-d964-4f90-ba67-8f32b8f2d14a,2026-08-31 14:00:00-10,2026-08-31 13:56:00-10,0.08,0.055,24.0,0.56,2026-08-31 14:26:00-10,8.0,51.0,2.2,3.04,507.0
8dc1c37a-d964-4f90-ba67-8f32b8f2d14a,2026-08-31 14:00:00-10,2026-08-31 13:56:00-10,0.085,0.055,40.0,0.39,2026-08-31 14:26:00-10,8.0,51.0,2.2,3.04,507.0
8dc1c37a-d964-4f90-ba67-8f32b8f2d14a,2026-08-31 14:00:00-10,2026-08-31 13:56:00-10,0.09,0.165,88.0,0.68,2026-08-31 14:26:00-10,8.0,51.0,2.2,3.04,507.0
8dc1c37a-d964-4f90-ba67-8f32b8f2d14a,2026-08-31 14:00:00-10,2026-08-31 13:56:00-10,0.095,0.716,68.0,0.73,2026-08-31 14:26:00-10,8.0,51.0,2.2,3.04,507.0
8dc1c37a-d964-4f90-ba67-8f32b8f2d14a,2026-08-31 14:00:00-10,2026-08-31 13:56:00-10,0.101,0.606,64.0,0.72,2026-08-31 14:26:00-10,8.0,51.0,2.2,3.04,507.0
8dc1c37a-d964-4f90-ba67-8f32b8f2d14a,2026-08-31 14:00:00-10,2026-08-31 13:56:00-10,0.11,3.692,64.0,0.84,2026-08-31 14:26:00-10,8.0,51.0,2.2,3.04,507.0
8dc1c37a-d964-4f90-ba67-8f32b8f2d14a,2026-08-31 14:00:00-10,2026-08-31 13:56:00-10,0.12,5.51,52.0,0.88,2026-08-31 14:26:00-10,8.0,51.0,2.2,3.04,507.0
8dc1c37a-d964-4f90-ba67-8f32b8f2d14a,2026-08-31 14:00:00-10,2026-08-31 13:56:00-10,0.13,3.306,48.0,0.84,2026-08-31 14:26:00-10,8.0,51.0,2.2,3.04,507.0
8dc1c37a-d964-4f90-ba67-8f32b8f2d14a,2026-08-31 14:00:00-10,2026-08-31 13:56:00-10,0.14,1.929,52.0,0.72,2026-08-31 14:26:00-10,8.0,51.0,2.2,3.04,507.0
8dc1c37a-d964-4f90-ba67-8f32b8f2d14a,2026-08-31 14:00:00-10,2026-08-31 13:56:00-10,0.15,2.59,56.0,0.84,2026-08-31 14:26:00-10,8.0,51.0,2.2,3.04,507.0
8dc1c37a-d964-4f90-ba67-8f32b8f2d14a,2026-08-31 14:00:00-10,2026-08-31 13:56:00-10,0.16,1.873,68.0,0.8,2026-08-31 14:26:00-10,8.0,51.0,2.2,3.04,507.0
8dc1c37a-d964-4f90-ba67-8f32b8f2d14a,2026-08-31 14:00:00-10,2026-08-31 13:56:00-10,0.17,1.543,64.0,0.82,2026-08-31 14:26:00-10,8.0,51.0,2.2,3.04,507.0
8dc1c37a-d964-4f90-ba67-8f32b8f2d14a,2026-08-31 14:00:00-10,2026-08-31 13:56:00-10,0.18,0.937,60.0,0.75,2026-08-31 14:26:00-10,8.0,51.0,2.2,3.04,507.0
8dc1c37a-d964-4f90-ba67-8f32b8f2d14a,2026-08-31 14:00:00-10,2026-08-31 13:56:00-10,0.19,0.882,60.0,0.8,2026-08-31 14:26:00-10,8.0,51.0,2.2,3.04,507.0
8dc1c37a-d964-4f90-ba67-8f32b8f2d14a,2026-08-31 14:00:00-10,2026-08-31 13:56:00-10,0.2,0.882,64.0,0.82,2026-08-31 14:26:00-10,8.0,51.0,2.2,3.04,507.0
8dc1c37a-d964-4f90-ba67-8f32b8f2d14a,2026-08-31 14:00:00-10,2026-08-31 13:56:00-10,0.21,0.771,68.0,0.76,2026-08-31 14:26:00-10,8.0,51.0,2.2,3.04,507.0
8dc1c37a-d964-4f90-ba67-8f32b8f2d14a,2026-08-31 14:00:00-10,2026-08-31 13:56:00-10,0.22,0.551,64.0,0.78,2026-08-31 14:26:00-10,8.0,51.0,2.2,3.04,507.0
8dc1c37a-d964-4f90-ba67-8f32b8f2d14a,2026-08-31 14:00:00-10,2026-08-31 13:56:00-10,0.23,0.661,60.0,0.81,2026-08-31 14:26:00-10,8.0,51.0,2.2,3.04,507.0
8dc1c37a-d964-4f90-ba67-8f32b8f2d14a,2026-08-31 14:00:00-10,2026-08-31 13:56:00-10,0.24,0.551,64.0,0.8,2026-08-31 14:26:00-10,8.0,51.0,2.2,3.04,507.0
8dc1c37a-d964-4f90-ba67-8f32b8f2d14a,2026-08-31 14:00:00-10,2026-08-31 13:56:00-10,0.25,0.441,72.0,0.7,2026-08-31 14:26:00-10,8.0,51.0,2.2,3.04,507.0
8dc1c37a-d964-4f90-ba67-8f32b8f2d14a,2026-08-31 14:00:00-10,2026-08-31 13:56:00-10,0.26,0.331,72.0,0.72,2026-08-31 14:26:00-10,8.0,51.0,2.2,3.04,507.0
8dc1c37a-d964-4f90-ba67-8f32b8f2d14a,2026-08-31 14:00:00-10,2026-08-31 13:56:00-10,0.27,0.331,68.0,0.79,2026-08-31 14:26:00-10,8.0,51.0,2.2,3.04,507.0
8dc1c37a-d964-4f90-ba67-8f32b8f2d14a,2026-08-31 14:00:00-10,2026-08-31 13:56:00-10,0.28,0.22,84.0,0.66,2026-08-31 14:26:00-10,8.0,51.0,2.2,3.04,507.0
8dc1c37a-d964-4f90-ba67-8f32b8f2d14a,2026-08-31 14:00:00-10,2026-08-31 13:56:00-10,0.29,0.11,92.0,0.72,2026-08-31 14:26:00-10,8.0,51.0,2.2,3.04,507.0
8dc1c37a-d964-4f90-ba67-8f32b8f2d14a,2026-08-31 14:00:00-10,2026-08-31 13:56:00-10,0.3,0.11,84.0,0.67,2026-08-31 14:26:00-10,8.0,51.0,2.2,3.04,507.0
8dc1c37a-d964-4f90-ba67-8f32b8f2d14a,2026-08-31 14:00:00-10,2026-08-31 13:56:00-10,0.31,0.22,72.0,0.81,2026-08-31 14:26:00-10,8.0,51.0,2.2,3.04,507.0
8dc1c37a-d964-4f90-ba67-8f32b8f2d14a,2026-08-31 14:00:00-10,2026-08-31 13:56:00-10,0.32,0.055,76.0,0.66,2026-08-31 14:26:00-10,8.0,51.0,2.2,3.04,507.0
8dc1c37a-d964-4f90-ba67-8f32b8f2d14a,2026-08-31 14:00:00-10,2026-08-31 13:56:00-10,0.33,0.11,72.0,0.72,2026-08-31 14:26:00-10,8.0,51.0,2.2,3.04,507.0
8dc1c37a-d964-4f90-ba67-8f32b8f2d14a,2026-08-31 14:00:00-10,2026-08-31 13:56:00-10,0.34,0.11,84.0,0.76,2026-08-31 14:26:00-10,8.0,51.0,2.2,3.04,507.0
8dc1c37a-d964-4f90-ba67-8f32b8f2d14a,2026-08-31 14:00:00-10,2026-08-31 13:56:00-10,0.35,0.055,76.0,0.67,2026-08-31 14:26:00-10,8.0,51.0,2.2,3.04,507.0
8dc1c37a-d964-4f90-ba67-8f32b8f2d14a,2026-08-31 14:00:00-10,2026-08-31 13:56:00-10,0.36,0.055,64.0,0.63,2026-08-31 14:26:00-10,8.0,51.0,2.2,3.04,507.0
8dc1c37a-d964-4f90-ba67-8f32b8f2d14a,2026-08-31 14:00:00-10,2026-08-31 13:56:00-10,0.37,0.055,84.0,0.58,2026-08-31 14:26:00-10,8.0,51.0,2.2,3.04,507.0
8dc1c37a-d964-4f90-ba67-8f32b8f2d14a,2026-08-31 14:00:00-10,2026-08-31 13:56:00-10,0.38,0.0,88.0,0.61,2026-08-31 14:26:00-10,8.0,51.0,2.2,3.04,507.0
8dc1c37a-d964-4f90-ba67-8f32b8f2d14a,2026-08-31 14:00:00-10,2026-08-31 13:56:00-10,0.39,0.0,60.0,0.59,2026-08-31 14:26:00-10,8.0,51.0,2.2,3.04,507.0
8dc1c37a-d964-4f90-ba67-8f32b8f2d14a,2026-08-31 14:00:00-10,2026-08-31 13:56:00-10,0.4,0.055,64.0,0.66,2026-08-31 14:26:00-10,8.0,51.0,2.2,3.04,507.0
8dc1c37a-d964-4f90-ba67-8f32b8f2d14a,2026-08-31 14:00:00-10,2026-08-31 13:56:00-10,0.41,0.055,84.0,0.67,2026-08-31 14:26:00-10,8.0,51.0,2.2,3.04,507.0
8dc1c37a-d964-4f90-ba67-8f32b8f2d14a,2026-08-31 14:00:00-10,2026-08-31 13:56:00-10,0.42,0.055,60.0,0.66,2026-08-31 14:26:00-10,8.0,51.0,2.2,3.04,507.0
8dc1c37a-d964-4f90-ba67-8f32b8f2d14a,2026-08-31 14:00:00-10,2026-08-31 13:56:00-10,0.43,0.0,84.0,0.62,2026-08-31 14:26:00-10,8.0,51.0,2.2,3.04,507.0
8dc1c37a-d964-4f90-ba67-8f32b8f2d14a,2026-08-31 14:00:00-10,2026-08-31 13:56:00-10,0.44,0.0,76.0,0.61,2026-08-31 14:26:00-10,8.0,51.0,2.2,3.04,507.0
8dc1c37a-d964-4f90-ba67-8f32b8f2d14a,2026-08-31 14:00:00-10,2026-08-31 13:56:00-10,0.45,0.0,88.0,0.53,2026-08-31 14:26:00-10,8.0,51.0,2.2,3.04,507.0
8dc1c37a-d964-4f90-ba67-8f32b8f2d14a,2026-08-31 14:00:00-10,2026-08-31 13:56:00-10,0.46,0.0,96.0,0.7,2026-08-31 14:26:00-10,8.0,51.0,2.2,3.04,507.0
8dc1c37a-d964-4f90-ba67-8f32b8f2d14a,2026-08-31 14:00:00-10,2026-08-31 13:56:00-10,0.47,0.0,88.0,0.66,2026-08-31 14:26:00-10,8.0,51.0,2.2,3.04,507.0
8dc1c37a-d964-4f90-ba67-8f32b8f2d14a,2026-08-31 14:00:00-10,2026-08-31 13:56:00-10,0.48,0.0,92.0,0.68,2026-08-31 14:26:00-10,8.0,51.0,2.2,3.04,507.0
8dc1c37a-d964-4f90-ba67-8f32b8f2d14a,2026-08-31 14:00:00-10,2026-08-31 13:56:00-10,0.49,0.0,76.0,0.5,2026-08-31 14:26:00-10,8.0,51.0,2.2,3.04,507.0
8dc1c37a-d964-4f90-ba67-8f32b8f2d14a,2026-08-31 14:00:00-10,2026-08-31 13:56:00-10,0.5,0.0,60.0,0.49,2026-08-31 14:26:00-10,8.0,51.0,2.2,3.04,507.0
8dc1c37a-d964-4f90-ba67-8f32b8f2d14a,2026-08-31 14:00:00-10,2026-08-31 13:56:00-10,0.51,0.0,84.0,0.52,2026-08-31 14:26:00-10,8.0,51.0,2.2,3.04,507.0
8dc1c37a-d964-4f90-ba67-8f32b8f2d14a,2026-08-31 14:00:00-10,2026-08-31 13:56:00-10,0.52,0.0,48.0,0.58,2026-08-31 14:26:00-10,8.0,51.0,2.2,3.04,507.0
8dc1c37a-d964-4f90-ba67-8f32b8f2d14a,2026-08-31 14:00:00-10,2026-08-31 13:56:00-10,0.53,0.0,60.0,0.47,2026-08-31 14:26:00-10,8.0,51.0,2.2,3.04,507.0
8dc1c37a-d964-4f90-ba67-8f32b8f2d14a,2026-08-31 14:00:00-10,2026-08-31 13:56:00-10,0.54,0.0,72.0,0.56,2026-08-31 14:26:00-10,8.0,51.0,2.2,3.04,507.0
8dc1c37a-d964-4f90-ba67-8f32b8f2d14a,2026-08-31 14:00:00-10,2026-08-31 13:56:00-10,0.55,0.0,64.0,0.51,2026-08-31 14:26:00-10,8.0,51.0,2.2,3.04,507.0
8dc1c37a-d964-4f90-ba67-8f32b8f2d14a,2026-08-31 14:00:00-10,2026-08-31 13:56:00-10,0.56,0.0,64.0,0.48,2026-08-31 14:26:00-10,8.0,51.0,2.2,3.04,507.0
8dc1c37a-d964-4f90-ba67-8f32b8f2d14a,2026-08-31 14:00:00-10,2026-08-31 13:56:00-10,0.57,0.0,72.0,0.44,2026-08-31 14:26:00-10,8.0,51.0,2.2,3.04,507.0
8dc1c37a-d964-4f90-ba67-8f32b8f2d14a,2026-08-31 14:00:00-10,2026-08-31 13:56:00-10,0.58,0.0,60.0,0.47,2026-08-31 14:26:00-10,8.0,51.0,2.2,3.04,507.0
95e512ca-5d18-488e-9179-2a52899fbd6c,2026-08-26 14:00:00-10,2026-08-26 13:56:00-10,0.025,0.0,64.0,0.68,2026-08-26 13:56:00-10,6.0,74.0,1.5,1.41,223.0
95e512ca-5d18-488e-9179-2a52899fbd6c,2026-08-26 14:00:00-10,2026-08-26 13:56:00-10,0.03,0.0,56.0,0.58,2026-08-26 13:56:00-10,6.0,74.0,1.5,1.41,223.0
95e512ca-5d18-488e-9179-2a52899fbd6c,2026-08-26 14:00:00-10,2026-08-26 13:56:00-10,0.035,0.0,60.0,0.56,2026-08-26 13:56:00-10,6.0,74.0,1.5,1.41,223.0
95e512ca-5d18-488e-9179-2a52899fbd6c,2026-08-26 14:00:00-10,2026-08-26 13:56:00-10,0.04,0.0,88.0,0.75,2026-08-26 13:56:00-10,6.0,74.0,1.5,1.41,223.0
95e512ca-5d18-488e-9179-2a52899fbd6c,2026-08-26 14:00:00-10,2026-08-26 13:56:00-10,0.045,0.0,56.0,0.63,2026-08-26 13:56:00-10,6.0,74.0,1.5,1.41,223.0
95e512ca-5d18-488e-9179-2a52899fbd6c,2026-08-26 14:00:00-10,2026-08-26 13:56:00-10,0.05,0.0,352.0,0.29,2026-08-26 13:56:00-10,6.0,74.0,1.5,1.41,223.0
95e512ca-5d18-488e-9179-2a52899fbd6c,2026-08-26 14:00:00-10,2026-08-26 13:56:00-10,0.055,0.0,36.0,0.28,2026-08-26 13:56:00-10,6.0,74.0,1.5,1.41,223.0
95e512ca-5d18-488e-9179-2a52899fbd6c,2026-08-26 14:00:00-10,2026-08-26 13:56:00-10,0.06,0.0,116.0,0.3,2026-08-26 13:56:00-10,6.0,74.0,1.5,1.41,223.0
95e512ca-5d18-488e-9179-2a52899fbd6c,2026-08-26 14:00:00-10,2026-08-26 13:56:00-10,0.065,0.014,56.0,0.39,2026-08-26 13:56:00-10,6.0,74.0,1.5,1.41,223.0
95e512ca-5d18-488e-9179-2a52899fbd6c,2026-08-26 14:00:00-10,2026-08-26 13:56:00-10,0.07,0.014,84.0,0.14,2026-08-26 13:56:00-10,6.0,74.0,1.5,1.41,223.0
95e512ca-5d18-488e-9179-2a52899fbd6c,2026-08-26 14:00:00-10,2026-08-26 13:56:00-10,0.075,0.014,120.0,0.38,2026-08-26 13:56:00-10,6.0,74.0,1.5,1.41,223.0
95e512ca-5d18-488e-9179-2a52899fbd6c,2026-08-26 14:00:00-10,2026-08-26 13:56:00-10,0.08,0.014,36.0,0.29,2026-08-26 13:56:00-10,6.0,74.0,1.5,1.41,223.0
95e512ca-5d18-488e-9179-2a52899fbd6c,2026-08-26 14:00:00-10,2026-08-26 13:56:00-10,0.085,0.041,52.0,0.29,2026-08-26 13:56:00-10,6.0,74.0,1.5,1.41,223.0
95e512ca-5d18-488e-9179-2a52899fbd6c,2026-08-26 14:00:00-10,2026-08-26 13:56:00-10,0.09,0.069,92.0,0.22,2026-08-26 13:56:00-10,6.0,74.0,1.5,1.41,223.0
95e512ca-5d18-488e-9179-2a52899fbd6c,2026-08-26 14:00:00-10,2026-08-26 13:56:00-10,0.095,0.178,60.0,0.4,2026-08-26 13:56:00-10,6.0,74.0,1.5,1.41,223.0
95e512ca-5d18-488e-9179-2a52899fbd6c,2026-08-26 14:00:00-10,2026-08-26 13:56:00-10,0.101,0.178,64.0,0.53,2026-08-26 13:56:00-10,6.0,74.0,1.5,1.41,223.0
95e512ca-5d18-488e-9179-2a52899fbd6c,2026-08-26 14:00:00-10,2026-08-26 13:56:00-10,0.11,0.466,76.0,0.6,2026-08-26 13:56:00-10,6.0,74.0,1.5,1.41,223.0
95e512ca-5d18-488e-9179-2a52899fbd6c,2026-08-26 14:00:00-10,2026-08-26 13:56:00-10,0.12,0.918,92.0,0.77,2026-08-26 13:56:00-10,6.0,74.0,1.5,1.41,223.0
95e512ca-5d18-488e-9179-2a52899fbd6c,2026-08-26 14:00:00-10,2026-08-26 13:56:00-10,0.13,1.37,92.0,0.89,2026-08-26 13:56:00-10,6.0,74.0,1.5,1.41,223.0
95e512ca-5d18-488e-9179-2a52899fbd6c,2026-08-26 14:00:00-10,2026-08-26 13:56:00-10,0.14,1.096,88.0,0.8,2026-08-26 13:56:00-10,6.0,74.0,1.5,1.41,223.0
95e512ca-5d18-488e-9179-2a52899fbd6c,2026-08-26 14:00:00-10,2026-08-26 13:56:00-10,0.15,1.206,88.0,0.8,2026-08-26 13:56:00-10,6.0,74.0,1.5,1.41,223.0
95e512ca-5d18-488e-9179-2a52899fbd6c,2026-08-26 14:00:00-10,2026-08-26 13:56:00-10,0.16,0.973,84.0,0.81,2026-08-26 13:56:00-10,6.0,74.0,1.5,1.41,223.0
95e512ca-5d18-488e-9179-2a52899fbd6c,2026-08-26 14:00:00-10,2026-08-26 13:56:00-10,0.17,0.781,76.0,0.82,2026-08-26 13:56:00-10,6.0,74.0,1.5,1.41,223.0
95e512ca-5d18-488e-9179-2a52899fbd6c,2026-08-26 14:00:00-10,2026-08-26 13:56:00-10,0.18,1.055,68.0,0.84,2026-08-26 13:56:00-10,6.0,74.0,1.5,1.41,223.0
95e512ca-5d18-488e-9179-2a52899fbd6c,2026-08-26 14:00:00-10,2026-08-26 13:56:00-10,0.19,1.11,68.0,0.88,2026-08-26 13:56:00-10,6.0,74.0,1.5,1.41,223.0
95e512ca-5d18-488e-9179-2a52899fbd6c,2026-08-26 14:00:00-10,2026-08-26 13:56:00-10,0.2,0.822,68.0,0.84,2026-08-26 13:56:00-10,6.0,74.0,1.5,1.41,223.0
95e512ca-5d18-488e-9179-2a52899fbd6c,2026-08-26 14:00:00-10,2026-08-26 13:56:00-10,0.21,0.479,64.0,0.8,2026-08-26 13:56:00-10,6.0,74.0,1.5,1.41,223.0
95e512ca-5d18-488e-9179-2a52899fbd6c,2026-08-26 14:00:00-10,2026-08-26 13:56:00-10,0.22,0.479,72.0,0.82,2026-08-26 13:56:00-10,6.0,74.0,1.5,1.41,223.0
95e512ca-5d18-488e-9179-2a52899fbd6c,2026-08-26 14:00:00-10,2026-08-26 13:56:00-10,0.23,0.384,72.0,0.83,2026-08-26 13:56:00-10,6.0,74.0,1.5,1.41,223.0
95e512ca-5d18-488e-9179-2a52899fbd6c,2026-08-26 14:00:00-10,2026-08-26 13:56:00-10,0.24,0.384,72.0,0.84,2026-08-26 13:56:00-10,6.0,74.0,1.5,1.41,223.0
95e512ca-5d18-488e-9179-2a52899fbd6c,2026-08-26 14:00:00-10,2026-08-26 13:56:00-10,0.25,0.356,76.0,0.77,2026-08-26 13:56:00-10,6.0,74.0,1.5,1.41,223.0
95e512ca-5d18-488e-9179-2a52899fbd6c,2026-08-26 14:00:00-10,2026-08-26 13:56:00-10,0.26,0.329,72.0,0.8,2026-08-26 13:56:00-10,6.0,74.0,1.5,1.41,223.0
95e512ca-5d18-488e-9179-2a52899fbd6c,2026-08-26 14:00:00-10,2026-08-26 13:56:00-10,0.27,0.384,76.0,0.86,2026-08-26 13:56:00-10,6.0,74.0,1.5,1.41,223.0
95e512ca-5d18-488e-9179-2a52899fbd6c,2026-08-26 14:00:00-10,2026-08-26 13:56:00-10,0.28,0.192,72.0,0.81,2026-08-26 13:56:00-10,6.0,74.0,1.5,1.41,223.0
95e512ca-5d18-488e-9179-2a52899fbd6c,2026-08-26 14:00:00-10,2026-08-26 13:56:00-10,0.29,0.233,60.0,0.81,2026-08-26 13:56:00-10,6.0,74.0,1.5,1.41,223.0
95e512ca-5d18-488e-9179-2a52899fbd6c,2026-08-26 14:00:00-10,2026-08-26 13:56:00-10,0.3,0.164,72.0,0.81,2026-08-26 13:56:00-10,6.0,74.0,1.5,1.41,223.0
95e512ca-5d18-488e-9179-2a52899fbd6c,2026-08-26 14:00:00-10,2026-08-26 13:56:00-10,0.31,0.178,72.0,0.86,2026-08-26 13:56:00-10,6.0,74.0,1.5,1.41,223.0
95e512ca-5d18-488e-9179-2a52899fbd6c,2026-08-26 14:00:00-10,2026-08-26 13:56:00-10,0.32,0.178,68.0,0.8,2026-08-26 13:56:00-10,6.0,74.0,1.5,1.41,223.0
95e512ca-5d18-488e-9179-2a52899fbd6c,2026-08-26 14:00:00-10,2026-08-26 13:56:00-10,0.33,0.11,68.0,0.73,2026-08-26 13:56:00-10,6.0,74.0,1.5,1.41,223.0
95e512ca-5d18-488e-9179-2a52899fbd6c,2026-08-26 14:00:00-10,2026-08-26 13:56:00-10,0.34,0.096,72.0,0.73,2026-08-26 13:56:00-10,6.0,74.0,1.5,1.41,223.0
95e512ca-5d18-488e-9179-2a52899fbd6c,2026-08-26 14:00:00-10,2026-08-26 13:56:00-10,0.35,0.082,84.0,0.76,2026-08-26 13:56:00-10,6.0,74.0,1.5,1.41,223.0
95e512ca-5d18-488e-9179-2a52899fbd6c,2026-08-26 14:00:00-10,2026-08-26 13:56:00-10,0.36,0.082,72.0,0.76,2026-08-26 13:56:00-10,6.0,74.0,1.5,1.41,223.0
95e512ca-5d18-488e-9179-2a52899fbd6c,2026-08-26 14:00:00-10,2026-08-26 13:56:00-10,0.37,0.069,72.0,0.71,2026-08-26 13:56:00-10,6.0,74.0,1.5,1.41,223.0
95e512ca-5d18-488e-9179-2a52899fbd6c,2026-08-26 14:00:00-10,2026-08-26 13:56:00-10,0.38,0.069,72.0,0.77,2026-08-26 13:56:00-10,6.0,74.0,1.5,1.41,223.0
95e512ca-5d18-488e-9179-2a52899fbd6c,2026-08-26 14:00:00-10,2026-08-26 13:56:00-10,0.39,0.082,88.0,0.81,2026-08-26 13:56:00-10,6.0,74.0,1.5,1.41,223.0
95e512ca-5d18-488e-9179-2a52899fbd6c,2026-08-26 14:00:00-10,2026-08-26 13:56:00-10,0.4,0.069,80.0,0.8,2026-08-26 13:56:00-10,6.0,74.0,1.5,1.41,223.0
95e512ca-5d18-488e-9179-2a52899fbd6c,2026-08-26 14:00:00-10,2026-08-26 13:56:00-10,0.41,0.041,76.0,0.75,2026-08-26 13:56:00-10,6.0,74.0,1.5,1.41,223.0
95e512ca-5d18-488e-9179-2a52899fbd6c,2026-08-26 14:00:00-10,2026-08-26 13:56:00-10,0.42,0.041,84.0,0.77,2026-08-26 13:56:00-10,6.0,74.0,1.5,1.41,223.0
95e512ca-5d18-488e-9179-2a52899fbd6c,2026-08-26 14:00:00-10,2026-08-26 13:56:00-10,0.43,0.041,76.0,0.7,2026-08-26 13:56:00-10,6.0,74.0,1.5,1.41,223.0
95e512ca-5d18-488e-9179-2a52899fbd6c,2026-08-26 14:00:00-10,2026-08-26 13:56:00-10,0.44,0.041,72.0,0.69,2026-08-26 13:56:00-10,6.0,74.0,1.5,1.41,223.0
95e512ca-5d18-488e-9179-2a52899fbd6c,2026-08-26 14:00:00-10,2026-08-26 13:56:00-10,0.45,0.041,68.0,0.76,2026-08-26 13:56:00-10,6.0,74.0,1.5,1.41,223.0
95e512ca-5d18-488e-9179-2a52899fbd6c,2026-08-26 14:00:00-10,2026-08-26 13:56:00-10,0.46,0.041,84.0,0.72,2026-08-26 13:56:00-10,6.0,74.0,1.5,1.41,223.0
95e512ca-5d18-488e-9179-2a52899fbd6c,2026-08-26 14:00:00-10,2026-08-26 13:56:00-10,0.47,0.027,72.0,0.68,2026-08-26 13:56:00-10,6.0,74.0,1.5,1.41,223.0
95e512ca-5d18-488e-9179-2a52899fbd6c,2026-08-26 14:00:00-10,2026-08-26 13:56:00-10,0.48,0.027,80.0,0.68,2026-08-26 13:56:00-10,6.0,74.0,1.5,1.41,223.0
95e512ca-5d18-488e-9179-2a52899fbd6c,2026-08-26 14:00:00-10,2026-08-26 13:56:00-10,0.49,0.014,64.0,0.7,2026-08-26 13:56:00-10,6.0,74.0,1.5,1.41,223.0
95e512ca-5d18-488e-9179-2a52899fbd6c,2026-08-26 14:00:00-10,2026-08-26 13:56:00-10,0.5,0.027,72.0,0.78,2026-08-26 13:56:00-10,6.0,74.0,1.5,1.41,223.0
95e512ca-5d18-488e-9179-2a52899fbd6c,2026-08-26 14:00:00-10,2026-08-26 13:56:00-10,0.51,0.014,76.0,0.65,2026-08-26 13:56:00-10,6.0,74.0,1.5,1.41,223.0
95e512ca-5d18-488e-9179-2a52899fbd6c,2026-08-26 14:00:00-10,2026-08-26 13:56:00-10,0.52,0.014,64.0,0.59,2026-08-26 13:56:00-10,6.0,74.0,1.5,1.41,223.0
95e512ca-5d18-488e-9179-2a52899fbd6c,2026-08-26 14:00:00-10,2026-08-26 13:56:00-10,0.53,0.027,72.0,0.68,2026-08-26 13:56:00-10,6.0,74.0,1.5,1.41,223.0
95e512ca-5d18-488e-9179-2a52899fbd6c,2026-08-26 14:00:00-10,2026-08-26 13:56:00-10,0.54,0.014,76.0,0.64,2026-08-26 13:56:00-10,6.0,74.0,1.5,1.41,223.0
95e512ca-5d18-488e-9179-2a52899fbd6c,2026-08-26 14:00:00-10,2026-08-26 13:56:00-10,0.55,0.014,60.0,0.65,2026-08-26 13:56:00-10,6.0,74.0,1.5,1.41,223.0
95e512ca-5d18-488e-9179-2a52899fbd6c,2026-08-26 14:00:00-10,2026-08-26 13:56:00-10,0.56,0.014,72.0,0.69,2026-08-26 13:56:00-10,6.0,74.0,1.5,1.41,223.0
95e512ca-5d18-488e-9179-2a52899fbd6c,2026-08-26 14:00:00-10,2026-08-26 13:56:00-10,0.57,0.014,80.0,0.67,2026-08-26 13:56:00-10,6.0,74.0,1.5,1.41,223.0
95e512ca-5d18-488e-9179-2a52899fbd6c,2026-08-26 14:00:00-10,2026-08-26 13:56:00-10,0.58,0.014,92.0,0.67,2026-08-26 13:56:00-10,6.0,74.0,1.5,1.41,223.0
a440aa61-7236-4524-8881-56edd5fd95a3,2026-08-22 14:00:00-10,2026-08-22 13:56:00-10,0.025,0.0,92.0,0.66,2026-08-22 13:56:00-10,8.0,79.0,2.1,2.77,324.0
a440aa61-7236-4524-8881-56edd5fd95a3,2026-08-22 14:00:00-10,2026-08-22 13:56:00-10,0.03,0.0,84.0,0.52,2026-08-22 13:56:00-10,8.0,79.0,2.1,2.77,324.0
a440aa61-7236-4524-8881-56edd5fd95a3,2026-08-22 14:00:00-10,2026-08-22 13:56:00-10,0.035,0.0,116.0,0.52,2026-08-22 13:56:00-10,8.0,79.0,2.1,2.77,324.0
a440aa61-7236-4524-8881-56edd5fd95a3,2026-08-22 14:00:00-10,2026-08-22 13:56:00-10,0.04,0.0,84.0,0.56,2026-08-22 13:56:00-10,8.0,79.0,2.1,2.77,324.0
a440aa61-7236-4524-8881-56edd5fd95a3,2026-08-22 14:00:00-10,2026-08-22 13:56:00-10,0.045,0.0,68.0,0.69,2026-08-22 13:56:00-10,8.0,79.0,2.1,2.77,324.0
a440aa61-7236-4524-8881-56edd5fd95a3,2026-08-22 14:00:00-10,2026-08-22 13:56:00-10,0.05,0.0,120.0,0.3,2026-08-22 13:56:00-10,8.0,79.0,2.1,2.77,324.0
a440aa61-7236-4524-8881-56edd5fd95a3,2026-08-22 14:00:00-10,2026-08-22 13:56:00-10,0.055,0.0,44.0,0.44,2026-08-22 13:56:00-10,8.0,79.0,2.1,2.77,324.0
a440aa61-7236-4524-8881-56edd5fd95a3,2026-08-22 14:00:00-10,2026-08-22 13:56:00-10,0.06,0.0,104.0,0.4,2026-08-22 13:56:00-10,8.0,79.0,2.1,2.77,324.0
a440aa61-7236-4524-8881-56edd5fd95a3,2026-08-22 14:00:00-10,2026-08-22 13:56:00-10,0.065,0.0,84.0,0.31,2026-08-22 13:56:00-10,8.0,79.0,2.1,2.77,324.0
a440aa61-7236-4524-8881-56edd5fd95a3,2026-08-22 14:00:00-10,2026-08-22 13:56:00-10,0.07,0.031,136.0,0.11,2026-08-22 13:56:00-10,8.0,79.0,2.1,2.77,324.0
a440aa61-7236-4524-8881-56edd5fd95a3,2026-08-22 14:00:00-10,2026-08-22 13:56:00-10,0.075,0.0,40.0,0.58,2026-08-22 13:56:00-10,8.0,79.0,2.1,2.77,324.0
a440aa61-7236-4524-8881-56edd5fd95a3,2026-08-22 14:00:00-10,2026-08-22 13:56:00-10,0.08,0.031,40.0,0.31,2026-08-22 13:56:00-10,8.0,79.0,2.1,2.77,324.0
a440aa61-7236-4524-8881-56edd5fd95a3,2026-08-22 14:00:00-10,2026-08-22 13:56:00-10,0.085,0.031,104.0,0.37,2026-08-22 13:56:00-10,8.0,79.0,2.1,2.77,324.0
a440aa61-7236-4524-8881-56edd5fd95a3,2026-08-22 14:00:00-10,2026-08-22 13:56:00-10,0.09,0.093,92.0,0.66,2026-08-22 13:56:00-10,8.0,79.0,2.1,2.77,324.0
a440aa61-7236-4524-8881-56edd5fd95a3,2026-08-22 14:00:00-10,2026-08-22 13:56:00-10,0.095,0.403,96.0,0.55,2026-08-22 13:56:00-10,8.0,79.0,2.1,2.77,324.0
a440aa61-7236-4524-8881-56edd5fd95a3,2026-08-22 14:00:00-10,2026-08-22 13:56:00-10,0.101,1.054,100.0,0.87,2026-08-22 13:56:00-10,8.0,79.0,2.1,2.77,324.0
a440aa61-7236-4524-8881-56edd5fd95a3,2026-08-22 14:00:00-10,2026-08-22 13:56:00-10,0.11,1.984,92.0,0.86,2026-08-22 13:56:00-10,8.0,79.0,2.1,2.77,324.0
a440aa61-7236-4524-8881-56edd5fd95a3,2026-08-22 14:00:00-10,2026-08-22 13:56:00-10,0.12,3.1,80.0,0.85,2026-08-22 13:56:00-10,8.0,79.0,2.1,2.77,324.0
a440aa61-7236-4524-8881-56edd5fd95a3,2026-08-22 14:00:00-10,2026-08-22 13:56:00-10,0.13,2.325,72.0,0.78,2026-08-22 13:56:00-10,8.0,79.0,2.1,2.77,324.0
a440aa61-7236-4524-8881-56edd5fd95a3,2026-08-22 14:00:00-10,2026-08-22 13:56:00-10,0.14,1.426,80.0,0.79,2026-08-22 13:56:00-10,8.0,79.0,2.1,2.77,324.0
a440aa61-7236-4524-8881-56edd5fd95a3,2026-08-22 14:00:00-10,2026-08-22 13:56:00-10,0.15,1.085,76.0,0.86,2026-08-22 13:56:00-10,8.0,79.0,2.1,2.77,324.0
a440aa61-7236-4524-8881-56edd5fd95a3,2026-08-22 14:00:00-10,2026-08-22 13:56:00-10,0.16,0.899,76.0,0.87,2026-08-22 13:56:00-10,8.0,79.0,2.1,2.77,324.0
a440aa61-7236-4524-8881-56edd5fd95a3,2026-08-22 14:00:00-10,2026-08-22 13:56:00-10,0.17,0.558,68.0,0.72,2026-08-22 13:56:00-10,8.0,79.0,2.1,2.77,324.0
a440aa61-7236-4524-8881-56edd5fd95a3,2026-08-22 14:00:00-10,2026-08-22 13:56:00-10,0.18,0.651,76.0,0.81,2026-08-22 13:56:00-10,8.0,79.0,2.1,2.77,324.0
a440aa61-7236-4524-8881-56edd5fd95a3,2026-08-22 14:00:00-10,2026-08-22 13:56:00-10,0.19,0.961,76.0,0.85,2026-08-22 13:56:00-10,8.0,79.0,2.1,2.77,324.0
a440aa61-7236-4524-8881-56edd5fd95a3,2026-08-22 14:00:00-10,2026-08-22 13:56:00-10,0.2,0.589,72.0,0.83,2026-08-22 13:56:00-10,8.0,79.0,2.1,2.77,324.0
a440aa61-7236-4524-8881-56edd5fd95a3,2026-08-22 14:00:00-10,2026-08-22 13:56:00-10,0.21,0.868,68.0,0.87,2026-08-22 13:56:00-10,8.0,79.0,2.1,2.77,324.0
a440aa61-7236-4524-8881-56edd5fd95a3,2026-08-22 14:00:00-10,2026-08-22 13:56:00-10,0.22,0.775,80.0,0.84,2026-08-22 13:56:00-10,8.0,79.0,2.1,2.77,324.0
a440aa61-7236-4524-8881-56edd5fd95a3,2026-08-22 14:00:00-10,2026-08-22 13:56:00-10,0.23,0.744,84.0,0.81,2026-08-22 13:56:00-10,8.0,79.0,2.1,2.77,324.0
a440aa61-7236-4524-8881-56edd5fd95a3,2026-08-22 14:00:00-10,2026-08-22 13:56:00-10,0.24,0.589,80.0,0.86,2026-08-22 13:56:00-10,8.0,79.0,2.1,2.77,324.0
a440aa61-7236-4524-8881-56edd5fd95a3,2026-08-22 14:00:00-10,2026-08-22 13:56:00-10,0.25,0.341,76.0,0.84,2026-08-22 13:56:00-10,8.0,79.0,2.1,2.77,324.0
a440aa61-7236-4524-8881-56edd5fd95a3,2026-08-22 14:00:00-10,2026-08-22 13:56:00-10,0.26,0.31,80.0,0.82,2026-08-22 13:56:00-10,8.0,79.0,2.1,2.77,324.0
a440aa61-7236-4524-8881-56edd5fd95a3,2026-08-22 14:00:00-10,2026-08-22 13:56:00-10,0.27,0.248,80.0,0.81,2026-08-22 13:56:00-10,8.0,79.0,2.1,2.77,324.0
a440aa61-7236-4524-8881-56edd5fd95a3,2026-08-22 14:00:00-10,2026-08-22 13:56:00-10,0.28,0.248,76.0,0.82,2026-08-22 13:56:00-10,8.0,79.0,2.1,2.77,324.0
a440aa61-7236-4524-8881-56edd5fd95a3,2026-08-22 14:00:00-10,2026-08-22 13:56:00-10,0.29,0.155,76.0,0.84,2026-08-22 13:56:00-10,8.0,79.0,2.1,2.77,324.0
a440aa61-7236-4524-8881-56edd5fd95a3,2026-08-22 14:00:00-10,2026-08-22 13:56:00-10,0.3,0.124,72.0,0.8,2026-08-22 13:56:00-10,8.0,79.0,2.1,2.77,324.0
a440aa61-7236-4524-8881-56edd5fd95a3,2026-08-22 14:00:00-10,2026-08-22 13:56:00-10,0.31,0.186,80.0,0.82,2026-08-22 13:56:00-10,8.0,79.0,2.1,2.77,324.0
a440aa61-7236-4524-8881-56edd5fd95a3,2026-08-22 14:00:00-10,2026-08-22 13:56:00-10,0.32,0.093,92.0,0.79,2026-08-22 13:56:00-10,8.0,79.0,2.1,2.77,324.0
a440aa61-7236-4524-8881-56edd5fd95a3,2026-08-22 14:00:00-10,2026-08-22 13:56:00-10,0.33,0.093,88.0,0.83,2026-08-22 13:56:00-10,8.0,79.0,2.1,2.77,324.0
a440aa61-7236-4524-8881-56edd5fd95a3,2026-08-22 14:00:00-10,2026-08-22 13:56:00-10,0.34,0.062,88.0,0.74,2026-08-22 13:56:00-10,8.0,79.0,2.1,2.77,324.0
a440aa61-7236-4524-8881-56edd5fd95a3,2026-08-22 14:00:00-10,2026-08-22 13:56:00-10,0.35,0.093,72.0,0.79,2026-08-22 13:56:00-10,8.0,79.0,2.1,2.77,324.0
a440aa61-7236-4524-8881-56edd5fd95a3,2026-08-22 14:00:00-10,2026-08-22 13:56:00-10,0.36,0.062,80.0,0.82,2026-08-22 13:56:00-10,8.0,79.0,2.1,2.77,324.0
a440aa61-7236-4524-8881-56edd5fd95a3,2026-08-22 14:00:00-10,2026-08-22 13:56:00-10,0.37,0.093,84.0,0.77,2026-08-22 13:56:00-10,8.0,79.0,2.1,2.77,324.0
a440aa61-7236-4524-8881-56edd5fd95a3,2026-08-22 14:00:00-10,2026-08-22 13:56:00-10,0.38,0.031,96.0,0.72,2026-08-22 13:56:00-10,8.0,79.0,2.1,2.77,324.0
a440aa61-7236-4524-8881-56edd5fd95a3,2026-08-22 14:00:00-10,2026-08-22 13:56:00-10,0.39,0.031,76.0,0.67,2026-08-22 13:56:00-10,8.0,79.0,2.1,2.77,324.0
a440aa61-7236-4524-8881-56edd5fd95a3,2026-08-22 14:00:00-10,2026-08-22 13:56:00-10,0.4,0.062,72.0,0.73,2026-08-22 13:56:00-10,8.0,79.0,2.1,2.77,324.0
a440aa61-7236-4524-8881-56edd5fd95a3,2026-08-22 14:00:00-10,2026-08-22 13:56:00-10,0.41,0.031,84.0,0.75,2026-08-22 13:56:00-10,8.0,79.0,2.1,2.77,324.0
a440aa61-7236-4524-8881-56edd5fd95a3,2026-08-22 14:00:00-10,2026-08-22 13:56:00-10,0.42,0.031,84.0,0.75,2026-08-22 13:56:00-10,8.0,79.0,2.1,2.77,324.0
a440aa61-7236-4524-8881-56edd5fd95a3,2026-08-22 14:00:00-10,2026-08-22 13:56:00-10,0.43,0.031,80.0,0.65,2026-08-22 13:56:00-10,8.0,79.0,2.1,2.77,324.0
a440aa61-7236-4524-8881-56edd5fd95a3,2026-08-22 14:00:00-10,2026-08-22 13:56:00-10,0.44,0.031,88.0,0.68,2026-08-22 13:56:00-10,8.0,79.0,2.1,2.77,324.0
a440aa61-7236-4524-8881-56edd5fd95a3,2026-08-22 14:00:00-10,2026-08-22 13:56:00-10,0.45,0.031,88.0,0.74,2026-08-22 13:56:00-10,8.0,79.0,2.1,2.77,324.0
a440aa61-7236-4524-8881-56edd5fd95a3,2026-08-22 14:00:00-10,2026-08-22 13:56:00-10,0.46,0.031,76.0,0.69,2026-08-22 13:56:00-10,8.0,79.0,2.1,2.77,324.0
a440aa61-7236-4524-8881-56edd5fd95a3,2026-08-22 14:00:00-10,2026-08-22 13:56:00-10,0.47,0.031,76.0,0.72,2026-08-22 13:56:00-10,8.0,79.0,2.1,2.77,324.0
a440aa61-7236-4524-8881-56edd5fd95a3,2026-08-22 14:00:00-10,2026-08-22 13:56:00-10,0.48,0.031,72.0,0.78,2026-08-22 13:56:00-10,8.0,79.0,2.1,2.77,324.0
a440aa61-7236-4524-8881-56edd5fd95a3,2026-08-22 14:00:00-10,2026-08-22 13:56:00-10,0.49,0.031,64.0,0.73,2026-08-22 13:56:00-10,8.0,79.0,2.1,2.77,324.0
a440aa61-7236-4524-8881-56edd5fd95a3,2026-08-22 14:00:00-10,2026-08-22 13:56:00-10,0.5,0.031,80.0,0.71,2026-08-22 13:56:00-10,8.0,79.0,2.1,2.77,324.0
a440aa61-7236-4524-8881-56edd5fd95a3,2026-08-22 14:00:00-10,2026-08-22 13:56:00-10,0.51,0.0,84.0,0.6,2026-08-22 13:56:00-10,8.0,79.0,2.1,2.77,324.0
a440aa61-7236-4524-8881-56edd5fd95a3,2026-08-22 14:00:00-10,2026-08-22 13:56:00-10,0.52,0.0,68.0,0.56,2026-08-22 13:56:00-10,8.0,79.0,2.1,2.77,324.0
a440aa61-7236-4524-8881-56edd5fd95a3,2026-08-22 14:00:00-10,2026-08-22 13:56:00-10,0.53,0.0,72.0,0.58,2026-08-22 13:56:00-10,8.0,79.0,2.1,2.77,324.0
a440aa61-7236-4524-8881-56edd5fd95a3,2026-08-22 14:00:00-10,2026-08-22 13:56:00-10,0.54,0.0,88.0,0.71,2026-08-22 13:56:00-10,8.0,79.0,2.1,2.77,324.0
a440aa61-7236-4524-8881-56edd5fd95a3,2026-08-22 14:00:00-10,2026-08-22 13:56:00-10,0.55,0.0,92.0,0.54,2026-08-22 13:56:00-10,8.0,79.0,2.1,2.77,324.0
a440aa61-7236-4524-8881-56edd5fd95a3,2026-08-22 14:00:00-10,2026-08-22 13:56:00-10,0.56,0.0,76.0,0.44,2026-08-22 13:56:00-10,8.0,79.0,2.1,2.77,324.0
a440aa61-7236-4524-8881-56edd5fd95a3,2026-08-22 14:00:00-10,2026-08-22 13:56:00-10,0.57,0.0,80.0,0.55,2026-08-22 13:56:00-10,8.0,79.0,2.1,2.77,324.0
a440aa61-7236-4524-8881-56edd5fd95a3,2026-08-22 14:00:00-10,2026-08-22 13:56:00-10,0.58,0.0,88.0,0.57,2026-08-22 13:56:00-10,8.0,79.0,2.1,2.77,324.0
a664b363-854d-4792-8f47-c4d606ca8b86,,,,,,,2026-09-23 13:56:00-10,11.0,93.0,2.2,3.04,746.0
b33f17d0-4de5-49ad-812e-8a146c263523,2026-09-03 14:00:00-10,2026-09-03 13:56:00-10,0.025,0.0,100.0,0.32,2026-09-03 13:56:00-10,8.0,81.0,2.1,2.77,482.0
b33f17d0-4de5-49ad-812e-8a146c263523,2026-09-03 14:00:00-10,2026-09-03 13:56:00-10,0.03,0.0,92.0,0.24,2026-09-03 13:56:00-10,8.0,81.0,2.1,2.77,482.0
b33f17d0-4de5-49ad-812e-8a146c263523,2026-09-03 14:00:00-10,2026-09-03 13:56:00-10,0.035,0.0,56.0,0.72,2026-09-03 13:56:00-10,8.0,81.0,2.1,2.77,482.0
b33f17d0-4de5-49ad-812e-8a146c263523,2026-09-03 14:00:00-10,2026-09-03 13:56:00-10,0.04,0.0,88.0,0.5,2026-09-03 13:56:00-10,8.0,81.0,2.1,2.77,482.0
b33f17d0-4de5-49ad-812e-8a146c263523,2026-09-03 14:00:00-10,2026-09-03 13:56:00-10,0.045,0.0,72.0,0.52,2026-09-03 13:56:00-10,8.0,81.0,2.1,2.77,482.0
b33f17d0-4de5-49ad-812e-8a146c263523,2026-09-03 14:00:00-10,2026-09-03 13:56:00-10,0.05,0.0,352.0,0.18,2026-09-03 13:56:00-10,8.0,81.0,2.1,2.77,482.0
b33f17d0-4de5-49ad-812e-8a146c263523,2026-09-03 14:00:00-10,2026-09-03 13:56:00-10,0.055,0.03,88.0,0.3,2026-09-03 13:56:00-10,8.0,81.0,2.1,2.77,482.0
b33f17d0-4de5-49ad-812e-8a146c263523,2026-09-03 14:00:00-10,2026-09-03 13:56:00-10,0.06,0.119,108.0,0.51,2026-09-03 13:56:00-10,8.0,81.0,2.1,2.77,482.0
b33f17d0-4de5-49ad-812e-8a146c263523,2026-09-03 14:00:00-10,2026-09-03 13:56:00-10,0.065,0.149,68.0,0.4,2026-09-03 13:56:00-10,8.0,81.0,2.1,2.77,482.0
b33f17d0-4de5-49ad-812e-8a146c263523,2026-09-03 14:00:00-10,2026-09-03 13:56:00-10,0.07,0.119,116.0,0.34,2026-09-03 13:56:00-10,8.0,81.0,2.1,2.77,482.0
b33f17d0-4de5-49ad-812e-8a146c263523,2026-09-03 14:00:00-10,2026-09-03 13:56:00-10,0.075,0.268,100.0,0.5,2026-09-03 13:56:00-10,8.0,81.0,2.1,2.77,482.0
b33f17d0-4de5-49ad-812e-8a146c263523,2026-09-03 14:00:00-10,2026-09-03 13:56:00-10,0.08,1.311,76.0,0.85,2026-09-03 13:56:00-10,8.0,81.0,2.1,2.77,482.0
b33f17d0-4de5-49ad-812e-8a146c263523,2026-09-03 14:00:00-10,2026-09-03 13:56:00-10,0.085,0.566,72.0,0.73,2026-09-03 13:56:00-10,8.0,81.0,2.1,2.77,482.0
b33f17d0-4de5-49ad-812e-8a146c263523,2026-09-03 14:00:00-10,2026-09-03 13:56:00-10,0.09,0.805,80.0,0.9,2026-09-03 13:56:00-10,8.0,81.0,2.1,2.77,482.0
b33f17d0-4de5-49ad-812e-8a146c263523,2026-09-03 14:00:00-10,2026-09-03 13:56:00-10,0.095,0.924,80.0,0.74,2026-09-03 13:56:00-10,8.0,81.0,2.1,2.77,482.0
b33f17d0-4de5-49ad-812e-8a146c263523,2026-09-03 14:00:00-10,2026-09-03 13:56:00-10,0.101,1.162,80.0,0.78,2026-09-03 13:56:00-10,8.0,81.0,2.1,2.77,482.0
b33f17d0-4de5-49ad-812e-8a146c263523,2026-09-03 14:00:00-10,2026-09-03 13:56:00-10,0.11,1.401,76.0,0.82,2026-09-03 13:56:00-10,8.0,81.0,2.1,2.77,482.0
b33f17d0-4de5-49ad-812e-8a146c263523,2026-09-03 14:00:00-10,2026-09-03 13:56:00-10,0.12,2.92,76.0,0.86,2026-09-03 13:56:00-10,8.0,81.0,2.1,2.77,482.0
b33f17d0-4de5-49ad-812e-8a146c263523,2026-09-03 14:00:00-10,2026-09-03 13:56:00-10,0.13,2.98,76.0,0.87,2026-09-03 13:56:00-10,8.0,81.0,2.1,2.77,482.0
b33f17d0-4de5-49ad-812e-8a146c263523,2026-09-03 14:00:00-10,2026-09-03 13:56:00-10,0.14,1.49,64.0,0.82,2026-09-03 13:56:00-10,8.0,81.0,2.1,2.77,482.0
b33f17d0-4de5-49ad-812e-8a146c263523,2026-09-03 14:00:00-10,2026-09-03 13:56:00-10,0.15,1.341,64.0,0.73,2026-09-03 13:56:00-10,8.0,81.0,2.1,2.77,482.0
b33f17d0-4de5-49ad-812e-8a146c263523,2026-09-03 14:00:00-10,2026-09-03 13:56:00-10,0.16,2.563,60.0,0.87,2026-09-03 13:56:00-10,8.0,81.0,2.1,2.77,482.0
b33f17d0-4de5-49ad-812e-8a146c263523,2026-09-03 14:00:00-10,2026-09-03 13:56:00-10,0.17,2.026,68.0,0.82,2026-09-03 13:56:00-10,8.0,81.0,2.1,2.77,482.0
b33f17d0-4de5-49ad-812e-8a146c263523,2026-09-03 14:00:00-10,2026-09-03 13:56:00-10,0.18,1.728,64.0,0.81,2026-09-03 13:56:00-10,8.0,81.0,2.1,2.77,482.0
b33f17d0-4de5-49ad-812e-8a146c263523,2026-09-03 14:00:00-10,2026-09-03 13:56:00-10,0.19,1.222,68.0,0.84,2026-09-03 13:56:00-10,8.0,81.0,2.1,2.77,482.0
b33f17d0-4de5-49ad-812e-8a146c263523,2026-09-03 14:00:00-10,2026-09-03 13:56:00-10,0.2,0.864,72.0,0.85,2026-09-03 13:56:00-10,8.0,81.0,2.1,2.77,482.0
b33f17d0-4de5-49ad-812e-8a146c263523,2026-09-03 14:00:00-10,2026-09-03 13:56:00-10,0.21,0.894,72.0,0.85,2026-09-03 13:56:00-10,8.0,81.0,2.1,2.77,482.0
b33f17d0-4de5-49ad-812e-8a146c263523,2026-09-03 14:00:00-10,2026-09-03 13:56:00-10,0.22,0.507,68.0,0.77,2026-09-03 13:56:00-10,8.0,81.0,2.1,2.77,482.0
b33f17d0-4de5-49ad-812e-8a146c263523,2026-09-03 14:00:00-10,2026-09-03 13:56:00-10,0.23,0.447,76.0,0.81,2026-09-03 13:56:00-10,8.0,81.0,2.1,2.77,482.0
b33f17d0-4de5-49ad-812e-8a146c263523,2026-09-03 14:00:00-10,2026-09-03 13:56:00-10,0.24,0.626,72.0,0.85,2026-09-03 13:56:00-10,8.0,81.0,2.1,2.77,482.0
b33f17d0-4de5-49ad-812e-8a146c263523,2026-09-03 14:00:00-10,2026-09-03 13:56:00-10,0.25,0.507,88.0,0.79,2026-09-03 13:56:00-10,8.0,81.0,2.1,2.77,482.0
b33f17d0-4de5-49ad-812e-8a146c263523,2026-09-03 14:00:00-10,2026-09-03 13:56:00-10,0.26,0.387,72.0,0.76,2026-09-03 13:56:00-10,8.0,81.0,2.1,2.77,482.0
b33f17d0-4de5-49ad-812e-8a146c263523,2026-09-03 14:00:00-10,2026-09-03 13:56:00-10,0.27,0.387,72.0,0.82,2026-09-03 13:56:00-10,8.0,81.0,2.1,2.77,482.0
b33f17d0-4de5-49ad-812e-8a146c263523,2026-09-03 14:00:00-10,2026-09-03 13:56:00-10,0.28,0.298,72.0,0.86,2026-09-03 13:56:00-10,8.0,81.0,2.1,2.77,482.0
b33f17d0-4de5-49ad-812e-8a146c263523,2026-09-03 14:00:00-10,2026-09-03 13:56:00-10,0.29,0.298,80.0,0.84,2026-09-03 13:56:00-10,8.0,81.0,2.1,2.77,482.0
b33f17d0-4de5-49ad-812e-8a146c263523,2026-09-03 14:00:00-10,2026-09-03 13:56:00-10,0.3,0.149,76.0,0.73,2026-09-03 13:56:00-10,8.0,81.0,2.1,2.77,482.0
b33f17d0-4de5-49ad-812e-8a146c263523,2026-09-03 14:00:00-10,2026-09-03 13:56:00-10,0.31,0.238,88.0,0.78,2026-09-03 13:56:00-10,8.0,81.0,2.1,2.77,482.0
b33f17d0-4de5-49ad-812e-8a146c263523,2026-09-03 14:00:00-10,2026-09-03 13:56:00-10,0.32,0.209,76.0,0.82,2026-09-03 13:56:00-10,8.0,81.0,2.1,2.77,482.0
b33f17d0-4de5-49ad-812e-8a146c263523,2026-09-03 14:00:00-10,2026-09-03 13:56:00-10,0.33,0.179,96.0,0.81,2026-09-03 13:56:00-10,8.0,81.0,2.1,2.77,482.0
b33f17d0-4de5-49ad-812e-8a146c263523,2026-09-03 14:00:00-10,2026-09-03 13:56:00-10,0.34,0.119,88.0,0.72,2026-09-03 13:56:00-10,8.0,81.0,2.1,2.77,482.0
b33f17d0-4de5-49ad-812e-8a146c263523,2026-09-03 14:00:00-10,2026-09-03 13:56:00-10,0.35,0.089,80.0,0.69,2026-09-03 13:56:00-10,8.0,81.0,2.1,2.77,482.0
b33f17d0-4de5-49ad-812e-8a146c263523,2026-09-03 14:00:00-10,2026-09-03 13:56:00-10,0.36,0.089,72.0,0.67,2026-09-03 13:56:00-10,8.0,81.0,2.1,2.77,482.0
b33f17d0-4de5-49ad-812e-8a146c263523,2026-09-03 14:00:00-10,2026-09-03 13:56:00-10,0.37,0.06,84.0,0.73,2026-09-03 13:56:00-10,8.0,81.0,2.1,2.77,482.0
b33f17d0-4de5-49ad-812e-8a146c263523,2026-09-03 14:00:00-10,2026-09-03 13:56:00-10,0.38,0.06,92.0,0.78,2026-09-03 13:56:00-10,8.0,81.0,2.1,2.77,482.0
b33f17d0-4de5-49ad-812e-8a146c263523,2026-09-03 14:00:00-10,2026-09-03 13:56:00-10,0.39,0.03,76.0,0.7,2026-09-03 13:56:00-10,8.0,81.0,2.1,2.77,482.0
b33f17d0-4de5-49ad-812e-8a146c263523,2026-09-03 14:00:00-10,2026-09-03 13:56:00-10,0.4,0.03,84.0,0.67,2026-09-03 13:56:00-10,8.0,81.0,2.1,2.77,482.0
b33f17d0-4de5-49ad-812e-8a146c263523,2026-09-03 14:00:00-10,2026-09-03 13:56:00-10,0.41,0.03,84.0,0.64,2026-09-03 13:56:00-10,8.0,81.0,2.1,2.77,482.0
b33f17d0-4de5-49ad-812e-8a146c263523,2026-09-03 14:00:00-10,2026-09-03 13:56:00-10,0.42,0.03,88.0,0.54,2026-09-03 13:56:00-10,8.0,81.0,2.1,2.77,482.0
b33f17d0-4de5-49ad-812e-8a146c263523,2026-09-03 14:00:00-10,2026-09-03 13:56:00-10,0.43,0.03,76.0,0.6,2026-09-03 13:56:00-10,8.0,81.0,2.1,2.77,482.0
b33f17d0-4de5-49ad-812e-8a146c263523,2026-09-03 14:00:00-10,2026-09-03 13:56:00-10,0.44,0.03,84.0,0.63,2026-09-03 13:56:00-10,8.0,81.0,2.1,2.77,482.0
b33f17d0-4de5-49ad-812e-8a146c263523,2026-09-03 14:00:00-10,2026-09-03 13:56:00-10,0.45,0.03,100.0,0.64,2026-09-03 13:56:00-10,8.0,81.0,2.1,2.77,482.0
b33f17d0-4de5-49ad-812e-8a146c263523,2026-09-03 14:00:00-10,2026-09-03 13:56:00-10,0.46,0.03,84.0,0.58,2026-09-03 13:56:00-10,8.0,81.0,2.1,2.77,482.0
b33f17d0-4de5-49ad-812e-8a146c263523,2026-09-03 14:00:00-10,2026-09-03 13:56:00-10,0.47,0.0,92.0,0.46,2026-09-03 13:56:00-10,8.0,81.0,2.1,2.77,482.0
b33f17d0-4de5-49ad-812e-8a146c263523,2026-09-03 14:00:00-10,2026-09-03 13:56:00-10,0.48,0.03,92.0,0.65,2026-09-03 13:56:00-10,8.0,81.0,2.1,2.77,482.0
b33f17d0-4de5-49ad-812e-8a146c263523,2026-09-03 14:00:00-10,2026-09-03 13:56:00-10,0.49,0.0,76.0,0.65,2026-09-03 13:56:00-10,8.0,81.0,2.1,2.77,482.0
b33f17d0-4de5-49ad-812e-8a146c263523,2026-09-03 14:00:00-10,2026-09-03 13:56:00-10,0.5,0.03,104.0,0.64,2026-09-03 13:56:00-10,8.0,81.0,2.1,2.77,482.0
b33f17d0-4de5-49ad-812e-8a146c263523,2026-09-03 14:00:00-10,2026-09-03 13:56:00-10,0.51,0.0,92.0,0.62,2026-09-03 13:56:00-10,8.0,81.0,2.1,2.77,482.0
b33f17d0-4de5-49ad-812e-8a146c263523,2026-09-03 14:00:00-10,2026-09-03 13:56:00-10,0.52,0.0,100.0,0.53,2026-09-03 13:56:00-10,8.0,81.0,2.1,2.77,482.0
b33f17d0-4de5-49ad-812e-8a146c263523,2026-09-03 14:00:00-10,2026-09-03 13:56:00-10,0.53,0.0,92.0,0.64,2026-09-03 13:56:00-10,8.0,81.0,2.1,2.77,482.0
b33f17d0-4de5-49ad-812e-8a146c263523,2026-09-03 14:00:00-10,2026-09-03 13:56:00-10,0.54,0.0,88.0,0.62,2026-09-03 13:56:00-10,8.0,81.0,2.1,2.77,482.0
b33f17d0-4de5-49ad-812e-8a146c263523,2026-09-03 14:00:00-10,2026-09-03 13:56:00-10,0.55,0.0,84.0,0.58,2026-09-03 13:56:00-10,8.0,81.0,2.1,2.77,482.0
b33f17d0-4de5-49ad-812e-8a146c263523,2026-09-03 14:00:00-10,2026-09-03 13:56:00-10,0.56,0.0,76.0,0.64,2026-09-03 13:56:00-10,8.0,81.0,2.1,2.77,482.0
b33f17d0-4de5-49ad-812e-8a146c263523,2026-09-03 14:00:00-10,2026-09-03 13:56:00-10,0.57,0.0,84.0,0.56,2026-09-03 13:56:00-10,8.0,81.0,2.1,2.77,482.0
b33f17d0-4de5-49ad-812e-8a146c263523,2026-09-03 14:00:00-10,2026-09-03 13:56:00-10,0.58,0.0,92.0,0.52,2026-09-03 13:56:00-10,8.0,81.0,2.1,2.77,482.0
b918092f-2304-4737-bde2-2ff20fad7f0e,2026-08-08 14:00:00-10,2026-08-08 13:56:00-10,0.025,0.0,48.0,0.46,2026-08-08 13:56:00-10,8.0,84.0,1.6,1.61,212.0
b918092f-2304-4737-bde2-2ff20fad7f0e,2026-08-08 14:00:00-10,2026-08-08 13:56:00-10,0.03,0.0,32.0,0.33,2026-08-08 13:56:00-10,8.0,84.0,1.6,1.61,212.0
b918092f-2304-4737-bde2-2ff20fad7f0e,2026-08-08 14:00:00-10,2026-08-08 13:56:00-10,0.035,0.0,24.0,0.36,2026-08-08 13:56:00-10,8.0,84.0,1.6,1.61,212.0
b918092f-2304-4737-bde2-2ff20fad7f0e,2026-08-08 14:00:00-10,2026-08-08 13:56:00-10,0.04,0.0,96.0,0.48,2026-08-08 13:56:00-10,8.0,84.0,1.6,1.61,212.0
b918092f-2304-4737-bde2-2ff20fad7f0e,2026-08-08 14:00:00-10,2026-08-08 13:56:00-10,0.045,0.0,40.0,0.42,2026-08-08 13:56:00-10,8.0,84.0,1.6,1.61,212.0
b918092f-2304-4737-bde2-2ff20fad7f0e,2026-08-08 14:00:00-10,2026-08-08 13:56:00-10,0.05,0.0,32.0,0.41,2026-08-08 13:56:00-10,8.0,84.0,1.6,1.61,212.0
b918092f-2304-4737-bde2-2ff20fad7f0e,2026-08-08 14:00:00-10,2026-08-08 13:56:00-10,0.055,0.0,24.0,0.44,2026-08-08 13:56:00-10,8.0,84.0,1.6,1.61,212.0
b918092f-2304-4737-bde2-2ff20fad7f0e,2026-08-08 14:00:00-10,2026-08-08 13:56:00-10,0.06,0.0,112.0,0.24,2026-08-08 13:56:00-10,8.0,84.0,1.6,1.61,212.0
b918092f-2304-4737-bde2-2ff20fad7f0e,2026-08-08 14:00:00-10,2026-08-08 13:56:00-10,0.065,0.014,64.0,0.35,2026-08-08 13:56:00-10,8.0,84.0,1.6,1.61,212.0
b918092f-2304-4737-bde2-2ff20fad7f0e,2026-08-08 14:00:00-10,2026-08-08 13:56:00-10,0.07,0.014,36.0,0.47,2026-08-08 13:56:00-10,8.0,84.0,1.6,1.61,212.0
b918092f-2304-4737-bde2-2ff20fad7f0e,2026-08-08 14:00:00-10,2026-08-08 13:56:00-10,0.075,0.027,76.0,0.18,2026-08-08 13:56:00-10,8.0,84.0,1.6,1.61,212.0
b918092f-2304-4737-bde2-2ff20fad7f0e,2026-08-08 14:00:00-10,2026-08-08 13:56:00-10,0.08,0.041,12.0,0.31,2026-08-08 13:56:00-10,8.0,84.0,1.6,1.61,212.0
b918092f-2304-4737-bde2-2ff20fad7f0e,2026-08-08 14:00:00-10,2026-08-08 13:56:00-10,0.085,0.163,40.0,0.69,2026-08-08 13:56:00-10,8.0,84.0,1.6,1.61,212.0
b918092f-2304-4737-bde2-2ff20fad7f0e,2026-08-08 14:00:00-10,2026-08-08 13:56:00-10,0.09,0.258,48.0,0.5,2026-08-08 13:56:00-10,8.0,84.0,1.6,1.61,212.0
b918092f-2304-4737-bde2-2ff20fad7f0e,2026-08-08 14:00:00-10,2026-08-08 13:56:00-10,0.095,0.299,48.0,0.83,2026-08-08 13:56:00-10,8.0,84.0,1.6,1.61,212.0
b918092f-2304-4737-bde2-2ff20fad7f0e,2026-08-08 14:00:00-10,2026-08-08 13:56:00-10,0.101,0.272,12.0,0.42,2026-08-08 13:56:00-10,8.0,84.0,1.6,1.61,212.0
b918092f-2304-4737-bde2-2ff20fad7f0e,2026-08-08 14:00:00-10,2026-08-08 13:56:00-10,0.11,0.408,76.0,0.62,2026-08-08 13:56:00-10,8.0,84.0,1.6,1.61,212.0
b918092f-2304-4737-bde2-2ff20fad7f0e,2026-08-08 14:00:00-10,2026-08-08 13:56:00-10,0.12,0.789,88.0,0.78,2026-08-08 13:56:00-10,8.0,84.0,1.6,1.61,212.0
b918092f-2304-4737-bde2-2ff20fad7f0e,2026-08-08 14:00:00-10,2026-08-08 13:56:00-10,0.13,1.36,84.0,0.86,2026-08-08 13:56:00-10,8.0,84.0,1.6,1.61,212.0
b918092f-2304-4737-bde2-2ff20fad7f0e,2026-08-08 14:00:00-10,2026-08-08 13:56:00-10,0.14,0.979,76.0,0.75,2026-08-08 13:56:00-10,8.0,84.0,1.6,1.61,212.0
b918092f-2304-4737-bde2-2ff20fad7f0e,2026-08-08 14:00:00-10,2026-08-08 13:56:00-10,0.15,1.142,76.0,0.79,2026-08-08 13:56:00-10,8.0,84.0,1.6,1.61,212.0
b918092f-2304-4737-bde2-2ff20fad7f0e,2026-08-08 14:00:00-10,2026-08-08 13:56:00-10,0.16,1.115,76.0,0.79,2026-08-08 13:56:00-10,8.0,84.0,1.6,1.61,212.0
b918092f-2304-4737-bde2-2ff20fad7f0e,2026-08-08 14:00:00-10,2026-08-08 13:56:00-10,0.17,0.857,76.0,0.75,2026-08-08 13:56:00-10,8.0,84.0,1.6,1.61,212.0
b918092f-2304-4737-bde2-2ff20fad7f0e,2026-08-08 14:00:00-10,2026-08-08 13:56:00-10,0.18,0.857,80.0,0.8,2026-08-08 13:56:00-10,8.0,84.0,1.6,1.61,212.0
b918092f-2304-4737-bde2-2ff20fad7f0e,2026-08-08 14:00:00-10,2026-08-08 13:56:00-10,0.19,0.653,64.0,0.81,2026-08-08 13:56:00-10,8.0,84.0,1.6,1.61,212.0
b918092f-2304-4737-bde2-2ff20fad7f0e,2026-08-08 14:00:00-10,2026-08-08 13:56:00-10,0.2,0.68,64.0,0.86,2026-08-08 13:56:00-10,8.0,84.0,1.6,1.61,212.0
b918092f-2304-4737-bde2-2ff20fad7f0e,2026-08-08 14:00:00-10,2026-08-08 13:56:00-10,0.21,0.517,60.0,0.85,2026-08-08 13:56:00-10,8.0,84.0,1.6,1.61,212.0
b918092f-2304-4737-bde2-2ff20fad7f0e,2026-08-08 14:00:00-10,2026-08-08 13:56:00-10,0.22,0.694,72.0,0.85,2026-08-08 13:56:00-10,8.0,84.0,1.6,1.61,212.0
b918092f-2304-4737-bde2-2ff20fad7f0e,2026-08-08 14:00:00-10,2026-08-08 13:56:00-10,0.23,0.639,64.0,0.87,2026-08-08 13:56:00-10,8.0,84.0,1.6,1.61,212.0
b918092f-2304-4737-bde2-2ff20fad7f0e,2026-08-08 14:00:00-10,2026-08-08 13:56:00-10,0.24,0.571,76.0,0.84,2026-08-08 13:56:00-10,8.0,84.0,1.6,1.61,212.0
b918092f-2304-4737-bde2-2ff20fad7f0e,2026-08-08 14:00:00-10,2026-08-08 13:56:00-10,0.25,0.354,68.0,0.81,2026-08-08 13:56:00-10,8.0,84.0,1.6,1.61,212.0
b918092f-2304-4737-bde2-2ff20fad7f0e,2026-08-08 14:00:00-10,2026-08-08 13:56:00-10,0.26,0.367,72.0,0.83,2026-08-08 13:56:00-10,8.0,84.0,1.6,1.61,212.0
b918092f-2304-4737-bde2-2ff20fad7f0e,2026-08-08 14:00:00-10,2026-08-08 13:56:00-10,0.27,0.34,68.0,0.83,2026-08-08 13:56:00-10,8.0,84.0,1.6,1.61,212.0
b918092f-2304-4737-bde2-2ff20fad7f0e,2026-08-08 14:00:00-10,2026-08-08 13:56:00-10,0.28,0.313,76.0,0.82,2026-08-08 13:56:00-10,8.0,84.0,1.6,1.61,212.0
b918092f-2304-4737-bde2-2ff20fad7f0e,2026-08-08 14:00:00-10,2026-08-08 13:56:00-10,0.29,0.19,72.0,0.79,2026-08-08 13:56:00-10,8.0,84.0,1.6,1.61,212.0
b918092f-2304-4737-bde2-2ff20fad7f0e,2026-08-08 14:00:00-10,2026-08-08 13:56:00-10,0.3,0.218,80.0,0.84,2026-08-08 13:56:00-10,8.0,84.0,1.6,1.61,212.0
b918092f-2304-4737-bde2-2ff20fad7f0e,2026-08-08 14:00:00-10,2026-08-08 13:56:00-10,0.31,0.163,76.0,0.82,2026-08-08 13:56:00-10,8.0,84.0,1.6,1.61,212.0
b918092f-2304-4737-bde2-2ff20fad7f0e,2026-08-08 14:00:00-10,2026-08-08 13:56:00-10,0.32,0.204,76.0,0.86,2026-08-08 13:56:00-10,8.0,84.0,1.6,1.61,212.0
b918092f-2304-4737-bde2-2ff20fad7f0e,2026-08-08 14:00:00-10,2026-08-08 13:56:00-10,0.33,0.177,76.0,0.85,2026-08-08 13:56:00-10,8.0,84.0,1.6,1.61,212.0
b918092f-2304-4737-bde2-2ff20fad7f0e,2026-08-08 14:00:00-10,2026-08-08 13:56:00-10,0.34,0.095,76.0,0.74,2026-08-08 13:56:00-10,8.0,84.0,1.6,1.61,212.0
b918092f-2304-4737-bde2-2ff20fad7f0e,2026-08-08 14:00:00-10,2026-08-08 13:56:00-10,0.35,0.122,72.0,0.76,2026-08-08 13:56:00-10,8.0,84.0,1.6,1.61,212.0
b918092f-2304-4737-bde2-2ff20fad7f0e,2026-08-08 14:00:00-10,2026-08-08 13:56:00-10,0.36,0.095,76.0,0.8,2026-08-08 13:56:00-10,8.0,84.0,1.6,1.61,212.0
b918092f-2304-4737-bde2-2ff20fad7f0e,2026-08-08 14:00:00-10,2026-08-08 13:56:00-10,0.37,0.095,72.0,0.8,2026-08-08 13:56:00-10,8.0,84.0,1.6,1.61,212.0
b918092f-2304-4737-bde2-2ff20fad7f0e,2026-08-08 14:00:00-10,2026-08-08 13:56:00-10,0.38,0.095,64.0,0.78,2026-08-08 13:56:00-10,8.0,84.0,1.6,1.61,212.0
b918092f-2304-4737-bde2-2ff20fad7f0e,2026-08-08 14:00:00-10,2026-08-08 13:56:00-10,0.39,0.082,64.0,0.72,2026-08-08 13:56:00-10,8.0,84.0,1.6,1.61,212.0
b918092f-2304-4737-bde2-2ff20fad7f0e,2026-08-08 14:00:00-10,2026-08-08 13:56:00-10,0.4,0.054,76.0,0.68,2026-08-08 13:56:00-10,8.0,84.0,1.6,1.61,212.0
b918092f-2304-4737-bde2-2ff20fad7f0e,2026-08-08 14:00:00-10,2026-08-08 13:56:00-10,0.41,0.041,80.0,0.62,2026-08-08 13:56:00-10,8.0,84.0,1.6,1.61,212.0
b918092f-2304-4737-bde2-2ff20fad7f0e,2026-08-08 14:00:00-10,2026-08-08 13:56:00-10,0.42,0.054,76.0,0.73,2026-08-08 13:56:00-10,8.0,84.0,1.6,1.61,212.0
b918092f-2304-4737-bde2-2ff20fad7f0e,2026-08-08 14:00:00-10,2026-08-08 13:56:00-10,0.43,0.041,76.0,0.67,2026-08-08 13:56:00-10,8.0,84.0,1.6,1.61,212.0
b918092f-2304-4737-bde2-2ff20fad7f0e,2026-08-08 14:00:00-10,2026-08-08 13:56:00-10,0.44,0.027,76.0,0.69,2026-08-08 13:56:00-10,8.0,84.0,1.6,1.61,212.0
b918092f-2304-4737-bde2-2ff20fad7f0e,2026-08-08 14:00:00-10,2026-08-08 13:56:00-10,0.45,0.027,76.0,0.69,2026-08-08 13:56:00-10,8.0,84.0,1.6,1.61,212.0
b918092f-2304-4737-bde2-2ff20fad7f0e,2026-08-08 14:00:00-10,2026-08-08 13:56:00-10,0.46,0.027,76.0,0.69,2026-08-08 13:56:00-10,8.0,84.0,1.6,1.61,212.0
b918092f-2304-4737-bde2-2ff20fad7f0e,2026-08-08 14:00:00-10,2026-08-08 13:56:00-10,0.47,0.041,72.0,0.69,2026-08-08 13:56:00-10,8.0,84.0,1.6,1.61,212.0
b918092f-2304-4737-bde2-2ff20fad7f0e,2026-08-08 14:00:00-10,2026-08-08 13:56:00-10,0.48,0.014,72.0,0.64,2026-08-08 13:56:00-10,8.0,84.0,1.6,1.61,212.0
b918092f-2304-4737-bde2-2ff20fad7f0e,2026-08-08 14:00:00-10,2026-08-08 13:56:00-10,0.49,0.014,76.0,0.6,2026-08-08 13:56:00-10,8.0,84.0,1.6,1.61,212.0
b918092f-2304-4737-bde2-2ff20fad7f0e,2026-08-08 14:00:00-10,2026-08-08 13:56:00-10,0.5,0.027,64.0,0.66,2026-08-08 13:56:00-10,8.0,84.0,1.6,1.61,212.0
b918092f-2304-4737-bde2-2ff20fad7f0e,2026-08-08 14:00:00-10,2026-08-08 13:56:00-10,0.51,0.027,68.0,0.73,2026-08-08 13:56:00-10,8.0,84.0,1.6,1.61,212.0
b918092f-2304-4737-bde2-2ff20fad7f0e,2026-08-08 14:00:00-10,2026-08-08 13:56:00-10,0.52,0.014,84.0,0.59,2026-08-08 13:56:00-10,8.0,84.0,1.6,1.61,212.0
b918092f-2304-4737-bde2-2ff20fad7f0e,2026-08-08 14:00:00-10,2026-08-08 13:56:00-10,0.53,0.027,88.0,0.68,2026-08-08 13:56:00-10,8.0,84.0,1.6,1.61,212.0
b918092f-2304-4737-bde2-2ff20fad7f0e,2026-08-08 14:00:00-10,2026-08-08 13:56:00-10,0.54,0.014,84.0,0.65,2026-08-08 13:56:00-10,8.0,84.0,1.6,1.61,212.0
b918092f-2304-4737-bde2-2ff20fad7f0e,2026-08-08 14:00:00-10,2026-08-08 13:56:00-10,0.55,0.014,84.0,0.67,2026-08-08 13:56:00-10,8.0,84.0,1.6,1.61,212.0
b918092f-2304-4737-bde2-2ff20fad7f0e,2026-08-08 14:00:00-10,2026-08-08 13:56:00-10,0.56,0.014,64.0,0.67,2026-08-08 13:56:00-10,8.0,84.0,1.6,1.61,212.0
b918092f-2304-4737-bde2-2ff20fad7f0e,2026-08-08 14:00:00-10,2026-08-08 13:56:00-10,0.57,0.014,56.0,0.66,2026-08-08 13:56:00-10,8.0,84.0,1.6,1.61,212.0
b918092f-2304-4737-bde2-2ff20fad7f0e,2026-08-08 14:00:00-10,2026-08-08 13:56:00-10,0.58,0.0,72.0,0.56,2026-08-08 13:56:00-10,8.0,84.0,1.6,1.61,212.0
bd0d1fee-a7ea-4907-86aa-b891324075b4,2026-10-04 14:00:00-10,2026-10-04 13:56:00-10,0.025,0.0,44.0,0.36,2026-10-04 13:56:00-10,8.0,29.0,1.6,1.61,225.0
bd0d1fee-a7ea-4907-86aa-b891324075b4,2026-10-04 14:00:00-10,2026-10-04 13:56:00-10,0.03,0.0,44.0,0.28,2026-10-04 13:56:00-10,8.0,29.0,1.6,1.61,225.0
bd0d1fee-a7ea-4907-86aa-b891324075b4,2026-10-04 14:00:00-10,2026-10-04 13:56:00-10,0.035,0.0,40.0,0.5,2026-10-04 13:56:00-10,8.0,29.0,1.6,1.61,225.0
bd0d1fee-a7ea-4907-86aa-b891324075b4,2026-10-04 14:00:00-10,2026-10-04 13:56:00-10,0.04,0.0,72.0,0.33,2026-10-04 13:56:00-10,8.0,29.0,1.6,1.61,225.0
bd0d1fee-a7ea-4907-86aa-b891324075b4,2026-10-04 14:00:00-10,2026-10-04 13:56:00-10,0.045,0.0,8.0,0.46,2026-10-04 13:56:00-10,8.0,29.0,1.6,1.61,225.0
bd0d1fee-a7ea-4907-86aa-b891324075b4,2026-10-04 14:00:00-10,2026-10-04 13:56:00-10,0.05,0.0,44.0,0.38,2026-10-04 13:56:00-10,8.0,29.0,1.6,1.61,225.0
bd0d1fee-a7ea-4907-86aa-b891324075b4,2026-10-04 14:00:00-10,2026-10-04 13:56:00-10,0.055,0.0,356.0,0.51,2026-10-04 13:56:00-10,8.0,29.0,1.6,1.61,225.0
bd0d1fee-a7ea-4907-86aa-b891324075b4,2026-10-04 14:00:00-10,2026-10-04 13:56:00-10,0.06,0.042,40.0,0.42,2026-10-04 13:56:00-10,8.0,29.0,1.6,1.61,225.0
bd0d1fee-a7ea-4907-86aa-b891324075b4,2026-10-04 14:00:00-10,2026-10-04 13:56:00-10,0.065,0.07,76.0,0.18,2026-10-04 13:56:00-10,8.0,29.0,1.6,1.61,225.0
bd0d1fee-a7ea-4907-86aa-b891324075b4,2026-10-04 14:00:00-10,2026-10-04 13:56:00-10,0.07,0.056,28.0,0.24,2026-10-04 13:56:00-10,8.0,29.0,1.6,1.61,225.0
bd0d1fee-a7ea-4907-86aa-b891324075b4,2026-10-04 14:00:00-10,2026-10-04 13:56:00-10,0.075,0.127,272.0,0.15,2026-10-04 13:56:00-10,8.0,29.0,1.6,1.61,225.0
bd0d1fee-a7ea-4907-86aa-b891324075b4,2026-10-04 14:00:00-10,2026-10-04 13:56:00-10,0.08,0.169,308.0,0.47,2026-10-04 13:56:00-10,8.0,29.0,1.6,1.61,225.0
bd0d1fee-a7ea-4907-86aa-b891324075b4,2026-10-04 14:00:00-10,2026-10-04 13:56:00-10,0.085,0.268,348.0,0.75,2026-10-04 13:56:00-10,8.0,29.0,1.6,1.61,225.0
bd0d1fee-a7ea-4907-86aa-b891324075b4,2026-10-04 14:00:00-10,2026-10-04 13:56:00-10,0.09,0.169,0.0,0.56,2026-10-04 13:56:00-10,8.0,29.0,1.6,1.61,225.0
bd0d1fee-a7ea-4907-86aa-b891324075b4,2026-10-04 14:00:00-10,2026-10-04 13:56:00-10,0.095,0.31,32.0,0.4,2026-10-04 13:56:00-10,8.0,29.0,1.6,1.61,225.0
bd0d1fee-a7ea-4907-86aa-b891324075b4,2026-10-04 14:00:00-10,2026-10-04 13:56:00-10,0.101,0.465,20.0,0.62,2026-10-04 13:56:00-10,8.0,29.0,1.6,1.61,225.0
bd0d1fee-a7ea-4907-86aa-b891324075b4,2026-10-04 14:00:00-10,2026-10-04 13:56:00-10,0.11,1.142,20.0,0.73,2026-10-04 13:56:00-10,8.0,29.0,1.6,1.61,225.0
bd0d1fee-a7ea-4907-86aa-b891324075b4,2026-10-04 14:00:00-10,2026-10-04 13:56:00-10,0.12,1.41,40.0,0.62,2026-10-04 13:56:00-10,8.0,29.0,1.6,1.61,225.0
bd0d1fee-a7ea-4907-86aa-b891324075b4,2026-10-04 14:00:00-10,2026-10-04 13:56:00-10,0.13,1.354,40.0,0.5,2026-10-04 13:56:00-10,8.0,29.0,1.6,1.61,225.0
bd0d1fee-a7ea-4907-86aa-b891324075b4,2026-10-04 14:00:00-10,2026-10-04 13:56:00-10,0.14,0.804,48.0,0.46,2026-10-04 13:56:00-10,8.0,29.0,1.6,1.61,225.0
bd0d1fee-a7ea-4907-86aa-b891324075b4,2026-10-04 14:00:00-10,2026-10-04 13:56:00-10,0.15,0.747,32.0,0.62,2026-10-04 13:56:00-10,8.0,29.0,1.6,1.61,225.0
bd0d1fee-a7ea-4907-86aa-b891324075b4,2026-10-04 14:00:00-10,2026-10-04 13:56:00-10,0.16,0.691,44.0,0.58,2026-10-04 13:56:00-10,8.0,29.0,1.6,1.61,225.0
bd0d1fee-a7ea-4907-86aa-b891324075b4,2026-10-04 14:00:00-10,2026-10-04 13:56:00-10,0.17,0.733,48.0,0.66,2026-10-04 13:56:00-10,8.0,29.0,1.6,1.61,225.0
bd0d1fee-a7ea-4907-86aa-b891324075b4,2026-10-04 14:00:00-10,2026-10-04 13:56:00-10,0.18,0.818,52.0,0.73,2026-10-04 13:56:00-10,8.0,29.0,1.6,1.61,225.0
bd0d1fee-a7ea-4907-86aa-b891324075b4,2026-10-04 14:00:00-10,2026-10-04 13:56:00-10,0.19,0.282,56.0,0.61,2026-10-04 13:56:00-10,8.0,29.0,1.6,1.61,225.0
bd0d1fee-a7ea-4907-86aa-b891324075b4,2026-10-04 14:00:00-10,2026-10-04 13:56:00-10,0.2,0.536,52.0,0.77,2026-10-04 13:56:00-10,8.0,29.0,1.6,1.61,225.0
bd0d1fee-a7ea-4907-86aa-b891324075b4,2026-10-04 14:00:00-10,2026-10-04 13:56:00-10,0.21,0.437,44.0,0.78,2026-10-04 13:56:00-10,8.0,29.0,1.6,1.61,225.0
bd0d1fee-a7ea-4907-86aa-b891324075b4,2026-10-04 14:00:00-10,2026-10-04 13:56:00-10,0.22,0.479,44.0,0.83,2026-10-04 13:56:00-10,8.0,29.0,1.6,1.61,225.0
bd0d1fee-a7ea-4907-86aa-b891324075b4,2026-10-04 14:00:00-10,2026-10-04 13:56:00-10,0.23,0.522,52.0,0.82,2026-10-04 13:56:00-10,8.0,29.0,1.6,1.61,225.0
bd0d1fee-a7ea-4907-86aa-b891324075b4,2026-10-04 14:00:00-10,2026-10-04 13:56:00-10,0.24,0.395,52.0,0.86,2026-10-04 13:56:00-10,8.0,29.0,1.6,1.61,225.0
bd0d1fee-a7ea-4907-86aa-b891324075b4,2026-10-04 14:00:00-10,2026-10-04 13:56:00-10,0.25,0.437,48.0,0.86,2026-10-04 13:56:00-10,8.0,29.0,1.6,1.61,225.0
bd0d1fee-a7ea-4907-86aa-b891324075b4,2026-10-04 14:00:00-10,2026-10-04 13:56:00-10,0.26,0.254,44.0,0.79,2026-10-04 13:56:00-10,8.0,29.0,1.6,1.61,225.0
bd0d1fee-a7ea-4907-86aa-b891324075b4,2026-10-04 14:00:00-10,2026-10-04 13:56:00-10,0.27,0.24,48.0,0.79,2026-10-04 13:56:00-10,8.0,29.0,1.6,1.61,225.0
bd0d1fee-a7ea-4907-86aa-b891324075b4,2026-10-04 14:00:00-10,2026-10-04 13:56:00-10,0.28,0.24,40.0,0.8,2026-10-04 13:56:00-10,8.0,29.0,1.6,1.61,225.0
bd0d1fee-a7ea-4907-86aa-b891324075b4,2026-10-04 14:00:00-10,2026-10-04 13:56:00-10,0.29,0.226,36.0,0.8,2026-10-04 13:56:00-10,8.0,29.0,1.6,1.61,225.0
bd0d1fee-a7ea-4907-86aa-b891324075b4,2026-10-04 14:00:00-10,2026-10-04 13:56:00-10,0.3,0.183,48.0,0.83,2026-10-04 13:56:00-10,8.0,29.0,1.6,1.61,225.0
bd0d1fee-a7ea-4907-86aa-b891324075b4,2026-10-04 14:00:00-10,2026-10-04 13:56:00-10,0.31,0.113,48.0,0.75,2026-10-04 13:56:00-10,8.0,29.0,1.6,1.61,225.0
bd0d1fee-a7ea-4907-86aa-b891324075b4,2026-10-04 14:00:00-10,2026-10-04 13:56:00-10,0.32,0.141,48.0,0.8,2026-10-04 13:56:00-10,8.0,29.0,1.6,1.61,225.0
bd0d1fee-a7ea-4907-86aa-b891324075b4,2026-10-04 14:00:00-10,2026-10-04 13:56:00-10,0.33,0.113,44.0,0.8,2026-10-04 13:56:00-10,8.0,29.0,1.6,1.61,225.0
bd0d1fee-a7ea-4907-86aa-b891324075b4,2026-10-04 14:00:00-10,2026-10-04 13:56:00-10,0.34,0.141,44.0,0.76,2026-10-04 13:56:00-10,8.0,29.0,1.6,1.61,225.0
bd0d1fee-a7ea-4907-86aa-b891324075b4,2026-10-04 14:00:00-10,2026-10-04 13:56:00-10,0.35,0.056,40.0,0.7,2026-10-04 13:56:00-10,8.0,29.0,1.6,1.61,225.0
bd0d1fee-a7ea-4907-86aa-b891324075b4,2026-10-04 14:00:00-10,2026-10-04 13:56:00-10,0.36,0.07,48.0,0.68,2026-10-04 13:56:00-10,8.0,29.0,1.6,1.61,225.0
bd0d1fee-a7ea-4907-86aa-b891324075b4,2026-10-04 14:00:00-10,2026-10-04 13:56:00-10,0.37,0.099,52.0,0.75,2026-10-04 13:56:00-10,8.0,29.0,1.6,1.61,225.0
bd0d1fee-a7ea-4907-86aa-b891324075b4,2026-10-04 14:00:00-10,2026-10-04 13:56:00-10,0.38,0.07,52.0,0.75,2026-10-04 13:56:00-10,8.0,29.0,1.6,1.61,225.0
bd0d1fee-a7ea-4907-86aa-b891324075b4,2026-10-04 14:00:00-10,2026-10-04 13:56:00-10,0.39,0.07,56.0,0.78,2026-10-04 13:56:00-10,8.0,29.0,1.6,1.61,225.0
bd0d1fee-a7ea-4907-86aa-b891324075b4,2026-10-04 14:00:00-10,2026-10-04 13:56:00-10,0.4,0.07,60.0,0.78,2026-10-04 13:56:00-10,8.0,29.0,1.6,1.61,225.0
bd0d1fee-a7ea-4907-86aa-b891324075b4,2026-10-04 14:00:00-10,2026-10-04 13:56:00-10,0.41,0.042,52.0,0.75,2026-10-04 13:56:00-10,8.0,29.0,1.6,1.61,225.0
bd0d1fee-a7ea-4907-86aa-b891324075b4,2026-10-04 14:00:00-10,2026-10-04 13:56:00-10,0.42,0.056,52.0,0.77,2026-10-04 13:56:00-10,8.0,29.0,1.6,1.61,225.0
bd0d1fee-a7ea-4907-86aa-b891324075b4,2026-10-04 14:00:00-10,2026-10-04 13:56:00-10,0.43,0.07,60.0,0.78,2026-10-04 13:56:00-10,8.0,29.0,1.6,1.61,225.0
bd0d1fee-a7ea-4907-86aa-b891324075b4,2026-10-04 14:00:00-10,2026-10-04 13:56:00-10,0.44,0.042,68.0,0.72,2026-10-04 13:56:00-10,8.0,29.0,1.6,1.61,225.0
bd0d1fee-a7ea-4907-86aa-b891324075b4,2026-10-04 14:00:00-10,2026-10-04 13:56:00-10,0.45,0.028,60.0,0.71,2026-10-04 13:56:00-10,8.0,29.0,1.6,1.61,225.0
bd0d1fee-a7ea-4907-86aa-b891324075b4,2026-10-04 14:00:00-10,2026-10-04 13:56:00-10,0.46,0.042,72.0,0.78,2026-10-04 13:56:00-10,8.0,29.0,1.6,1.61,225.0
bd0d1fee-a7ea-4907-86aa-b891324075b4,2026-10-04 14:00:00-10,2026-10-04 13:56:00-10,0.47,0.028,60.0,0.72,2026-10-04 13:56:00-10,8.0,29.0,1.6,1.61,225.0
bd0d1fee-a7ea-4907-86aa-b891324075b4,2026-10-04 14:00:00-10,2026-10-04 13:56:00-10,0.48,0.028,48.0,0.7,2026-10-04 13:56:00-10,8.0,29.0,1.6,1.61,225.0
bd0d1fee-a7ea-4907-86aa-b891324075b4,2026-10-04 14:00:00-10,2026-10-04 13:56:00-10,0.49,0.028,48.0,0.69,2026-10-04 13:56:00-10,8.0,29.0,1.6,1.61,225.0
bd0d1fee-a7ea-4907-86aa-b891324075b4,2026-10-04 14:00:00-10,2026-10-04 13:56:00-10,0.5,0.014,44.0,0.64,2026-10-04 13:56:00-10,8.0,29.0,1.6,1.61,225.0
bd0d1fee-a7ea-4907-86aa-b891324075b4,2026-10-04 14:00:00-10,2026-10-04 13:56:00-10,0.51,0.014,60.0,0.58,2026-10-04 13:56:00-10,8.0,29.0,1.6,1.61,225.0
bd0d1fee-a7ea-4907-86aa-b891324075b4,2026-10-04 14:00:00-10,2026-10-04 13:56:00-10,0.52,0.028,60.0,0.7,2026-10-04 13:56:00-10,8.0,29.0,1.6,1.61,225.0
bd0d1fee-a7ea-4907-86aa-b891324075b4,2026-10-04 14:00:00-10,2026-10-04 13:56:00-10,0.53,0.014,52.0,0.65,2026-10-04 13:56:00-10,8.0,29.0,1.6,1.61,225.0
bd0d1fee-a7ea-4907-86aa-b891324075b4,2026-10-04 14:00:00-10,2026-10-04 13:56:00-10,0.54,0.014,48.0,0.62,2026-10-04 13:56:00-10,8.0,29.0,1.6,1.61,225.0
bd0d1fee-a7ea-4907-86aa-b891324075b4,2026-10-04 14:00:00-10,2026-10-04 13:56:00-10,0.55,0.014,56.0,0.7,2026-10-04 13:56:00-10,8.0,29.0,1.6,1.61,225.0
bd0d1fee-a7ea-4907-86aa-b891324075b4,2026-10-04 14:00:00-10,2026-10-04 13:56:00-10,0.56,0.014,68.0,0.66,2026-10-04 13:56:00-10,8.0,29.0,1.6,1.61,225.0
bd0d1fee-a7ea-4907-86aa-b891324075b4,2026-10-04 14:00:00-10,2026-10-04 13:56:00-10,0.57,0.014,64.0,0.63,2026-10-04 13:56:00-10,8.0,29.0,1.6,1.61,225.0
bd0d1fee-a7ea-4907-86aa-b891324075b4,2026-10-04 14:00:00-10,2026-10-04 13:56:00-10,0.58,0.014,52.0,0.65,2026-10-04 13:56:00-10,8.0,29.0,1.6,1.61,225.0
c065f9bf-6605-4273-a6ad-300bfa5f9368,2026-09-11 14:00:00-10,2026-09-11 13:56:00-10,0.025,0.0,72.0,0.21,2026-09-11 13:56:00-10,10.0,75.0,1.6,1.61,334.0
c065f9bf-6605-4273-a6ad-300bfa5f9368,2026-09-11 14:00:00-10,2026-09-11 13:56:00-10,0.03,0.0,112.0,0.38,2026-09-11 13:56:00-10,10.0,75.0,1.6,1.61,334.0
c065f9bf-6605-4273-a6ad-300bfa5f9368,2026-09-11 14:00:00-10,2026-09-11 13:56:00-10,0.035,0.0,40.0,0.1,2026-09-11 13:56:00-10,10.0,75.0,1.6,1.61,334.0
c065f9bf-6605-4273-a6ad-300bfa5f9368,2026-09-11 14:00:00-10,2026-09-11 13:56:00-10,0.04,0.0,48.0,0.55,2026-09-11 13:56:00-10,10.0,75.0,1.6,1.61,334.0
c065f9bf-6605-4273-a6ad-300bfa5f9368,2026-09-11 14:00:00-10,2026-09-11 13:56:00-10,0.045,0.0,72.0,0.36,2026-09-11 13:56:00-10,10.0,75.0,1.6,1.61,334.0
c065f9bf-6605-4273-a6ad-300bfa5f9368,2026-09-11 14:00:00-10,2026-09-11 13:56:00-10,0.05,0.0,32.0,0.11,2026-09-11 13:56:00-10,10.0,75.0,1.6,1.61,334.0
c065f9bf-6605-4273-a6ad-300bfa5f9368,2026-09-11 14:00:00-10,2026-09-11 13:56:00-10,0.055,0.0,100.0,0.51,2026-09-11 13:56:00-10,10.0,75.0,1.6,1.61,334.0
c065f9bf-6605-4273-a6ad-300bfa5f9368,2026-09-11 14:00:00-10,2026-09-11 13:56:00-10,0.06,0.0,40.0,0.45,2026-09-11 13:56:00-10,10.0,75.0,1.6,1.61,334.0
c065f9bf-6605-4273-a6ad-300bfa5f9368,2026-09-11 14:00:00-10,2026-09-11 13:56:00-10,0.065,0.03,348.0,0.37,2026-09-11 13:56:00-10,10.0,75.0,1.6,1.61,334.0
c065f9bf-6605-4273-a6ad-300bfa5f9368,2026-09-11 14:00:00-10,2026-09-11 13:56:00-10,0.07,0.061,40.0,0.42,2026-09-11 13:56:00-10,10.0,75.0,1.6,1.61,334.0
c065f9bf-6605-4273-a6ad-300bfa5f9368,2026-09-11 14:00:00-10,2026-09-11 13:56:00-10,0.075,0.091,84.0,0.27,2026-09-11 13:56:00-10,10.0,75.0,1.6,1.61,334.0
c065f9bf-6605-4273-a6ad-300bfa5f9368,2026-09-11 14:00:00-10,2026-09-11 13:56:00-10,0.08,0.365,108.0,0.31,2026-09-11 13:56:00-10,10.0,75.0,1.6,1.61,334.0
c065f9bf-6605-4273-a6ad-300bfa5f9368,2026-09-11 14:00:00-10,2026-09-11 13:56:00-10,0.085,1.246,72.0,0.77,2026-09-11 13:56:00-10,10.0,75.0,1.6,1.61,334.0
c065f9bf-6605-4273-a6ad-300bfa5f9368,2026-09-11 14:00:00-10,2026-09-11 13:56:00-10,0.09,2.341,64.0,0.78,2026-09-11 13:56:00-10,10.0,75.0,1.6,1.61,334.0
c065f9bf-6605-4273-a6ad-300bfa5f9368,2026-09-11 14:00:00-10,2026-09-11 13:56:00-10,0.095,3.04,76.0,0.75,2026-09-11 13:56:00-10,10.0,75.0,1.6,1.61,334.0
c065f9bf-6605-4273-a6ad-300bfa5f9368,2026-09-11 14:00:00-10,2026-09-11 13:56:00-10,0.101,1.125,76.0,0.75,2026-09-11 13:56:00-10,10.0,75.0,1.6,1.61,334.0
c065f9bf-6605-4273-a6ad-300bfa5f9368,2026-09-11 14:00:00-10,2026-09-11 13:56:00-10,0.11,1.186,64.0,0.71,2026-09-11 13:56:00-10,10.0,75.0,1.6,1.61,334.0
c065f9bf-6605-4273-a6ad-300bfa5f9368,2026-09-11 14:00:00-10,2026-09-11 13:56:00-10,0.12,1.064,68.0,0.75,2026-09-11 13:56:00-10,10.0,75.0,1.6,1.61,334.0
c065f9bf-6605-4273-a6ad-300bfa5f9368,2026-09-11 14:00:00-10,2026-09-11 13:56:00-10,0.13,1.307,44.0,0.82,2026-09-11 13:56:00-10,10.0,75.0,1.6,1.61,334.0
c065f9bf-6605-4273-a6ad-300bfa5f9368,2026-09-11 14:00:00-10,2026-09-11 13:56:00-10,0.14,0.821,48.0,0.8,2026-09-11 13:56:00-10,10.0,75.0,1.6,1.61,334.0
c065f9bf-6605-4273-a6ad-300bfa5f9368,2026-09-11 14:00:00-10,2026-09-11 13:56:00-10,0.15,0.426,48.0,0.67,2026-09-11 13:56:00-10,10.0,75.0,1.6,1.61,334.0
c065f9bf-6605-4273-a6ad-300bfa5f9368,2026-09-11 14:00:00-10,2026-09-11 13:56:00-10,0.16,0.456,72.0,0.71,2026-09-11 13:56:00-10,10.0,75.0,1.6,1.61,334.0
c065f9bf-6605-4273-a6ad-300bfa5f9368,2026-09-11 14:00:00-10,2026-09-11 13:56:00-10,0.17,0.426,60.0,0.7,2026-09-11 13:56:00-10,10.0,75.0,1.6,1.61,334.0
c065f9bf-6605-4273-a6ad-300bfa5f9368,2026-09-11 14:00:00-10,2026-09-11 13:56:00-10,0.18,0.243,60.0,0.58,2026-09-11 13:56:00-10,10.0,75.0,1.6,1.61,334.0
c065f9bf-6605-4273-a6ad-300bfa5f9368,2026-09-11 14:00:00-10,2026-09-11 13:56:00-10,0.19,0.304,40.0,0.72,2026-09-11 13:56:00-10,10.0,75.0,1.6,1.61,334.0
c065f9bf-6605-4273-a6ad-300bfa5f9368,2026-09-11 14:00:00-10,2026-09-11 13:56:00-10,0.2,0.213,32.0,0.67,2026-09-11 13:56:00-10,10.0,75.0,1.6,1.61,334.0
c065f9bf-6605-4273-a6ad-300bfa5f9368,2026-09-11 14:00:00-10,2026-09-11 13:56:00-10,0.21,0.243,48.0,0.72,2026-09-11 13:56:00-10,10.0,75.0,1.6,1.61,334.0
c065f9bf-6605-4273-a6ad-300bfa5f9368,2026-09-11 14:00:00-10,2026-09-11 13:56:00-10,0.22,0.274,60.0,0.71,2026-09-11 13:56:00-10,10.0,75.0,1.6,1.61,334.0
c065f9bf-6605-4273-a6ad-300bfa5f9368,2026-09-11 14:00:00-10,2026-09-11 13:56:00-10,0.23,0.243,60.0,0.68,2026-09-11 13:56:00-10,10.0,75.0,1.6,1.61,334.0
c065f9bf-6605-4273-a6ad-300bfa5f9368,2026-09-11 14:00:00-10,2026-09-11 13:56:00-10,0.24,0.243,60.0,0.65,2026-09-11 13:56:00-10,10.0,75.0,1.6,1.61,334.0
c065f9bf-6605-4273-a6ad-300bfa5f9368,2026-09-11 14:00:00-10,2026-09-11 13:56:00-10,0.25,0.152,64.0,0.63,2026-09-11 13:56:00-10,10.0,75.0,1.6,1.61,334.0
c065f9bf-6605-4273-a6ad-300bfa5f9368,2026-09-11 14:00:00-10,2026-09-11 13:56:00-10,0.26,0.152,72.0,0.65,2026-09-11 13:56:00-10,10.0,75.0,1.6,1.61,334.0
c065f9bf-6605-4273-a6ad-300bfa5f9368,2026-09-11 14:00:00-10,2026-09-11 13:56:00-10,0.27,0.182,80.0,0.72,2026-09-11 13:56:00-10,10.0,75.0,1.6,1.61,334.0
c065f9bf-6605-4273-a6ad-300bfa5f9368,2026-09-11 14:00:00-10,2026-09-11 13:56:00-10,0.28,0.152,84.0,0.73,2026-09-11 13:56:00-10,10.0,75.0,1.6,1.61,334.0
c065f9bf-6605-4273-a6ad-300bfa5f9368,2026-09-11 14:00:00-10,2026-09-11 13:56:00-10,0.29,0.243,84.0,0.83,2026-09-11 13:56:00-10,10.0,75.0,1.6,1.61,334.0
c065f9bf-6605-4273-a6ad-300bfa5f9368,2026-09-11 14:00:00-10,2026-09-11 13:56:00-10,0.3,0.182,80.0,0.79,2026-09-11 13:56:00-10,10.0,75.0,1.6,1.61,334.0
c065f9bf-6605-4273-a6ad-300bfa5f9368,2026-09-11 14:00:00-10,2026-09-11 13:56:00-10,0.31,0.122,72.0,0.68,2026-09-11 13:56:00-10,10.0,75.0,1.6,1.61,334.0
c065f9bf-6605-4273-a6ad-300bfa5f9368,2026-09-11 14:00:00-10,2026-09-11 13:56:00-10,0.32,0.091,68.0,0.67,2026-09-11 13:56:00-10,10.0,75.0,1.6,1.61,334.0
c065f9bf-6605-4273-a6ad-300bfa5f9368,2026-09-11 14:00:00-10,2026-09-11 13:56:00-10,0.33,0.061,80.0,0.78,2026-09-11 13:56:00-10,10.0,75.0,1.6,1.61,334.0
c065f9bf-6605-4273-a6ad-300bfa5f9368,2026-09-11 14:00:00-10,2026-09-11 13:56:00-10,0.34,0.091,76.0,0.78,2026-09-11 13:56:00-10,10.0,75.0,1.6,1.61,334.0
c065f9bf-6605-4273-a6ad-300bfa5f9368,2026-09-11 14:00:00-10,2026-09-11 13:56:00-10,0.35,0.061,80.0,0.73,2026-09-11 13:56:00-10,10.0,75.0,1.6,1.61,334.0
c065f9bf-6605-4273-a6ad-300bfa5f9368,2026-09-11 14:00:00-10,2026-09-11 13:56:00-10,0.36,0.03,80.0,0.7,2026-09-11 13:56:00-10,10.0,75.0,1.6,1.61,334.0
c065f9bf-6605-4273-a6ad-300bfa5f9368,2026-09-11 14:00:00-10,2026-09-11 13:56:00-10,0.37,0.061,76.0,0.8,2026-09-11 13:56:00-10,10.0,75.0,1.6,1.61,334.0
c065f9bf-6605-4273-a6ad-300bfa5f9368,2026-09-11 14:00:00-10,2026-09-11 13:56:00-10,0.38,0.091,76.0,0.83,2026-09-11 13:56:00-10,10.0,75.0,1.6,1.61,334.0
c065f9bf-6605-4273-a6ad-300bfa5f9368,2026-09-11 14:00:00-10,2026-09-11 13:56:00-10,0.39,0.061,80.0,0.74,2026-09-11 13:56:00-10,10.0,75.0,1.6,1.61,334.0
c065f9bf-6605-4273-a6ad-300bfa5f9368,2026-09-11 14:00:00-10,2026-09-11 13:56:00-10,0.4,0.03,92.0,0.68,2026-09-11 13:56:00-10,10.0,75.0,1.6,1.61,334.0
c065f9bf-6605-4273-a6ad-300bfa5f9368,2026-09-11 14:00:00-10,2026-09-11 13:56:00-10,0.41,0.03,92.0,0.78,2026-09-11 13:56:00-10,10.0,75.0,1.6,1.61,334.0
c065f9bf-6605-4273-a6ad-300bfa5f9368,2026-09-11 14:00:00-10,2026-09-11 13:56:00-10,0.42,0.03,88.0,0.78,2026-09-11 13:56:00-10,10.0,75.0,1.6,1.61,334.0
c065f9bf-6605-4273-a6ad-300bfa5f9368,2026-09-11 14:00:00-10,2026-09-11 13:56:00-10,0.43,0.03,84.0,0.77,2026-09-11 13:56:00-10,10.0,75.0,1.6,1.61,334.0
c065f9bf-6605-4273-a6ad-300bfa5f9368,2026-09-11 14:00:00-10,2026-09-11 13:56:00-10,0.44,0.03,92.0,0.79,2026-09-11 13:56:00-10,10.0,75.0,1.6,1.61,334.0
c065f9bf-6605-4273-a6ad-300bfa5f9368,2026-09-11 14:00:00-10,2026-09-11 13:56:00-10,0.45,0.03,84.0,0.71,2026-09-11 13:56:00-10,10.0,75.0,1.6,1.61,334.0
c065f9bf-6605-4273-a6ad-300bfa5f9368,2026-09-11 14:00:00-10,2026-09-11 13:56:00-10,0.46,0.0,88.0,0.71,2026-09-11 13:56:00-10,10.0,75.0,1.6,1.61,334.0
c065f9bf-6605-4273-a6ad-300bfa5f9368,2026-09-11 14:00:00-10,2026-09-11 13:56:00-10,0.47,0.0,76.0,0.73,2026-09-11 13:56:00-10,10.0,75.0,1.6,1.61,334.0
c065f9bf-6605-4273-a6ad-300bfa5f9368,2026-09-11 14:00:00-10,2026-09-11 13:56:00-10,0.48,0.0,76.0,0.71,2026-09-11 13:56:00-10,10.0,75.0,1.6,1.61,334.0
c065f9bf-6605-4273-a6ad-300bfa5f9368,2026-09-11 14:00:00-10,2026-09-11 13:56:00-10,0.49,0.03,88.0,0.81,2026-09-11 13:56:00-10,10.0,75.0,1.6,1.61,334.0
c065f9bf-6605-4273-a6ad-300bfa5f9368,2026-09-11 14:00:00-10,2026-09-11 13:56:00-10,0.5,0.03,76.0,0.76,2026-09-11 13:56:00-10,10.0,75.0,1.6,1.61,334.0
c065f9bf-6605-4273-a6ad-300bfa5f9368,2026-09-11 14:00:00-10,2026-09-11 13:56:00-10,0.51,0.0,84.0,0.73,2026-09-11 13:56:00-10,10.0,75.0,1.6,1.61,334.0
c065f9bf-6605-4273-a6ad-300bfa5f9368,2026-09-11 14:00:00-10,2026-09-11 13:56:00-10,0.52,0.0,92.0,0.75,2026-09-11 13:56:00-10,10.0,75.0,1.6,1.61,334.0
c065f9bf-6605-4273-a6ad-300bfa5f9368,2026-09-11 14:00:00-10,2026-09-11 13:56:00-10,0.53,0.0,96.0,0.6,2026-09-11 13:56:00-10,10.0,75.0,1.6,1.61,334.0
c065f9bf-6605-4273-a6ad-300bfa5f9368,2026-09-11 14:00:00-10,2026-09-11 13:56:00-10,0.54,0.0,96.0,0.71,2026-09-11 13:56:00-10,10.0,75.0,1.6,1.61,334.0
c065f9bf-6605-4273-a6ad-300bfa5f9368,2026-09-11 14:00:00-10,2026-09-11 13:56:00-10,0.55,0.0,96.0,0.67,2026-09-11 13:56:00-10,10.0,75.0,1.6,1.61,334.0
c065f9bf-6605-4273-a6ad-300bfa5f9368,2026-09-11 14:00:00-10,2026-09-11 13:56:00-10,0.56,0.0,68.0,0.66,2026-09-11 13:56:00-10,10.0,75.0,1.6,1.61,334.0
c065f9bf-6605-4273-a6ad-300bfa5f9368,2026-09-11 14:00:00-10,2026-09-11 13:56:00-10,0.57,0.0,72.0,0.68,2026-09-11 13:56:00-10,10.0,75.0,1.6,1.61,334.0
c065f9bf-6605-4273-a6ad-300bfa5f9368,2026-09-11 14:00:00-10,2026-09-11 13:56:00-10,0.58,0.0,72.0,0.66,2026-09-11 13:56:00-10,10.0,75.0,1.6,1.61,334.0
c10693a5-db4c-482b-8451-87f8c011238d,2026-09-17 14:00:00-10,2026-09-17 13:56:00-10,0.025,0.0,104.0,0.39,2026-09-17 13:56:00-10,10.0,81.0,2.0,2.51,547.0
c10693a5-db4c-482b-8451-87f8c011238d,2026-09-17 14:00:00-10,2026-09-17 13:56:00-10,0.03,0.0,112.0,0.37,2026-09-17 13:56:00-10,10.0,81.0,2.0,2.51,547.0
c10693a5-db4c-482b-8451-87f8c011238d,2026-09-17 14:00:00-10,2026-09-17 13:56:00-10,0.035,0.0,28.0,0.47,2026-09-17 13:56:00-10,10.0,81.0,2.0,2.51,547.0
c10693a5-db4c-482b-8451-87f8c011238d,2026-09-17 14:00:00-10,2026-09-17 13:56:00-10,0.04,0.0,12.0,0.31,2026-09-17 13:56:00-10,10.0,81.0,2.0,2.51,547.0
c10693a5-db4c-482b-8451-87f8c011238d,2026-09-17 14:00:00-10,2026-09-17 13:56:00-10,0.045,0.0,56.0,0.31,2026-09-17 13:56:00-10,10.0,81.0,2.0,2.51,547.0
c10693a5-db4c-482b-8451-87f8c011238d,2026-09-17 14:00:00-10,2026-09-17 13:56:00-10,0.05,0.0,20.0,0.26,2026-09-17 13:56:00-10,10.0,81.0,2.0,2.51,547.0
c10693a5-db4c-482b-8451-87f8c011238d,2026-09-17 14:00:00-10,2026-09-17 13:56:00-10,0.055,0.0,260.0,0.07,2026-09-17 13:56:00-10,10.0,81.0,2.0,2.51,547.0
c10693a5-db4c-482b-8451-87f8c011238d,2026-09-17 14:00:00-10,2026-09-17 13:56:00-10,0.06,0.0,52.0,0.25,2026-09-17 13:56:00-10,10.0,81.0,2.0,2.51,547.0
c10693a5-db4c-482b-8451-87f8c011238d,2026-09-17 14:00:00-10,2026-09-17 13:56:00-10,0.065,0.0,76.0,0.21,2026-09-17 13:56:00-10,10.0,81.0,2.0,2.51,547.0
c10693a5-db4c-482b-8451-87f8c011238d,2026-09-17 14:00:00-10,2026-09-17 13:56:00-10,0.07,0.0,24.0,0.28,2026-09-17 13:56:00-10,10.0,81.0,2.0,2.51,547.0
c10693a5-db4c-482b-8451-87f8c011238d,2026-09-17 14:00:00-10,2026-09-17 13:56:00-10,0.075,0.0,68.0,0.34,2026-09-17 13:56:00-10,10.0,81.0,2.0,2.51,547.0
c10693a5-db4c-482b-8451-87f8c011238d,2026-09-17 14:00:00-10,2026-09-17 13:56:00-10,0.08,0.048,116.0,0.32,2026-09-17 13:56:00-10,10.0,81.0,2.0,2.51,547.0
c10693a5-db4c-482b-8451-87f8c011238d,2026-09-17 14:00:00-10,2026-09-17 13:56:00-10,0.085,0.143,84.0,0.52,2026-09-17 13:56:00-10,10.0,81.0,2.0,2.51,547.0
c10693a5-db4c-482b-8451-87f8c011238d,2026-09-17 14:00:00-10,2026-09-17 13:56:00-10,0.09,0.572,88.0,0.81,2026-09-17 13:56:00-10,10.0,81.0,2.0,2.51,547.0
c10693a5-db4c-482b-8451-87f8c011238d,2026-09-17 14:00:00-10,2026-09-17 13:56:00-10,0.095,1.813,80.0,0.83,2026-09-17 13:56:00-10,10.0,81.0,2.0,2.51,547.0
c10693a5-db4c-482b-8451-87f8c011238d,2026-09-17 14:00:00-10,2026-09-17 13:56:00-10,0.101,4.77,80.0,0.9,2026-09-17 13:56:00-10,10.0,81.0,2.0,2.51,547.0
c10693a5-db4c-482b-8451-87f8c011238d,2026-09-17 14:00:00-10,2026-09-17 13:56:00-10,0.11,3.244,80.0,0.84,2026-09-17 13:56:00-10,10.0,81.0,2.0,2.51,547.0
c10693a5-db4c-482b-8451-87f8c011238d,2026-09-17 14:00:00-10,2026-09-17 13:56:00-10,0.12,3.196,72.0,0.79,2026-09-17 13:56:00-10,10.0,81.0,2.0,2.51,547.0
c10693a5-db4c-482b-8451-87f8c011238d,2026-09-17 14:00:00-10,2026-09-17 13:56:00-10,0.13,2.242,68.0,0.81,2026-09-17 13:56:00-10,10.0,81.0,2.0,2.51,547.0
c10693a5-db4c-482b-8451-87f8c011238d,2026-09-17 14:00:00-10,2026-09-17 13:56:00-10,0.14,1.431,72.0,0.73,2026-09-17 13:56:00-10,10.0,81.0,2.0,2.51,547.0
c10693a5-db4c-482b-8451-87f8c011238d,2026-09-17 14:00:00-10,2026-09-17 13:56:00-10,0.15,1.622,72.0,0.82,2026-09-17 13:56:00-10,10.0,81.0,2.0,2.51,547.0
c10693a5-db4c-482b-8451-87f8c011238d,2026-09-17 14:00:00-10,2026-09-17 13:56:00-10,0.16,1.049,60.0,0.8,2026-09-17 13:56:00-10,10.0,81.0,2.0,2.51,547.0
c10693a5-db4c-482b-8451-87f8c011238d,2026-09-17 14:00:00-10,2026-09-17 13:56:00-10,0.17,1.049,64.0,0.78,2026-09-17 13:56:00-10,10.0,81.0,2.0,2.51,547.0
c10693a5-db4c-482b-8451-87f8c011238d,2026-09-17 14:00:00-10,2026-09-17 13:56:00-10,0.18,1.049,68.0,0.76,2026-09-17 13:56:00-10,10.0,81.0,2.0,2.51,547.0
c10693a5-db4c-482b-8451-87f8c011238d,2026-09-17 14:00:00-10,2026-09-17 13:56:00-10,0.19,0.811,68.0,0.81,2026-09-17 13:56:00-10,10.0,81.0,2.0,2.51,547.0
c10693a5-db4c-482b-8451-87f8c011238d,2026-09-17 14:00:00-10,2026-09-17 13:56:00-10,0.2,0.572,60.0,0.77,2026-09-17 13:56:00-10,10.0,81.0,2.0,2.51,547.0
c10693a5-db4c-482b-8451-87f8c011238d,2026-09-17 14:00:00-10,2026-09-17 13:56:00-10,0.21,0.429,68.0,0.75,2026-09-17 13:56:00-10,10.0,81.0,2.0,2.51,547.0
c10693a5-db4c-482b-8451-87f8c011238d,2026-09-17 14:00:00-10,2026-09-17 13:56:00-10,0.22,0.429,60.0,0.72,2026-09-17 13:56:00-10,10.0,81.0,2.0,2.51,547.0
c10693a5-db4c-482b-8451-87f8c011238d,2026-09-17 14:00:00-10,2026-09-17 13:56:00-10,0.23,0.238,72.0,0.75,2026-09-17 13:56:00-10,10.0,81.0,2.0,2.51,547.0
c10693a5-db4c-482b-8451-87f8c011238d,2026-09-17 14:00:00-10,2026-09-17 13:56:00-10,0.24,0.191,80.0,0.72,2026-09-17 13:56:00-10,10.0,81.0,2.0,2.51,547.0
c10693a5-db4c-482b-8451-87f8c011238d,2026-09-17 14:00:00-10,2026-09-17 13:56:00-10,0.25,0.238,80.0,0.75,2026-09-17 13:56:00-10,10.0,81.0,2.0,2.51,547.0
c10693a5-db4c-482b-8451-87f8c011238d,2026-09-17 14:00:00-10,2026-09-17 13:56:00-10,0.26,0.191,76.0,0.77,2026-09-17 13:56:00-10,10.0,81.0,2.0,2.51,547.0
c10693a5-db4c-482b-8451-87f8c011238d,2026-09-17 14:00:00-10,2026-09-17 13:56:00-10,0.27,0.143,68.0,0.71,2026-09-17 13:56:00-10,10.0,81.0,2.0,2.51,547.0
c10693a5-db4c-482b-8451-87f8c011238d,2026-09-17 14:00:00-10,2026-09-17 13:56:00-10,0.28,0.143,84.0,0.76,2026-09-17 13:56:00-10,10.0,81.0,2.0,2.51,547.0
c10693a5-db4c-482b-8451-87f8c011238d,2026-09-17 14:00:00-10,2026-09-17 13:56:00-10,0.29,0.143,72.0,0.8,2026-09-17 13:56:00-10,10.0,81.0,2.0,2.51,547.0
c10693a5-db4c-482b-8451-87f8c011238d,2026-09-17 14:00:00-10,2026-09-17 13:56:00-10,0.3,0.143,76.0,0.79,2026-09-17 13:56:00-10,10.0,81.0,2.0,2.51,547.0
c10693a5-db4c-482b-8451-87f8c011238d,2026-09-17 14:00:00-10,2026-09-17 13:56:00-10,0.31,0.095,80.0,0.85,2026-09-17 13:56:00-10,10.0,81.0,2.0,2.51,547.0
c10693a5-db4c-482b-8451-87f8c011238d,2026-09-17 14:00:00-10,2026-09-17 13:56:00-10,0.32,0.143,88.0,0.87,2026-09-17 13:56:00-10,10.0,81.0,2.0,2.51,547.0
c10693a5-db4c-482b-8451-87f8c011238d,2026-09-17 14:00:00-10,2026-09-17 13:56:00-10,0.33,0.095,76.0,0.77,2026-09-17 13:56:00-10,10.0,81.0,2.0,2.51,547.0
c10693a5-db4c-482b-8451-87f8c011238d,2026-09-17 14:00:00-10,2026-09-17 13:56:00-10,0.34,0.048,76.0,0.76,2026-09-17 13:56:00-10,10.0,81.0,2.0,2.51,547.0
c10693a5-db4c-482b-8451-87f8c011238d,2026-09-17 14:00:00-10,2026-09-17 13:56:00-10,0.35,0.048,92.0,0.8,2026-09-17 13:56:00-10,10.0,81.0,2.0,2.51,547.0
c10693a5-db4c-482b-8451-87f8c011238d,2026-09-17 14:00:00-10,2026-09-17 13:56:00-10,0.36,0.048,88.0,0.8,2026-09-17 13:56:00-10,10.0,81.0,2.0,2.51,547.0
c10693a5-db4c-482b-8451-87f8c011238d,2026-09-17 14:00:00-10,2026-09-17 13:56:00-10,0.37,0.048,88.0,0.79,2026-09-17 13:56:00-10,10.0,81.0,2.0,2.51,547.0
c10693a5-db4c-482b-8451-87f8c011238d,2026-09-17 14:00:00-10,2026-09-17 13:56:00-10,0.38,0.048,88.0,0.83,2026-09-17 13:56:00-10,10.0,81.0,2.0,2.51,547.0
c10693a5-db4c-482b-8451-87f8c011238d,2026-09-17 14:00:00-10,2026-09-17 13:56:00-10,0.39,0.048,76.0,0.77,2026-09-17 13:56:00-10,10.0,81.0,2.0,2.51,547.0
c10693a5-db4c-482b-8451-87f8c011238d,2026-09-17 14:00:00-10,2026-09-17 13:56:00-10,0.4,0.048,84.0,0.75,2026-09-17 13:56:00-10,10.0,81.0,2.0,2.51,547.0
c10693a5-db4c-482b-8451-87f8c011238d,2026-09-17 14:00:00-10,2026-09-17 13:56:00-10,0.41,0.048,88.0,0.83,2026-09-17 13:56:00-10,10.0,81.0,2.0,2.51,547.0
c10693a5-db4c-482b-8451-87f8c011238d,2026-09-17 14:00:00-10,2026-09-17 13:56:00-10,0.42,0.048,72.0,0.78,2026-09-17 13:56:00-10,10.0,81.0,2.0,2.51,547.0
c10693a5-db4c-482b-8451-87f8c011238d,2026-09-17 14:00:00-10,2026-09-17 13:56:00-10,0.43,0.048,84.0,0.85,2026-09-17 13:56:00-10,10.0,81.0,2.0,2.51,547.0
c10693a5-db4c-482b-8451-87f8c011238d,2026-09-17 14:00:00-10,2026-09-17 13:56:00-10,0.44,0.0,84.0,0.8,2026-09-17 13:56:00-10,10.0,81.0,2.0,2.51,547.0
c10693a5-db4c-482b-8451-87f8c011238d,2026-09-17 14:00:00-10,2026-09-17 13:56:00-10,0.45,0.0,80.0,0.77,2026-09-17 13:56:00-10,10.0,81.0,2.0,2.51,547.0
c10693a5-db4c-482b-8451-87f8c011238d,2026-09-17 14:00:00-10,2026-09-17 13:56:00-10,0.46,0.0,84.0,0.68,2026-09-17 13:56:00-10,10.0,81.0,2.0,2.51,547.0
c10693a5-db4c-482b-8451-87f8c011238d,2026-09-17 14:00:00-10,2026-09-17 13:56:00-10,0.47,0.048,96.0,0.78,2026-09-17 13:56:00-10,10.0,81.0,2.0,2.51,547.0
c10693a5-db4c-482b-8451-87f8c011238d,2026-09-17 14:00:00-10,2026-09-17 13:56:00-10,0.48,0.0,84.0,0.73,2026-09-17 13:56:00-10,10.0,81.0,2.0,2.51,547.0
c10693a5-db4c-482b-8451-87f8c011238d,2026-09-17 14:00:00-10,2026-09-17 13:56:00-10,0.49,0.0,88.0,0.76,2026-09-17 13:56:00-10,10.0,81.0,2.0,2.51,547.0
c10693a5-db4c-482b-8451-87f8c011238d,2026-09-17 14:00:00-10,2026-09-17 13:56:00-10,0.5,0.0,100.0,0.69,2026-09-17 13:56:00-10,10.0,81.0,2.0,2.51,547.0
c10693a5-db4c-482b-8451-87f8c011238d,2026-09-17 14:00:00-10,2026-09-17 13:56:00-10,0.51,0.0,92.0,0.69,2026-09-17 13:56:00-10,10.0,81.0,2.0,2.51,547.0
c10693a5-db4c-482b-8451-87f8c011238d,2026-09-17 14:00:00-10,2026-09-17 13:56:00-10,0.52,0.0,92.0,0.66,2026-09-17 13:56:00-10,10.0,81.0,2.0,2.51,547.0
c10693a5-db4c-482b-8451-87f8c011238d,2026-09-17 14:00:00-10,2026-09-17 13:56:00-10,0.53,0.0,88.0,0.58,2026-09-17 13:56:00-10,10.0,81.0,2.0,2.51,547.0
c10693a5-db4c-482b-8451-87f8c011238d,2026-09-17 14:00:00-10,2026-09-17 13:56:00-10,0.54,0.0,100.0,0.63,2026-09-17 13:56:00-10,10.0,81.0,2.0,2.51,547.0
c10693a5-db4c-482b-8451-87f8c011238d,2026-09-17 14:00:00-10,2026-09-17 13:56:00-10,0.55,0.0,108.0,0.69,2026-09-17 13:56:00-10,10.0,81.0,2.0,2.51,547.0
c10693a5-db4c-482b-8451-87f8c011238d,2026-09-17 14:00:00-10,2026-09-17 13:56:00-10,0.56,0.0,88.0,0.67,2026-09-17 13:56:00-10,10.0,81.0,2.0,2.51,547.0
c10693a5-db4c-482b-8451-87f8c011238d,2026-09-17 14:00:00-10,2026-09-17 13:56:00-10,0.57,0.0,84.0,0.6,2026-09-17 13:56:00-10,10.0,81.0,2.0,2.51,547.0
c10693a5-db4c-482b-8451-87f8c011238d,2026-09-17 14:00:00-10,2026-09-17 13:56:00-10,0.58,0.0,100.0,0.74,2026-09-17 13:56:00-10,10.0,81.0,2.0,2.51,547.0
c80fc8fb-0e00-4347-8524-33bc955f5e91,2026-08-18 14:00:00-10,2026-08-18 13:56:00-10,0.025,0.0,68.0,0.68,2026-08-18 14:26:00-10,9.0,93.0,1.4,1.23,211.0
c80fc8fb-0e00-4347-8524-33bc955f5e91,2026-08-18 14:00:00-10,2026-08-18 13:56:00-10,0.03,0.0,64.0,0.8,2026-08-18 14:26:00-10,9.0,93.0,1.4,1.23,211.0
c80fc8fb-0e00-4347-8524-33bc955f5e91,2026-08-18 14:00:00-10,2026-08-18 13:56:00-10,0.035,0.0,56.0,0.52,2026-08-18 14:26:00-10,9.0,93.0,1.4,1.23,211.0
c80fc8fb-0e00-4347-8524-33bc955f5e91,2026-08-18 14:00:00-10,2026-08-18 13:56:00-10,0.04,0.0,36.0,0.42,2026-08-18 14:26:00-10,9.0,93.0,1.4,1.23,211.0
c80fc8fb-0e00-4347-8524-33bc955f5e91,2026-08-18 14:00:00-10,2026-08-18 13:56:00-10,0.045,0.0,88.0,0.55,2026-08-18 14:26:00-10,9.0,93.0,1.4,1.23,211.0
c80fc8fb-0e00-4347-8524-33bc955f5e91,2026-08-18 14:00:00-10,2026-08-18 13:56:00-10,0.05,0.0,144.0,0.2,2026-08-18 14:26:00-10,9.0,93.0,1.4,1.23,211.0
c80fc8fb-0e00-4347-8524-33bc955f5e91,2026-08-18 14:00:00-10,2026-08-18 13:56:00-10,0.055,0.025,328.0,0.35,2026-08-18 14:26:00-10,9.0,93.0,1.4,1.23,211.0
c80fc8fb-0e00-4347-8524-33bc955f5e91,2026-08-18 14:00:00-10,2026-08-18 13:56:00-10,0.06,0.025,96.0,0.38,2026-08-18 14:26:00-10,9.0,93.0,1.4,1.23,211.0
c80fc8fb-0e00-4347-8524-33bc955f5e91,2026-08-18 14:00:00-10,2026-08-18 13:56:00-10,0.065,0.013,240.0,0.23,2026-08-18 14:26:00-10,9.0,93.0,1.4,1.23,211.0
c80fc8fb-0e00-4347-8524-33bc955f5e91,2026-08-18 14:00:00-10,2026-08-18 13:56:00-10,0.07,0.013,68.0,0.59,2026-08-18 14:26:00-10,9.0,93.0,1.4,1.23,211.0
c80fc8fb-0e00-4347-8524-33bc955f5e91,2026-08-18 14:00:00-10,2026-08-18 13:56:00-10,0.075,0.013,56.0,0.44,2026-08-18 14:26:00-10,9.0,93.0,1.4,1.23,211.0
c80fc8fb-0e00-4347-8524-33bc955f5e91,2026-08-18 14:00:00-10,2026-08-18 13:56:00-10,0.08,0.013,92.0,0.23,2026-08-18 14:26:00-10,9.0,93.0,1.4,1.23,211.0
c80fc8fb-0e00-4347-8524-33bc955f5e91,2026-08-18 14:00:00-10,2026-08-18 13:56:00-10,0.085,0.051,52.0,0.39,2026-08-18 14:26:00-10,9.0,93.0,1.4,1.23,211.0
c80fc8fb-0e00-4347-8524-33bc955f5e91,2026-08-18 14:00:00-10,2026-08-18 13:56:00-10,0.09,0.076,28.0,0.19,2026-08-18 14:26:00-10,9.0,93.0,1.4,1.23,211.0
c80fc8fb-0e00-4347-8524-33bc955f5e91,2026-08-18 14:00:00-10,2026-08-18 13:56:00-10,0.095,0.241,92.0,0.62,2026-08-18 14:26:00-10,9.0,93.0,1.4,1.23,211.0
c80fc8fb-0e00-4347-8524-33bc955f5e91,2026-08-18 14:00:00-10,2026-08-18 13:56:00-10,0.101,0.813,100.0,0.83,2026-08-18 14:26:00-10,9.0,93.0,1.4,1.23,211.0
c80fc8fb-0e00-4347-8524-33bc955f5e91,2026-08-18 14:00:00-10,2026-08-18 13:56:00-10,0.11,1.27,92.0,0.86,2026-08-18 14:26:00-10,9.0,93.0,1.4,1.23,211.0
c80fc8fb-0e00-4347-8524-33bc955f5e91,2026-08-18 14:00:00-10,2026-08-18 13:56:00-10,0.12,1.016,84.0,0.82,2026-08-18 14:26:00-10,9.0,93.0,1.4,1.23,211.0
c80fc8fb-0e00-4347-8524-33bc955f5e91,2026-08-18 14:00:00-10,2026-08-18 13:56:00-10,0.13,1.003,80.0,0.79,2026-08-18 14:26:00-10,9.0,93.0,1.4,1.23,211.0
c80fc8fb-0e00-4347-8524-33bc955f5e91,2026-08-18 14:00:00-10,2026-08-18 13:56:00-10,0.14,0.762,76.0,0.79,2026-08-18 14:26:00-10,9.0,93.0,1.4,1.23,211.0
c80fc8fb-0e00-4347-8524-33bc955f5e91,2026-08-18 14:00:00-10,2026-08-18 13:56:00-10,0.15,0.787,84.0,0.83,2026-08-18 14:26:00-10,9.0,93.0,1.4,1.23,211.0
c80fc8fb-0e00-4347-8524-33bc955f5e91,2026-08-18 14:00:00-10,2026-08-18 13:56:00-10,0.16,0.876,80.0,0.83,2026-08-18 14:26:00-10,9.0,93.0,1.4,1.23,211.0
c80fc8fb-0e00-4347-8524-33bc955f5e91,2026-08-18 14:00:00-10,2026-08-18 13:56:00-10,0.17,0.622,60.0,0.76,2026-08-18 14:26:00-10,9.0,93.0,1.4,1.23,211.0
c80fc8fb-0e00-4347-8524-33bc955f5e91,2026-08-18 14:00:00-10,2026-08-18 13:56:00-10,0.18,0.559,56.0,0.78,2026-08-18 14:26:00-10,9.0,93.0,1.4,1.23,211.0
c80fc8fb-0e00-4347-8524-33bc955f5e91,2026-08-18 14:00:00-10,2026-08-18 13:56:00-10,0.19,0.292,64.0,0.74,2026-08-18 14:26:00-10,9.0,93.0,1.4,1.23,211.0
c80fc8fb-0e00-4347-8524-33bc955f5e91,2026-08-18 14:00:00-10,2026-08-18 13:56:00-10,0.2,0.394,68.0,0.75,2026-08-18 14:26:00-10,9.0,93.0,1.4,1.23,211.0
c80fc8fb-0e00-4347-8524-33bc955f5e91,2026-08-18 14:00:00-10,2026-08-18 13:56:00-10,0.21,0.33,68.0,0.78,2026-08-18 14:26:00-10,9.0,93.0,1.4,1.23,211.0
c80fc8fb-0e00-4347-8524-33bc955f5e91,2026-08-18 14:00:00-10,2026-08-18 13:56:00-10,0.22,0.279,72.0,0.76,2026-08-18 14:26:00-10,9.0,93.0,1.4,1.23,211.0
c80fc8fb-0e00-4347-8524-33bc955f5e91,2026-08-18 14:00:00-10,2026-08-18 13:56:00-10,0.23,0.356,68.0,0.74,2026-08-18 14:26:00-10,9.0,93.0,1.4,1.23,211.0
c80fc8fb-0e00-4347-8524-33bc955f5e91,2026-08-18 14:00:00-10,2026-08-18 13:56:00-10,0.24,0.305,68.0,0.77,2026-08-18 14:26:00-10,9.0,93.0,1.4,1.23,211.0
c80fc8fb-0e00-4347-8524-33bc955f5e91,2026-08-18 14:00:00-10,2026-08-18 13:56:00-10,0.25,0.279,68.0,0.77,2026-08-18 14:26:00-10,9.0,93.0,1.4,1.23,211.0
c80fc8fb-0e00-4347-8524-33bc955f5e91,2026-08-18 14:00:00-10,2026-08-18 13:56:00-10,0.26,0.279,64.0,0.78,2026-08-18 14:26:00-10,9.0,93.0,1.4,1.23,211.0
c80fc8fb-0e00-4347-8524-33bc955f5e91,2026-08-18 14:00:00-10,2026-08-18 13:56:00-10,0.27,0.33,72.0,0.79,2026-08-18 14:26:00-10,9.0,93.0,1.4,1.23,211.0
c80fc8fb-0e00-4347-8524-33bc955f5e91,2026-08-18 14:00:00-10,2026-08-18 13:56:00-10,0.28,0.229,84.0,0.82,2026-08-18 14:26:00-10,9.0,93.0,1.4,1.23,211.0
c80fc8fb-0e00-4347-8524-33bc955f5e91,2026-08-18 14:00:00-10,2026-08-18 13:56:00-10,0.29,0.216,76.0,0.87,2026-08-18 14:26:00-10,9.0,93.0,1.4,1.23,211.0
c80fc8fb-0e00-4347-8524-33bc955f5e91,2026-08-18 14:00:00-10,2026-08-18 13:56:00-10,0.3,0.178,72.0,0.85,2026-08-18 14:26:00-10,9.0,93.0,1.4,1.23,211.0
c80fc8fb-0e00-4347-8524-33bc955f5e91,2026-08-18 14:00:00-10,2026-08-18 13:56:00-10,0.31,0.216,72.0,0.86,2026-08-18 14:26:00-10,9.0,93.0,1.4,1.23,211.0
c80fc8fb-0e00-4347-8524-33bc955f5e91,2026-08-18 14:00:00-10,2026-08-18 13:56:00-10,0.32,0.14,76.0,0.82,2026-08-18 14:26:00-10,9.0,93.0,1.4,1.23,211.0
c80fc8fb-0e00-4347-8524-33bc955f5e91,2026-08-18 14:00:00-10,2026-08-18 13:56:00-10,0.33,0.14,72.0,0.84,2026-08-18 14:26:00-10,9.0,93.0,1.4,1.23,211.0
c80fc8fb-0e00-4347-8524-33bc955f5e91,2026-08-18 14:00:00-10,2026-08-18 13:56:00-10,0.34,0.089,72.0,0.84,2026-08-18 14:26:00-10,9.0,93.0,1.4,1.23,211.0
c80fc8fb-0e00-4347-8524-33bc955f5e91,2026-08-18 14:00:00-10,2026-08-18 13:56:00-10,0.35,0.114,76.0,0.85,2026-08-18 14:26:00-10,9.0,93.0,1.4,1.23,211.0
c80fc8fb-0e00-4347-8524-33bc955f5e91,2026-08-18 14:00:00-10,2026-08-18 13:56:00-10,0.36,0.064,92.0,0.73,2026-08-18 14:26:00-10,9.0,93.0,1.4,1.23,211.0
c80fc8fb-0e00-4347-8524-33bc955f5e91,2026-08-18 14:00:00-10,2026-08-18 13:56:00-10,0.37,0.064,72.0,0.8,2026-08-18 14:26:00-10,9.0,93.0,1.4,1.23,211.0
c80fc8fb-0e00-4347-8524-33bc955f5e91,2026-08-18 14:00:00-10,2026-08-18 13:56:00-10,0.38,0.076,72.0,0.78,2026-08-18 14:26:00-10,9.0,93.0,1.4,1.23,211.0
c80fc8fb-0e00-4347-8524-33bc955f5e91,2026-08-18 14:00:00-10,2026-08-18 13:56:00-10,0.39,0.051,72.0,0.73,2026-08-18 14:26:00-10,9.0,93.0,1.4,1.23,211.0
c80fc8fb-0e00-4347-8524-33bc955f5e91,2026-08-18 14:00:00-10,2026-08-18 13:56:00-10,0.4,0.051,84.0,0.79,2026-08-18 14:26:00-10,9.0,93.0,1.4,1.23,211.0
c80fc8fb-0e00-4347-8524-33bc955f5e91,2026-08-18 14:00:00-10,2026-08-18 13:56:00-10,0.41,0.051,84.0,0.8,2026-08-18 14:26:00-10,9.0,93.0,1.4,1.23,211.0
c80fc8fb-0e00-4347-8524-33bc955f5e91,2026-08-18 14:00:00-10,2026-08-18 13:56:00-10,0.42,0.038,84.0,0.71,2026-08-18 14:26:00-10,9.0,93.0,1.4,1.23,211.0
c80fc8fb-0e00-4347-8524-33bc955f5e91,2026-08-18 14:00:00-10,2026-08-18 13:56:00-10,0.43,0.038,84.0,0.77,2026-08-18 14:26:00-10,9.0,93.0,1.4,1.23,211.0
c80fc8fb-0e00-4347-8524-33bc955f5e91,2026-08-18 14:00:00-10,2026-08-18 13:56:00-10,0.44,0.025,80.0,0.7,2026-08-18 14:26:00-10,9.0,93.0,1.4,1.23,211.0
c80fc8fb-0e00-4347-8524-33bc955f5e91,2026-08-18 14:00:00-10,2026-08-18 13:56:00-10,0.45,0.025,72.0,0.77,2026-08-18 14:26:00-10,9.0,93.0,1.4,1.23,211.0
c80fc8fb-0e00-4347-8524-33bc955f5e91,2026-08-18 14:00:00-10,2026-08-18 13:56:00-10,0.46,0.038,80.0,0.79,2026-08-18 14:26:00-10,9.0,93.0,1.4,1.23,211.0
c80fc8fb-0e00-4347-8524-33bc955f5e91,2026-08-18 14:00:00-10,2026-08-18 13:56:00-10,0.47,0.025,76.0,0.76,2026-08-18 14:26:00-10,9.0,93.0,1.4,1.23,211.0
c80fc8fb-0e00-4347-8524-33bc955f5e91,2026-08-18 14:00:00-10,2026-08-18 13:56:00-10,0.48,0.025,76.0,0.81,2026-08-18 14:26:00-10,9.0,93.0,1.4,1.23,211.0
c80fc8fb-0e00-4347-8524-33bc955f5e91,2026-08-18 14:00:00-10,2026-08-18 13:56:00-10,0.49,0.025,72.0,0.75,2026-08-18 14:26:00-10,9.0,93.0,1.4,1.23,211.0
c80fc8fb-0e00-4347-8524-33bc955f5e91,2026-08-18 14:00:00-10,2026-08-18 13:56:00-10,0.5,0.013,72.0,0.74,2026-08-18 14:26:00-10,9.0,93.0,1.4,1.23,211.0
c80fc8fb-0e00-4347-8524-33bc955f5e91,2026-08-18 14:00:00-10,2026-08-18 13:56:00-10,0.51,0.013,100.0,0.71,2026-08-18 14:26:00-10,9.0,93.0,1.4,1.23,211.0
c80fc8fb-0e00-4347-8524-33bc955f5e91,2026-08-18 14:00:00-10,2026-08-18 13:56:00-10,0.52,0.025,100.0,0.78,2026-08-18 14:26:00-10,9.0,93.0,1.4,1.23,211.0
c80fc8fb-0e00-4347-8524-33bc955f5e91,2026-08-18 14:00:00-10,2026-08-18 13:56:00-10,0.53,0.013,76.0,0.6,2026-08-18 14:26:00-10,9.0,93.0,1.4,1.23,211.0
c80fc8fb-0e00-4347-8524-33bc955f5e91,2026-08-18 14:00:00-10,2026-08-18 13:56:00-10,0.54,0.013,84.0,0.69,2026-08-18 14:26:00-10,9.0,93.0,1.4,1.23,211.0
c80fc8fb-0e00-4347-8524-33bc955f5e91,2026-08-18 14:00:00-10,2026-08-18 13:56:00-10,0.55,0.013,80.0,0.71,2026-08-18 14:26:00-10,9.0,93.0,1.4,1.23,211.0
c80fc8fb-0e00-4347-8524-33bc955f5e91,2026-08-18 14:00:00-10,2026-08-18 13:56:00-10,0.56,0.013,64.0,0.7,2026-08-18 14:26:00-10,9.0,93.0,1.4,1.23,211.0
c80fc8fb-0e00-4347-8524-33bc955f5e91,2026-08-18 14:00:00-10,2026-08-18 13:56:00-10,0.57,0.013,92.0,0.72,2026-08-18 14:26:00-10,9.0,93.0,1.4,1.23,211.0
c80fc8fb-0e00-4347-8524-33bc955f5e91,2026-08-18 14:00:00-10,2026-08-18 13:56:00-10,0.58,0.013,80.0,0.71,2026-08-18 14:26:00-10,9.0,93.0,1.4,1.23,211.0
d1489c68-ca3e-4cd4-9757-6573018c7696,2026-08-17 14:00:00-10,2026-08-17 13:56:00-10,0.025,0.0,92.0,0.3,2026-08-17 14:26:00-10,9.0,95.0,1.8,2.04,290.0
d1489c68-ca3e-4cd4-9757-6573018c7696,2026-08-17 14:00:00-10,2026-08-17 13:56:00-10,0.03,0.0,116.0,0.58,2026-08-17 14:26:00-10,9.0,95.0,1.8,2.04,290.0
d1489c68-ca3e-4cd4-9757-6573018c7696,2026-08-17 14:00:00-10,2026-08-17 13:56:00-10,0.035,0.0,124.0,0.33,2026-08-17 14:26:00-10,9.0,95.0,1.8,2.04,290.0
d1489c68-ca3e-4cd4-9757-6573018c7696,2026-08-17 14:00:00-10,2026-08-17 13:56:00-10,0.04,0.0,112.0,0.52,2026-08-17 14:26:00-10,9.0,95.0,1.8,2.04,290.0
d1489c68-ca3e-4cd4-9757-6573018c7696,2026-08-17 14:00:00-10,2026-08-17 13:56:00-10,0.045,0.0,108.0,0.62,2026-08-17 14:26:00-10,9.0,95.0,1.8,2.04,290.0
d1489c68-ca3e-4cd4-9757-6573018c7696,2026-08-17 14:00:00-10,2026-08-17 13:56:00-10,0.05,0.0,128.0,0.28,2026-08-17 14:26:00-10,9.0,95.0,1.8,2.04,290.0
d1489c68-ca3e-4cd4-9757-6573018c7696,2026-08-17 14:00:00-10,2026-08-17 13:56:00-10,0.055,0.0,120.0,0.16,2026-08-17 14:26:00-10,9.0,95.0,1.8,2.04,290.0
d1489c68-ca3e-4cd4-9757-6573018c7696,2026-08-17 14:00:00-10,2026-08-17 13:56:00-10,0.06,0.0,152.0,0.41,2026-08-17 14:26:00-10,9.0,95.0,1.8,2.04,290.0
d1489c68-ca3e-4cd4-9757-6573018c7696,2026-08-17 14:00:00-10,2026-08-17 13:56:00-10,0.065,0.0,112.0,0.71,2026-08-17 14:26:00-10,9.0,95.0,1.8,2.04,290.0
d1489c68-ca3e-4cd4-9757-6573018c7696,2026-08-17 14:00:00-10,2026-08-17 13:56:00-10,0.07,0.021,60.0,0.21,2026-08-17 14:26:00-10,9.0,95.0,1.8,2.04,290.0
d1489c68-ca3e-4cd4-9757-6573018c7696,2026-08-17 14:00:00-10,2026-08-17 13:56:00-10,0.075,0.0,24.0,0.11,2026-08-17 14:26:00-10,9.0,95.0,1.8,2.04,290.0
d1489c68-ca3e-4cd4-9757-6573018c7696,2026-08-17 14:00:00-10,2026-08-17 13:56:00-10,0.08,0.064,96.0,0.34,2026-08-17 14:26:00-10,9.0,95.0,1.8,2.04,290.0
d1489c68-ca3e-4cd4-9757-6573018c7696,2026-08-17 14:00:00-10,2026-08-17 13:56:00-10,0.085,0.127,100.0,0.43,2026-08-17 14:26:00-10,9.0,95.0,1.8,2.04,290.0
d1489c68-ca3e-4cd4-9757-6573018c7696,2026-08-17 14:00:00-10,2026-08-17 13:56:00-10,0.09,0.254,112.0,0.76,2026-08-17 14:26:00-10,9.0,95.0,1.8,2.04,290.0
d1489c68-ca3e-4cd4-9757-6573018c7696,2026-08-17 14:00:00-10,2026-08-17 13:56:00-10,0.095,0.445,108.0,0.67,2026-08-17 14:26:00-10,9.0,95.0,1.8,2.04,290.0
d1489c68-ca3e-4cd4-9757-6573018c7696,2026-08-17 14:00:00-10,2026-08-17 13:56:00-10,0.101,1.632,104.0,0.9,2026-08-17 14:26:00-10,9.0,95.0,1.8,2.04,290.0
d1489c68-ca3e-4cd4-9757-6573018c7696,2026-08-17 14:00:00-10,2026-08-17 13:56:00-10,0.11,2.12,96.0,0.82,2026-08-17 14:26:00-10,9.0,95.0,1.8,2.04,290.0
d1489c68-ca3e-4cd4-9757-6573018c7696,2026-08-17 14:00:00-10,2026-08-17 13:56:00-10,0.12,1.526,84.0,0.84,2026-08-17 14:26:00-10,9.0,95.0,1.8,2.04,290.0
d1489c68-ca3e-4cd4-9757-6573018c7696,2026-08-17 14:00:00-10,2026-08-17 13:56:00-10,0.13,1.272,80.0,0.82,2026-08-17 14:26:00-10,9.0,95.0,1.8,2.04,290.0
d1489c68-ca3e-4cd4-9757-6573018c7696,2026-08-17 14:00:00-10,2026-08-17 13:56:00-10,0.14,1.42,72.0,0.8,2026-08-17 14:26:00-10,9.0,95.0,1.8,2.04,290.0
d1489c68-ca3e-4cd4-9757-6573018c7696,2026-08-17 14:00:00-10,2026-08-17 13:56:00-10,0.15,1.654,72.0,0.77,2026-08-17 14:26:00-10,9.0,95.0,1.8,2.04,290.0
d1489c68-ca3e-4cd4-9757-6573018c7696,2026-08-17 14:00:00-10,2026-08-17 13:56:00-10,0.16,1.484,80.0,0.82,2026-08-17 14:26:00-10,9.0,95.0,1.8,2.04,290.0
d1489c68-ca3e-4cd4-9757-6573018c7696,2026-08-17 14:00:00-10,2026-08-17 13:56:00-10,0.17,1.081,80.0,0.81,2026-08-17 14:26:00-10,9.0,95.0,1.8,2.04,290.0
d1489c68-ca3e-4cd4-9757-6573018c7696,2026-08-17 14:00:00-10,2026-08-17 13:56:00-10,0.18,0.7,72.0,0.78,2026-08-17 14:26:00-10,9.0,95.0,1.8,2.04,290.0
d1489c68-ca3e-4cd4-9757-6573018c7696,2026-08-17 14:00:00-10,2026-08-17 13:56:00-10,0.19,0.7,88.0,0.85,2026-08-17 14:26:00-10,9.0,95.0,1.8,2.04,290.0
d1489c68-ca3e-4cd4-9757-6573018c7696,2026-08-17 14:00:00-10,2026-08-17 13:56:00-10,0.2,0.466,92.0,0.76,2026-08-17 14:26:00-10,9.0,95.0,1.8,2.04,290.0
d1489c68-ca3e-4cd4-9757-6573018c7696,2026-08-17 14:00:00-10,2026-08-17 13:56:00-10,0.21,0.594,80.0,0.87,2026-08-17 14:26:00-10,9.0,95.0,1.8,2.04,290.0
d1489c68-ca3e-4cd4-9757-6573018c7696,2026-08-17 14:00:00-10,2026-08-17 13:56:00-10,0.22,0.403,92.0,0.82,2026-08-17 14:26:00-10,9.0,95.0,1.8,2.04,290.0
d1489c68-ca3e-4cd4-9757-6573018c7696,2026-08-17 14:00:00-10,2026-08-17 13:56:00-10,0.23,0.403,88.0,0.83,2026-08-17 14:26:00-10,9.0,95.0,1.8,2.04,290.0
d1489c68-ca3e-4cd4-9757-6573018c7696,2026-08-17 14:00:00-10,2026-08-17 13:56:00-10,0.24,0.339,96.0,0.81,2026-08-17 14:26:00-10,9.0,95.0,1.8,2.04,290.0
d1489c68-ca3e-4cd4-9757-6573018c7696,2026-08-17 14:00:00-10,2026-08-17 13:56:00-10,0.25,0.509,88.0,0.89,2026-08-17 14:26:00-10,9.0,95.0,1.8,2.04,290.0
d1489c68-ca3e-4cd4-9757-6573018c7696,2026-08-17 14:00:00-10,2026-08-17 13:56:00-10,0.26,0.339,96.0,0.83,2026-08-17 14:26:00-10,9.0,95.0,1.8,2.04,290.0
d1489c68-ca3e-4cd4-9757-6573018c7696,2026-08-17 14:00:00-10,2026-08-17 13:56:00-10,0.27,0.212,96.0,0.81,2026-08-17 14:26:00-10,9.0,95.0,1.8,2.04,290.0
d1489c68-ca3e-4cd4-9757-6573018c7696,2026-08-17 14:00:00-10,2026-08-17 13:56:00-10,0.28,0.254,96.0,0.81,2026-08-17 14:26:00-10,9.0,95.0,1.8,2.04,290.0
d1489c68-ca3e-4cd4-9757-6573018c7696,2026-08-17 14:00:00-10,2026-08-17 13:56:00-10,0.29,0.127,96.0,0.73,2026-08-17 14:26:00-10,9.0,95.0,1.8,2.04,290.0
d1489c68-ca3e-4cd4-9757-6573018c7696,2026-08-17 14:00:00-10,2026-08-17 13:56:00-10,0.3,0.127,88.0,0.76,2026-08-17 14:26:00-10,9.0,95.0,1.8,2.04,290.0
d1489c68-ca3e-4cd4-9757-6573018c7696,2026-08-17 14:00:00-10,2026-08-17 13:56:00-10,0.31,0.233,96.0,0.83,2026-08-17 14:26:00-10,9.0,95.0,1.8,2.04,290.0
d1489c68-ca3e-4cd4-9757-6573018c7696,2026-08-17 14:00:00-10,2026-08-17 13:56:00-10,0.32,0.127,100.0,0.76,2026-08-17 14:26:00-10,9.0,95.0,1.8,2.04,290.0
d1489c68-ca3e-4cd4-9757-6573018c7696,2026-08-17 14:00:00-10,2026-08-17 13:56:00-10,0.33,0.106,96.0,0.74,2026-08-17 14:26:00-10,9.0,95.0,1.8,2.04,290.0
d1489c68-ca3e-4cd4-9757-6573018c7696,2026-08-17 14:00:00-10,2026-08-17 13:56:00-10,0.34,0.085,100.0,0.73,2026-08-17 14:26:00-10,9.0,95.0,1.8,2.04,290.0
d1489c68-ca3e-4cd4-9757-6573018c7696,2026-08-17 14:00:00-10,2026-08-17 13:56:00-10,0.35,0.064,112.0,0.69,2026-08-17 14:26:00-10,9.0,95.0,1.8,2.04,290.0
d1489c68-ca3e-4cd4-9757-6573018c7696,2026-08-17 14:00:00-10,2026-08-17 13:56:00-10,0.36,0.106,100.0,0.78,2026-08-17 14:26:00-10,9.0,95.0,1.8,2.04,290.0
d1489c68-ca3e-4cd4-9757-6573018c7696,2026-08-17 14:00:00-10,2026-08-17 13:56:00-10,0.37,0.064,88.0,0.78,2026-08-17 14:26:00-10,9.0,95.0,1.8,2.04,290.0
d1489c68-ca3e-4cd4-9757-6573018c7696,2026-08-17 14:00:00-10,2026-08-17 13:56:00-10,0.38,0.085,88.0,0.78,2026-08-17 14:26:00-10,9.0,95.0,1.8,2.04,290.0
d1489c68-ca3e-4cd4-9757-6573018c7696,2026-08-17 14:00:00-10,2026-08-17 13:56:00-10,0.39,0.064,96.0,0.78,2026-08-17 14:26:00-10,9.0,95.0,1.8,2.04,290.0
d1489c68-ca3e-4cd4-9757-6573018c7696,2026-08-17 14:00:00-10,2026-08-17 13:56:00-10,0.4,0.064,100.0,0.75,2026-08-17 14:26:00-10,9.0,95.0,1.8,2.04,290.0
d1489c68-ca3e-4cd4-9757-6573018c7696,2026-08-17 14:00:00-10,2026-08-17 13:56:00-10,0.41,0.064,96.0,0.75,2026-08-17 14:26:00-10,9.0,95.0,1.8,2.04,290.0
d1489c68-ca3e-4cd4-9757-6573018c7696,2026-08-17 14:00:00-10,2026-08-17 13:56:00-10,0.42,0.042,96.0,0.73,2026-08-17 14:26:00-10,9.0,95.0,1.8,2.04,290.0
d1489c68-ca3e-4cd4-9757-6573018c7696,2026-08-17 14:00:00-10,2026-08-17 13:56:00-10,0.43,0.042,96.0,0.73,2026-08-17 14:26:00-10,9.0,95.0,1.8,2.04,290.0
d1489c68-ca3e-4cd4-9757-6573018c7696,2026-08-17 14:00:00-10,2026-08-17 13:56:00-10,0.44,0.042,92.0,0.79,2026-08-17 14:26:00-10,9.0,95.0,1.8,2.04,290.0
d1489c68-ca3e-4cd4-9757-6573018c7696,2026-08-17 14:00:00-10,2026-08-17 13:56:00-10,0.45,0.021,84.0,0.73,2026-08-17 14:26:00-10,9.0,95.0,1.8,2.04,290.0
d1489c68-ca3e-4cd4-9757-6573018c7696,2026-08-17 14:00:00-10,2026-08-17 13:56:00-10,0.46,0.042,68.0,0.78,2026-08-17 14:26:00-10,9.0,95.0,1.8,2.04,290.0
d1489c68-ca3e-4cd4-9757-6573018c7696,2026-08-17 14:00:00-10,2026-08-17 13:56:00-10,0.47,0.021,96.0,0.64,2026-08-17 14:26:00-10,9.0,95.0,1.8,2.04,290.0
d1489c68-ca3e-4cd4-9757-6573018c7696,2026-08-17 14:00:00-10,2026-08-17 13:56:00-10,0.48,0.042,88.0,0.7,2026-08-17 14:26:00-10,9.0,95.0,1.8,2.04,290.0
d1489c68-ca3e-4cd4-9757-6573018c7696,2026-08-17 14:00:00-10,2026-08-17 13:56:00-10,0.49,0.021,72.0,0.67,2026-08-17 14:26:00-10,9.0,95.0,1.8,2.04,290.0
d1489c68-ca3e-4cd4-9757-6573018c7696,2026-08-17 14:00:00-10,2026-08-17 13:56:00-10,0.5,0.021,100.0,0.71,2026-08-17 14:26:00-10,9.0,95.0,1.8,2.04,290.0
d1489c68-ca3e-4cd4-9757-6573018c7696,2026-08-17 14:00:00-10,2026-08-17 13:56:00-10,0.51,0.0,96.0,0.58,2026-08-17 14:26:00-10,9.0,95.0,1.8,2.04,290.0
d1489c68-ca3e-4cd4-9757-6573018c7696,2026-08-17 14:00:00-10,2026-08-17 13:56:00-10,0.52,0.0,100.0,0.64,2026-08-17 14:26:00-10,9.0,95.0,1.8,2.04,290.0
d1489c68-ca3e-4cd4-9757-6573018c7696,2026-08-17 14:00:00-10,2026-08-17 13:56:00-10,0.53,0.0,84.0,0.55,2026-08-17 14:26:00-10,9.0,95.0,1.8,2.04,290.0
d1489c68-ca3e-4cd4-9757-6573018c7696,2026-08-17 14:00:00-10,2026-08-17 13:56:00-10,0.54,0.021,84.0,0.68,2026-08-17 14:26:00-10,9.0,95.0,1.8,2.04,290.0
d1489c68-ca3e-4cd4-9757-6573018c7696,2026-08-17 14:00:00-10,2026-08-17 13:56:00-10,0.55,0.021,88.0,0.66,2026-08-17 14:26:00-10,9.0,95.0,1.8,2.04,290.0
d1489c68-ca3e-4cd4-9757-6573018c7696,2026-08-17 14:00:00-10,2026-08-17 13:56:00-10,0.56,0.021,80.0,0.59,2026-08-17 14:26:00-10,9.0,95.0,1.8,2.04,290.0
d1489c68-ca3e-4cd4-9757-6573018c7696,2026-08-17 14:00:00-10,2026-08-17 13:56:00-10,0.57,0.0,80.0,0.61,2026-08-17 14:26:00-10,9.0,95.0,1.8,2.04,290.0
d1489c68-ca3e-4cd4-9757-6573018c7696,2026-08-17 14:00:00-10,2026-08-17 13:56:00-10,0.58,0.0,88.0,0.63,2026-08-17 14:26:00-10,9.0,95.0,1.8,2.04,290.0
d1cb703c-f02a-4fed-90e1-f2436c463b08,2026-10-03 16:00:00-10,2026-10-03 15:56:00-10,0.025,0.0,124.0,0.29,2026-10-03 16:26:00-10,9.0,10.0,1.3,1.06,167.0
d1cb703c-f02a-4fed-90e1-f2436c463b08,2026-10-03 16:00:00-10,2026-10-03 15:56:00-10,0.03,0.0,28.0,0.01,2026-10-03 16:26:00-10,9.0,10.0,1.3,1.06,167.0
d1cb703c-f02a-4fed-90e1-f2436c463b08,2026-10-03 16:00:00-10,2026-10-03 15:56:00-10,0.035,0.0,24.0,0.41,2026-10-03 16:26:00-10,9.0,10.0,1.3,1.06,167.0
d1cb703c-f02a-4fed-90e1-f2436c463b08,2026-10-03 16:00:00-10,2026-10-03 15:56:00-10,0.04,0.0,88.0,0.13,2026-10-03 16:26:00-10,9.0,10.0,1.3,1.06,167.0
d1cb703c-f02a-4fed-90e1-f2436c463b08,2026-10-03 16:00:00-10,2026-10-03 15:56:00-10,0.045,0.0,28.0,0.24,2026-10-03 16:26:00-10,9.0,10.0,1.3,1.06,167.0
d1cb703c-f02a-4fed-90e1-f2436c463b08,2026-10-03 16:00:00-10,2026-10-03 15:56:00-10,0.05,0.0,44.0,0.29,2026-10-03 16:26:00-10,9.0,10.0,1.3,1.06,167.0
d1cb703c-f02a-4fed-90e1-f2436c463b08,2026-10-03 16:00:00-10,2026-10-03 15:56:00-10,0.055,0.0,64.0,0.26,2026-10-03 16:26:00-10,9.0,10.0,1.3,1.06,167.0
d1cb703c-f02a-4fed-90e1-f2436c463b08,2026-10-03 16:00:00-10,2026-10-03 15:56:00-10,0.06,0.015,44.0,0.26,2026-10-03 16:26:00-10,9.0,10.0,1.3,1.06,167.0
d1cb703c-f02a-4fed-90e1-f2436c463b08,2026-10-03 16:00:00-10,2026-10-03 15:56:00-10,0.065,0.0,336.0,0.18,2026-10-03 16:26:00-10,9.0,10.0,1.3,1.06,167.0
d1cb703c-f02a-4fed-90e1-f2436c463b08,2026-10-03 16:00:00-10,2026-10-03 15:56:00-10,0.07,0.015,12.0,0.32,2026-10-03 16:26:00-10,9.0,10.0,1.3,1.06,167.0
d1cb703c-f02a-4fed-90e1-f2436c463b08,2026-10-03 16:00:00-10,2026-10-03 15:56:00-10,0.075,0.046,20.0,0.44,2026-10-03 16:26:00-10,9.0,10.0,1.3,1.06,167.0
d1cb703c-f02a-4fed-90e1-f2436c463b08,2026-10-03 16:00:00-10,2026-10-03 15:56:00-10,0.08,0.031,8.0,0.29,2026-10-03 16:26:00-10,9.0,10.0,1.3,1.06,167.0
d1cb703c-f02a-4fed-90e1-f2436c463b08,2026-10-03 16:00:00-10,2026-10-03 15:56:00-10,0.085,0.077,28.0,0.5,2026-10-03 16:26:00-10,9.0,10.0,1.3,1.06,167.0
d1cb703c-f02a-4fed-90e1-f2436c463b08,2026-10-03 16:00:00-10,2026-10-03 15:56:00-10,0.09,0.153,32.0,0.78,2026-10-03 16:26:00-10,9.0,10.0,1.3,1.06,167.0
d1cb703c-f02a-4fed-90e1-f2436c463b08,2026-10-03 16:00:00-10,2026-10-03 15:56:00-10,0.095,0.627,348.0,0.73,2026-10-03 16:26:00-10,9.0,10.0,1.3,1.06,167.0
d1cb703c-f02a-4fed-90e1-f2436c463b08,2026-10-03 16:00:00-10,2026-10-03 15:56:00-10,0.101,1.438,8.0,0.79,2026-10-03 16:26:00-10,9.0,10.0,1.3,1.06,167.0
d1cb703c-f02a-4fed-90e1-f2436c463b08,2026-10-03 16:00:00-10,2026-10-03 15:56:00-10,0.11,1.53,12.0,0.79,2026-10-03 16:26:00-10,9.0,10.0,1.3,1.06,167.0
d1cb703c-f02a-4fed-90e1-f2436c463b08,2026-10-03 16:00:00-10,2026-10-03 15:56:00-10,0.12,1.071,20.0,0.59,2026-10-03 16:26:00-10,9.0,10.0,1.3,1.06,167.0
d1cb703c-f02a-4fed-90e1-f2436c463b08,2026-10-03 16:00:00-10,2026-10-03 15:56:00-10,0.13,0.52,52.0,0.57,2026-10-03 16:26:00-10,9.0,10.0,1.3,1.06,167.0
d1cb703c-f02a-4fed-90e1-f2436c463b08,2026-10-03 16:00:00-10,2026-10-03 15:56:00-10,0.14,0.612,48.0,0.59,2026-10-03 16:26:00-10,9.0,10.0,1.3,1.06,167.0
d1cb703c-f02a-4fed-90e1-f2436c463b08,2026-10-03 16:00:00-10,2026-10-03 15:56:00-10,0.15,0.78,64.0,0.71,2026-10-03 16:26:00-10,9.0,10.0,1.3,1.06,167.0
d1cb703c-f02a-4fed-90e1-f2436c463b08,2026-10-03 16:00:00-10,2026-10-03 15:56:00-10,0.16,0.566,80.0,0.75,2026-10-03 16:26:00-10,9.0,10.0,1.3,1.06,167.0
d1cb703c-f02a-4fed-90e1-f2436c463b08,2026-10-03 16:00:00-10,2026-10-03 15:56:00-10,0.17,0.398,72.0,0.78,2026-10-03 16:26:00-10,9.0,10.0,1.3,1.06,167.0
d1cb703c-f02a-4fed-90e1-f2436c463b08,2026-10-03 16:00:00-10,2026-10-03 15:56:00-10,0.18,0.214,84.0,0.76,2026-10-03 16:26:00-10,9.0,10.0,1.3,1.06,167.0
d1cb703c-f02a-4fed-90e1-f2436c463b08,2026-10-03 16:00:00-10,2026-10-03 15:56:00-10,0.19,0.214,76.0,0.77,2026-10-03 16:26:00-10,9.0,10.0,1.3,1.06,167.0
d1cb703c-f02a-4fed-90e1-f2436c463b08,2026-10-03 16:00:00-10,2026-10-03 15:56:00-10,0.2,0.184,76.0,0.78,2026-10-03 16:26:00-10,9.0,10.0,1.3,1.06,167.0
d1cb703c-f02a-4fed-90e1-f2436c463b08,2026-10-03 16:00:00-10,2026-10-03 15:56:00-10,0.21,0.214,68.0,0.81,2026-10-03 16:26:00-10,9.0,10.0,1.3,1.06,167.0
d1cb703c-f02a-4fed-90e1-f2436c463b08,2026-10-03 16:00:00-10,2026-10-03 15:56:00-10,0.22,0.168,68.0,0.8,2026-10-03 16:26:00-10,9.0,10.0,1.3,1.06,167.0
d1cb703c-f02a-4fed-90e1-f2436c463b08,2026-10-03 16:00:00-10,2026-10-03 15:56:00-10,0.23,0.138,76.0,0.68,2026-10-03 16:26:00-10,9.0,10.0,1.3,1.06,167.0
d1cb703c-f02a-4fed-90e1-f2436c463b08,2026-10-03 16:00:00-10,2026-10-03 15:56:00-10,0.24,0.153,56.0,0.56,2026-10-03 16:26:00-10,9.0,10.0,1.3,1.06,167.0
d1cb703c-f02a-4fed-90e1-f2436c463b08,2026-10-03 16:00:00-10,2026-10-03 15:56:00-10,0.25,0.184,60.0,0.78,2026-10-03 16:26:00-10,9.0,10.0,1.3,1.06,167.0
d1cb703c-f02a-4fed-90e1-f2436c463b08,2026-10-03 16:00:00-10,2026-10-03 15:56:00-10,0.26,0.184,72.0,0.76,2026-10-03 16:26:00-10,9.0,10.0,1.3,1.06,167.0
d1cb703c-f02a-4fed-90e1-f2436c463b08,2026-10-03 16:00:00-10,2026-10-03 15:56:00-10,0.27,0.245,72.0,0.82,2026-10-03 16:26:00-10,9.0,10.0,1.3,1.06,167.0
d1cb703c-f02a-4fed-90e1-f2436c463b08,2026-10-03 16:00:00-10,2026-10-03 15:56:00-10,0.28,0.138,72.0,0.74,2026-10-03 16:26:00-10,9.0,10.0,1.3,1.06,167.0
d1cb703c-f02a-4fed-90e1-f2436c463b08,2026-10-03 16:00:00-10,2026-10-03 15:56:00-10,0.29,0.184,76.0,0.78,2026-10-03 16:26:00-10,9.0,10.0,1.3,1.06,167.0
d1cb703c-f02a-4fed-90e1-f2436c463b08,2026-10-03 16:00:00-10,2026-10-03 15:56:00-10,0.3,0.122,72.0,0.78,2026-10-03 16:26:00-10,9.0,10.0,1.3,1.06,167.0
d1cb703c-f02a-4fed-90e1-f2436c463b08,2026-10-03 16:00:00-10,2026-10-03 15:56:00-10,0.31,0.122,56.0,0.8,2026-10-03 16:26:00-10,9.0,10.0,1.3,1.06,167.0
d1cb703c-f02a-4fed-90e1-f2436c463b08,2026-10-03 16:00:00-10,2026-10-03 15:56:00-10,0.32,0.077,64.0,0.74,2026-10-03 16:26:00-10,9.0,10.0,1.3,1.06,167.0
d1cb703c-f02a-4fed-90e1-f2436c463b08,2026-10-03 16:00:00-10,2026-10-03 15:56:00-10,0.33,0.077,60.0,0.83,2026-10-03 16:26:00-10,9.0,10.0,1.3,1.06,167.0
d1cb703c-f02a-4fed-90e1-f2436c463b08,2026-10-03 16:00:00-10,2026-10-03 15:56:00-10,0.34,0.077,68.0,0.8,2026-10-03 16:26:00-10,9.0,10.0,1.3,1.06,167.0
d1cb703c-f02a-4fed-90e1-f2436c463b08,2026-10-03 16:00:00-10,2026-10-03 15:56:00-10,0.35,0.077,72.0,0.76,2026-10-03 16:26:00-10,9.0,10.0,1.3,1.06,167.0
d1cb703c-f02a-4fed-90e1-f2436c463b08,2026-10-03 16:00:00-10,2026-10-03 15:56:00-10,0.36,0.061,76.0,0.77,2026-10-03 16:26:00-10,9.0,10.0,1.3,1.06,167.0
d1cb703c-f02a-4fed-90e1-f2436c463b08,2026-10-03 16:00:00-10,2026-10-03 15:56:00-10,0.37,0.077,68.0,0.77,2026-10-03 16:26:00-10,9.0,10.0,1.3,1.06,167.0
d1cb703c-f02a-4fed-90e1-f2436c463b08,2026-10-03 16:00:00-10,2026-10-03 15:56:00-10,0.38,0.061,64.0,0.81,2026-10-03 16:26:00-10,9.0,10.0,1.3,1.06,167.0
d1cb703c-f02a-4fed-90e1-f2436c463b08,2026-10-03 16:00:00-10,2026-10-03 15:56:00-10,0.39,0.077,64.0,0.86,2026-10-03 16:26:00-10,9.0,10.0,1.3,1.06,167.0
d1cb703c-f02a-4fed-90e1-f2436c463b08,2026-10-03 16:00:00-10,2026-10-03 15:56:00-10,0.4,0.031,72.0,0.79,2026-10-03 16:26:00-10,9.0,10.0,1.3,1.06,167.0
d1cb703c-f02a-4fed-90e1-f2436c463b08,2026-10-03 16:00:00-10,2026-10-03 15:56:00-10,0.41,0.031,68.0,0.72,2026-10-03 16:26:00-10,9.0,10.0,1.3,1.06,167.0
d1cb703c-f02a-4fed-90e1-f2436c463b08,2026-10-03 16:00:00-10,2026-10-03 15:56:00-10,0.42,0.031,76.0,0.72,2026-10-03 16:26:00-10,9.0,10.0,1.3,1.06,167.0
d1cb703c-f02a-4fed-90e1-f2436c463b08,2026-10-03 16:00:00-10,2026-10-03 15:56:00-10,0.43,0.046,80.0,0.8,2026-10-03 16:26:00-10,9.0,10.0,1.3,1.06,167.0
d1cb703c-f02a-4fed-90e1-f2436c463b08,2026-10-03 16:00:00-10,2026-10-03 15:56:00-10,0.44,0.015,76.0,0.7,2026-10-03 16:26:00-10,9.0,10.0,1.3,1.06,167.0
d1cb703c-f02a-4fed-90e1-f2436c463b08,2026-10-03 16:00:00-10,2026-10-03 15:56:00-10,0.45,0.015,64.0,0.69,2026-10-03 16:26:00-10,9.0,10.0,1.3,1.06,167.0
d1cb703c-f02a-4fed-90e1-f2436c463b08,2026-10-03 16:00:00-10,2026-10-03 15:56:00-10,0.46,0.015,76.0,0.75,2026-10-03 16:26:00-10,9.0,10.0,1.3,1.06,167.0
d1cb703c-f02a-4fed-90e1-f2436c463b08,2026-10-03 16:00:00-10,2026-10-03 15:56:00-10,0.47,0.015,68.0,0.74,2026-10-03 16:26:00-10,9.0,10.0,1.3,1.06,167.0
d1cb703c-f02a-4fed-90e1-f2436c463b08,2026-10-03 16:00:00-10,2026-10-03 15:56:00-10,0.48,0.015,76.0,0.72,2026-10-03 16:26:00-10,9.0,10.0,1.3,1.06,167.0
d1cb703c-f02a-4fed-90e1-f2436c463b08,2026-10-03 16:00:00-10,2026-10-03 15:56:00-10,0.49,0.031,64.0,0.74,2026-10-03 16:26:00-10,9.0,10.0,1.3,1.06,167.0
d1cb703c-f02a-4fed-90e1-f2436c463b08,2026-10-03 16:00:00-10,2026-10-03 15:56:00-10,0.5,0.015,68.0,0.77,2026-10-03 16:26:00-10,9.0,10.0,1.3,1.06,167.0
d1cb703c-f02a-4fed-90e1-f2436c463b08,2026-10-03 16:00:00-10,2026-10-03 15:56:00-10,0.51,0.015,48.0,0.71,2026-10-03 16:26:00-10,9.0,10.0,1.3,1.06,167.0
d1cb703c-f02a-4fed-90e1-f2436c463b08,2026-10-03 16:00:00-10,2026-10-03 15:56:00-10,0.52,0.015,60.0,0.66,2026-10-03 16:26:00-10,9.0,10.0,1.3,1.06,167.0
d1cb703c-f02a-4fed-90e1-f2436c463b08,2026-10-03 16:00:00-10,2026-10-03 15:56:00-10,0.53,0.015,76.0,0.7,2026-10-03 16:26:00-10,9.0,10.0,1.3,1.06,167.0
d1cb703c-f02a-4fed-90e1-f2436c463b08,2026-10-03 16:00:00-10,2026-10-03 15:56:00-10,0.54,0.015,64.0,0.75,2026-10-03 16:26:00-10,9.0,10.0,1.3,1.06,167.0
d1cb703c-f02a-4fed-90e1-f2436c463b08,2026-10-03 16:00:00-10,2026-10-03 15:56:00-10,0.55,0.015,68.0,0.71,2026-10-03 16:26:00-10,9.0,10.0,1.3,1.06,167.0
d1cb703c-f02a-4fed-90e1-f2436c463b08,2026-10-03 16:00:00-10,2026-10-03 15:56:00-10,0.56,0.0,76.0,0.66,2026-10-03 16:26:00-10,9.0,10.0,1.3,1.06,167.0
d1cb703c-f02a-4fed-90e1-f2436c463b08,2026-10-03 16:00:00-10,2026-10-03 15:56:00-10,0.57,0.015,68.0,0.67,2026-10-03 16:26:00-10,9.0,10.0,1.3,1.06,167.0
d1cb703c-f02a-4fed-90e1-f2436c463b08,2026-10-03 16:00:00-10,2026-10-03 15:56:00-10,0.58,0.015,72.0,0.6,2026-10-03 16:26:00-10,9.0,10.0,1.3,1.06,167.0
dcaba1e1-bbe3-4354-858c-dd00bf513fb2,2026-10-02 14:00:00-10,2026-10-02 13:56:00-10,0.025,0.0,92.0,0.26,2026-10-02 14:26:00-10,11.0,352.0,1.4,1.23,286.0
dcaba1e1-bbe3-4354-858c-dd00bf513fb2,2026-10-02 14:00:00-10,2026-10-02 13:56:00-10,0.03,0.0,96.0,0.28,2026-10-02 14:26:00-10,11.0,352.0,1.4,1.23,286.0
dcaba1e1-bbe3-4354-858c-dd00bf513fb2,2026-10-02 14:00:00-10,2026-10-02 13:56:00-10,0.035,0.0,60.0,0.3,2026-10-02 14:26:00-10,11.0,352.0,1.4,1.23,286.0
dcaba1e1-bbe3-4354-858c-dd00bf513fb2,2026-10-02 14:00:00-10,2026-10-02 13:56:00-10,0.04,0.0,124.0,0.28,2026-10-02 14:26:00-10,11.0,352.0,1.4,1.23,286.0
dcaba1e1-bbe3-4354-858c-dd00bf513fb2,2026-10-02 14:00:00-10,2026-10-02 13:56:00-10,0.045,0.0,120.0,0.1,2026-10-02 14:26:00-10,11.0,352.0,1.4,1.23,286.0
dcaba1e1-bbe3-4354-858c-dd00bf513fb2,2026-10-02 14:00:00-10,2026-10-02 13:56:00-10,0.05,0.0,56.0,0.22,2026-10-02 14:26:00-10,11.0,352.0,1.4,1.23,286.0
dcaba1e1-bbe3-4354-858c-dd00bf513fb2,2026-10-02 14:00:00-10,2026-10-02 13:56:00-10,0.055,0.0,36.0,0.7,2026-10-02 14:26:00-10,11.0,352.0,1.4,1.23,286.0
dcaba1e1-bbe3-4354-858c-dd00bf513fb2,2026-10-02 14:00:00-10,2026-10-02 13:56:00-10,0.06,0.0,80.0,0.22,2026-10-02 14:26:00-10,11.0,352.0,1.4,1.23,286.0
dcaba1e1-bbe3-4354-858c-dd00bf513fb2,2026-10-02 14:00:00-10,2026-10-02 13:56:00-10,0.065,0.0,16.0,0.18,2026-10-02 14:26:00-10,11.0,352.0,1.4,1.23,286.0
dcaba1e1-bbe3-4354-858c-dd00bf513fb2,2026-10-02 14:00:00-10,2026-10-02 13:56:00-10,0.07,0.106,40.0,0.66,2026-10-02 14:26:00-10,11.0,352.0,1.4,1.23,286.0
dcaba1e1-bbe3-4354-858c-dd00bf513fb2,2026-10-02 14:00:00-10,2026-10-02 13:56:00-10,0.075,0.106,28.0,0.61,2026-10-02 14:26:00-10,11.0,352.0,1.4,1.23,286.0
dcaba1e1-bbe3-4354-858c-dd00bf513fb2,2026-10-02 14:00:00-10,2026-10-02 13:56:00-10,0.08,0.505,348.0,0.71,2026-10-02 14:26:00-10,11.0,352.0,1.4,1.23,286.0
dcaba1e1-bbe3-4354-858c-dd00bf513fb2,2026-10-02 14:00:00-10,2026-10-02 13:56:00-10,0.085,0.745,348.0,0.79,2026-10-02 14:26:00-10,11.0,352.0,1.4,1.23,286.0
dcaba1e1-bbe3-4354-858c-dd00bf513fb2,2026-10-02 14:00:00-10,2026-10-02 13:56:00-10,0.09,2.66,352.0,0.88,2026-10-02 14:26:00-10,11.0,352.0,1.4,1.23,286.0
dcaba1e1-bbe3-4354-858c-dd00bf513fb2,2026-10-02 14:00:00-10,2026-10-02 13:56:00-10,0.095,2.527,344.0,0.88,2026-10-02 14:26:00-10,11.0,352.0,1.4,1.23,286.0
dcaba1e1-bbe3-4354-858c-dd00bf513fb2,2026-10-02 14:00:00-10,2026-10-02 13:56:00-10,0.101,1.41,340.0,0.83,2026-10-02 14:26:00-10,11.0,352.0,1.4,1.23,286.0
dcaba1e1-bbe3-4354-858c-dd00bf513fb2,2026-10-02 14:00:00-10,2026-10-02 13:56:00-10,0.11,0.692,0.0,0.61,2026-10-02 14:26:00-10,11.0,352.0,1.4,1.23,286.0
dcaba1e1-bbe3-4354-858c-dd00bf513fb2,2026-10-02 14:00:00-10,2026-10-02 13:56:00-10,0.12,0.532,28.0,0.52,2026-10-02 14:26:00-10,11.0,352.0,1.4,1.23,286.0
dcaba1e1-bbe3-4354-858c-dd00bf513fb2,2026-10-02 14:00:00-10,2026-10-02 13:56:00-10,0.13,0.479,56.0,0.65,2026-10-02 14:26:00-10,11.0,352.0,1.4,1.23,286.0
dcaba1e1-bbe3-4354-858c-dd00bf513fb2,2026-10-02 14:00:00-10,2026-10-02 13:56:00-10,0.14,0.452,68.0,0.78,2026-10-02 14:26:00-10,11.0,352.0,1.4,1.23,286.0
dcaba1e1-bbe3-4354-858c-dd00bf513fb2,2026-10-02 14:00:00-10,2026-10-02 13:56:00-10,0.15,0.239,76.0,0.77,2026-10-02 14:26:00-10,11.0,352.0,1.4,1.23,286.0
dcaba1e1-bbe3-4354-858c-dd00bf513fb2,2026-10-02 14:00:00-10,2026-10-02 13:56:00-10,0.16,0.239,80.0,0.79,2026-10-02 14:26:00-10,11.0,352.0,1.4,1.23,286.0
dcaba1e1-bbe3-4354-858c-dd00bf513fb2,2026-10-02 14:00:00-10,2026-10-02 13:56:00-10,0.17,0.213,76.0,0.76,2026-10-02 14:26:00-10,11.0,352.0,1.4,1.23,286.0
dcaba1e1-bbe3-4354-858c-dd00bf513fb2,2026-10-02 14:00:00-10,2026-10-02 13:56:00-10,0.18,0.319,76.0,0.77,2026-10-02 14:26:00-10,11.0,352.0,1.4,1.23,286.0
dcaba1e1-bbe3-4354-858c-dd00bf513fb2,2026-10-02 14:00:00-10,2026-10-02 13:56:00-10,0.19,0.293,84.0,0.74,2026-10-02 14:26:00-10,11.0,352.0,1.4,1.23,286.0
dcaba1e1-bbe3-4354-858c-dd00bf513fb2,2026-10-02 14:00:00-10,2026-10-02 13:56:00-10,0.2,0.266,80.0,0.81,2026-10-02 14:26:00-10,11.0,352.0,1.4,1.23,286.0
dcaba1e1-bbe3-4354-858c-dd00bf513fb2,2026-10-02 14:00:00-10,2026-10-02 13:56:00-10,0.21,0.16,68.0,0.71,2026-10-02 14:26:00-10,11.0,352.0,1.4,1.23,286.0
dcaba1e1-bbe3-4354-858c-dd00bf513fb2,2026-10-02 14:00:00-10,2026-10-02 13:56:00-10,0.22,0.213,72.0,0.76,2026-10-02 14:26:00-10,11.0,352.0,1.4,1.23,286.0
dcaba1e1-bbe3-4354-858c-dd00bf513fb2,2026-10-02 14:00:00-10,2026-10-02 13:56:00-10,0.23,0.186,80.0,0.79,2026-10-02 14:26:00-10,11.0,352.0,1.4,1.23,286.0
dcaba1e1-bbe3-4354-858c-dd00bf513fb2,2026-10-02 14:00:00-10,2026-10-02 13:56:00-10,0.24,0.319,80.0,0.85,2026-10-02 14:26:00-10,11.0,352.0,1.4,1.23,286.0
dcaba1e1-bbe3-4354-858c-dd00bf513fb2,2026-10-02 14:00:00-10,2026-10-02 13:56:00-10,0.25,0.213,88.0,0.78,2026-10-02 14:26:00-10,11.0,352.0,1.4,1.23,286.0
dcaba1e1-bbe3-4354-858c-dd00bf513fb2,2026-10-02 14:00:00-10,2026-10-02 13:56:00-10,0.26,0.266,84.0,0.82,2026-10-02 14:26:00-10,11.0,352.0,1.4,1.23,286.0
dcaba1e1-bbe3-4354-858c-dd00bf513fb2,2026-10-02 14:00:00-10,2026-10-02 13:56:00-10,0.27,0.239,88.0,0.82,2026-10-02 14:26:00-10,11.0,352.0,1.4,1.23,286.0
dcaba1e1-bbe3-4354-858c-dd00bf513fb2,2026-10-02 14:00:00-10,2026-10-02 13:56:00-10,0.28,0.186,88.0,0.8,2026-10-02 14:26:00-10,11.0,352.0,1.4,1.23,286.0
dcaba1e1-bbe3-4354-858c-dd00bf513fb2,2026-10-02 14:00:00-10,2026-10-02 13:56:00-10,0.29,0.239,88.0,0.86,2026-10-02 14:26:00-10,11.0,352.0,1.4,1.23,286.0
dcaba1e1-bbe3-4354-858c-dd00bf513fb2,2026-10-02 14:00:00-10,2026-10-02 13:56:00-10,0.3,0.16,80.0,0.82,2026-10-02 14:26:00-10,11.0,352.0,1.4,1.23,286.0
dcaba1e1-bbe3-4354-858c-dd00bf513fb2,2026-10-02 14:00:00-10,2026-10-02 13:56:00-10,0.31,0.106,80.0,0.82,2026-10-02 14:26:00-10,11.0,352.0,1.4,1.23,286.0
dcaba1e1-bbe3-4354-858c-dd00bf513fb2,2026-10-02 14:00:00-10,2026-10-02 13:56:00-10,0.32,0.106,96.0,0.78,2026-10-02 14:26:00-10,11.0,352.0,1.4,1.23,286.0
dcaba1e1-bbe3-4354-858c-dd00bf513fb2,2026-10-02 14:00:00-10,2026-10-02 13:56:00-10,0.33,0.08,80.0,0.8,2026-10-02 14:26:00-10,11.0,352.0,1.4,1.23,286.0
dcaba1e1-bbe3-4354-858c-dd00bf513fb2,2026-10-02 14:00:00-10,2026-10-02 13:56:00-10,0.34,0.106,88.0,0.85,2026-10-02 14:26:00-10,11.0,352.0,1.4,1.23,286.0
dcaba1e1-bbe3-4354-858c-dd00bf513fb2,2026-10-02 14:00:00-10,2026-10-02 13:56:00-10,0.35,0.133,92.0,0.84,2026-10-02 14:26:00-10,11.0,352.0,1.4,1.23,286.0
dcaba1e1-bbe3-4354-858c-dd00bf513fb2,2026-10-02 14:00:00-10,2026-10-02 13:56:00-10,0.36,0.08,96.0,0.8,2026-10-02 14:26:00-10,11.0,352.0,1.4,1.23,286.0
dcaba1e1-bbe3-4354-858c-dd00bf513fb2,2026-10-02 14:00:00-10,2026-10-02 13:56:00-10,0.37,0.08,92.0,0.86,2026-10-02 14:26:00-10,11.0,352.0,1.4,1.23,286.0
dcaba1e1-bbe3-4354-858c-dd00bf513fb2,2026-10-02 14:00:00-10,2026-10-02 13:56:00-10,0.38,0.027,96.0,0.8,2026-10-02 14:26:00-10,11.0,352.0,1.4,1.23,286.0
dcaba1e1-bbe3-4354-858c-dd00bf513fb2,2026-10-02 14:00:00-10,2026-10-02 13:56:00-10,0.39,0.08,96.0,0.85,2026-10-02 14:26:00-10,11.0,352.0,1.4,1.23,286.0
dcaba1e1-bbe3-4354-858c-dd00bf513fb2,2026-10-02 14:00:00-10,2026-10-02 13:56:00-10,0.4,0.027,96.0,0.73,2026-10-02 14:26:00-10,11.0,352.0,1.4,1.23,286.0
dcaba1e1-bbe3-4354-858c-dd00bf513fb2,2026-10-02 14:00:00-10,2026-10-02 13:56:00-10,0.41,0.053,88.0,0.84,2026-10-02 14:26:00-10,11.0,352.0,1.4,1.23,286.0
dcaba1e1-bbe3-4354-858c-dd00bf513fb2,2026-10-02 14:00:00-10,2026-10-02 13:56:00-10,0.42,0.053,84.0,0.84,2026-10-02 14:26:00-10,11.0,352.0,1.4,1.23,286.0
dcaba1e1-bbe3-4354-858c-dd00bf513fb2,2026-10-02 14:00:00-10,2026-10-02 13:56:00-10,0.43,0.053,88.0,0.84,2026-10-02 14:26:00-10,11.0,352.0,1.4,1.23,286.0
dcaba1e1-bbe3-4354-858c-dd00bf513fb2,2026-10-02 14:00:00-10,2026-10-02 13:56:00-10,0.44,0.027,84.0,0.82,2026-10-02 14:26:00-10,11.0,352.0,1.4,1.23,286.0
dcaba1e1-bbe3-4354-858c-dd00bf513fb2,2026-10-02 14:00:00-10,2026-10-02 13:56:00-10,0.45,0.027,96.0,0.76,2026-10-02 14:26:00-10,11.0,352.0,1.4,1.23,286.0
dcaba1e1-bbe3-4354-858c-dd00bf513fb2,2026-10-02 14:00:00-10,2026-10-02 13:56:00-10,0.46,0.027,92.0,0.68,2026-10-02 14:26:00-10,11.0,352.0,1.4,1.23,286.0
dcaba1e1-bbe3-4354-858c-dd00bf513fb2,2026-10-02 14:00:00-10,2026-10-02 13:56:00-10,0.47,0.027,84.0,0.68,2026-10-02 14:26:00-10,11.0,352.0,1.4,1.23,286.0
dcaba1e1-bbe3-4354-858c-dd00bf513fb2,2026-10-02 14:00:00-10,2026-10-02 13:56:00-10,0.48,0.027,84.0,0.75,2026-10-02 14:26:00-10,11.0,352.0,1.4,1.23,286.0
dcaba1e1-bbe3-4354-858c-dd00bf513fb2,2026-10-02 14:00:00-10,2026-10-02 13:56:00-10,0.49,0.027,88.0,0.76,2026-10-02 14:26:00-10,11.0,352.0,1.4,1.23,286.0
dcaba1e1-bbe3-4354-858c-dd00bf513fb2,2026-10-02 14:00:00-10,2026-10-02 13:56:00-10,0.5,0.027,76.0,0.67,2026-10-02 14:26:00-10,11.0,352.0,1.4,1.23,286.0
dcaba1e1-bbe3-4354-858c-dd00bf513fb2,2026-10-02 14:00:00-10,2026-10-02 13:56:00-10,0.51,0.027,84.0,0.78,2026-10-02 14:26:00-10,11.0,352.0,1.4,1.23,286.0
dcaba1e1-bbe3-4354-858c-dd00bf513fb2,2026-10-02 14:00:00-10,2026-10-02 13:56:00-10,0.52,0.0,92.0,0.74,2026-10-02 14:26:00-10,11.0,352.0,1.4,1.23,286.0
dcaba1e1-bbe3-4354-858c-dd00bf513fb2,2026-10-02 14:00:00-10,2026-10-02 13:56:00-10,0.53,0.027,84.0,0.81,2026-10-02 14:26:00-10,11.0,352.0,1.4,1.23,286.0
dcaba1e1-bbe3-4354-858c-dd00bf513fb2,2026-10-02 14:00:00-10,2026-10-02 13:56:00-10,0.54,0.0,84.0,0.67,2026-10-02 14:26:00-10,11.0,352.0,1.4,1.23,286.0
dcaba1e1-bbe3-4354-858c-dd00bf513fb2,2026-10-02 14:00:00-10,2026-10-02 13:56:00-10,0.55,0.027,76.0,0.71,2026-10-02 14:26:00-10,11.0,352.0,1.4,1.23,286.0
dcaba1e1-bbe3-4354-858c-dd00bf513fb2,2026-10-02 14:00:00-10,2026-10-02 13:56:00-10,0.56,0.0,80.0,0.72,2026-10-02 14:26:00-10,11.0,352.0,1.4,1.23,286.0
dcaba1e1-bbe3-4354-858c-dd00bf513fb2,2026-10-02 14:00:00-10,2026-10-02 13:56:00-10,0.57,0.0,92.0,0.67,2026-10-02 14:26:00-10,11.0,352.0,1.4,1.23,286.0
dcaba1e1-bbe3-4354-858c-dd00bf513fb2,2026-10-02 14:00:00-10,2026-10-02 13:56:00-10,0.58,0.0,92.0,0.48,2026-10-02 14:26:00-10,11.0,352.0,1.4,1.23,286.0
de881ec5-f086-44c5-ae59-566bf6b1e8ae,2026-08-27 14:00:00-10,2026-08-27 13:56:00-10,0.025,0.0,60.0,0.48,2026-08-27 13:56:00-10,8.0,75.0,1.5,1.41,170.0
de881ec5-f086-44c5-ae59-566bf6b1e8ae,2026-08-27 14:00:00-10,2026-08-27 13:56:00-10,0.03,0.0,56.0,0.52,2026-08-27 13:56:00-10,8.0,75.0,1.5,1.41,170.0
de881ec5-f086-44c5-ae59-566bf6b1e8ae,2026-08-27 14:00:00-10,2026-08-27 13:56:00-10,0.035,0.0,8.0,0.34,2026-08-27 13:56:00-10,8.0,75.0,1.5,1.41,170.0
de881ec5-f086-44c5-ae59-566bf6b1e8ae,2026-08-27 14:00:00-10,2026-08-27 13:56:00-10,0.04,0.0,68.0,0.36,2026-08-27 13:56:00-10,8.0,75.0,1.5,1.41,170.0
de881ec5-f086-44c5-ae59-566bf6b1e8ae,2026-08-27 14:00:00-10,2026-08-27 13:56:00-10,0.045,0.0,64.0,0.56,2026-08-27 13:56:00-10,8.0,75.0,1.5,1.41,170.0
de881ec5-f086-44c5-ae59-566bf6b1e8ae,2026-08-27 14:00:00-10,2026-08-27 13:56:00-10,0.05,0.0,48.0,0.45,2026-08-27 13:56:00-10,8.0,75.0,1.5,1.41,170.0
de881ec5-f086-44c5-ae59-566bf6b1e8ae,2026-08-27 14:00:00-10,2026-08-27 13:56:00-10,0.055,0.0,56.0,0.06,2026-08-27 13:56:00-10,8.0,75.0,1.5,1.41,170.0
de881ec5-f086-44c5-ae59-566bf6b1e8ae,2026-08-27 14:00:00-10,2026-08-27 13:56:00-10,0.06,0.013,92.0,0.52,2026-08-27 13:56:00-10,8.0,75.0,1.5,1.41,170.0
de881ec5-f086-44c5-ae59-566bf6b1e8ae,2026-08-27 14:00:00-10,2026-08-27 13:56:00-10,0.065,0.026,60.0,0.36,2026-08-27 13:56:00-10,8.0,75.0,1.5,1.41,170.0
de881ec5-f086-44c5-ae59-566bf6b1e8ae,2026-08-27 14:00:00-10,2026-08-27 13:56:00-10,0.07,0.013,76.0,0.19,2026-08-27 13:56:00-10,8.0,75.0,1.5,1.41,170.0
de881ec5-f086-44c5-ae59-566bf6b1e8ae,2026-08-27 14:00:00-10,2026-08-27 13:56:00-10,0.075,0.026,132.0,0.21,2026-08-27 13:56:00-10,8.0,75.0,1.5,1.41,170.0
de881ec5-f086-44c5-ae59-566bf6b1e8ae,2026-08-27 14:00:00-10,2026-08-27 13:56:00-10,0.08,0.026,12.0,0.17,2026-08-27 13:56:00-10,8.0,75.0,1.5,1.41,170.0
de881ec5-f086-44c5-ae59-566bf6b1e8ae,2026-08-27 14:00:00-10,2026-08-27 13:56:00-10,0.085,0.079,116.0,0.51,2026-08-27 13:56:00-10,8.0,75.0,1.5,1.41,170.0
de881ec5-f086-44c5-ae59-566bf6b1e8ae,2026-08-27 14:00:00-10,2026-08-27 13:56:00-10,0.09,0.105,72.0,0.23,2026-08-27 13:56:00-10,8.0,75.0,1.5,1.41,170.0
de881ec5-f086-44c5-ae59-566bf6b1e8ae,2026-08-27 14:00:00-10,2026-08-27 13:56:00-10,0.095,0.275,40.0,0.33,2026-08-27 13:56:00-10,8.0,75.0,1.5,1.41,170.0
de881ec5-f086-44c5-ae59-566bf6b1e8ae,2026-08-27 14:00:00-10,2026-08-27 13:56:00-10,0.101,0.249,56.0,0.26,2026-08-27 13:56:00-10,8.0,75.0,1.5,1.41,170.0
de881ec5-f086-44c5-ae59-566bf6b1e8ae,2026-08-27 14:00:00-10,2026-08-27 13:56:00-10,0.11,0.537,80.0,0.65,2026-08-27 13:56:00-10,8.0,75.0,1.5,1.41,170.0
de881ec5-f086-44c5-ae59-566bf6b1e8ae,2026-08-27 14:00:00-10,2026-08-27 13:56:00-10,0.12,0.799,80.0,0.67,2026-08-27 13:56:00-10,8.0,75.0,1.5,1.41,170.0
de881ec5-f086-44c5-ae59-566bf6b1e8ae,2026-08-27 14:00:00-10,2026-08-27 13:56:00-10,0.13,0.642,76.0,0.65,2026-08-27 13:56:00-10,8.0,75.0,1.5,1.41,170.0
de881ec5-f086-44c5-ae59-566bf6b1e8ae,2026-08-27 14:00:00-10,2026-08-27 13:56:00-10,0.14,0.917,64.0,0.77,2026-08-27 13:56:00-10,8.0,75.0,1.5,1.41,170.0
de881ec5-f086-44c5-ae59-566bf6b1e8ae,2026-08-27 14:00:00-10,2026-08-27 13:56:00-10,0.15,1.31,60.0,0.84,2026-08-27 13:56:00-10,8.0,75.0,1.5,1.41,170.0
de881ec5-f086-44c5-ae59-566bf6b1e8ae,2026-08-27 14:00:00-10,2026-08-27 13:56:00-10,0.16,0.825,72.0,0.83,2026-08-27 13:56:00-10,8.0,75.0,1.5,1.41,170.0
de881ec5-f086-44c5-ae59-566bf6b1e8ae,2026-08-27 14:00:00-10,2026-08-27 13:56:00-10,0.17,1.009,72.0,0.85,2026-08-27 13:56:00-10,8.0,75.0,1.5,1.41,170.0
de881ec5-f086-44c5-ae59-566bf6b1e8ae,2026-08-27 14:00:00-10,2026-08-27 13:56:00-10,0.18,0.917,52.0,0.78,2026-08-27 13:56:00-10,8.0,75.0,1.5,1.41,170.0
de881ec5-f086-44c5-ae59-566bf6b1e8ae,2026-08-27 14:00:00-10,2026-08-27 13:56:00-10,0.19,0.734,56.0,0.84,2026-08-27 13:56:00-10,8.0,75.0,1.5,1.41,170.0
de881ec5-f086-44c5-ae59-566bf6b1e8ae,2026-08-27 14:00:00-10,2026-08-27 13:56:00-10,0.2,0.576,60.0,0.75,2026-08-27 13:56:00-10,8.0,75.0,1.5,1.41,170.0
de881ec5-f086-44c5-ae59-566bf6b1e8ae,2026-08-27 14:00:00-10,2026-08-27 13:56:00-10,0.21,0.419,64.0,0.82,2026-08-27 13:56:00-10,8.0,75.0,1.5,1.41,170.0
de881ec5-f086-44c5-ae59-566bf6b1e8ae,2026-08-27 14:00:00-10,2026-08-27 13:56:00-10,0.22,0.511,56.0,0.85,2026-08-27 13:56:00-10,8.0,75.0,1.5,1.41,170.0
de881ec5-f086-44c5-ae59-566bf6b1e8ae,2026-08-27 14:00:00-10,2026-08-27 13:56:00-10,0.23,0.524,60.0,0.81,2026-08-27 13:56:00-10,8.0,75.0,1.5,1.41,170.0
de881ec5-f086-44c5-ae59-566bf6b1e8ae,2026-08-27 14:00:00-10,2026-08-27 13:56:00-10,0.24,0.393,64.0,0.88,2026-08-27 13:56:00-10,8.0,75.0,1.5,1.41,170.0
de881ec5-f086-44c5-ae59-566bf6b1e8ae,2026-08-27 14:00:00-10,2026-08-27 13:56:00-10,0.25,0.275,60.0,0.81,2026-08-27 13:56:00-10,8.0,75.0,1.5,1.41,170.0
de881ec5-f086-44c5-ae59-566bf6b1e8ae,2026-08-27 14:00:00-10,2026-08-27 13:56:00-10,0.26,0.249,64.0,0.76,2026-08-27 13:56:00-10,8.0,75.0,1.5,1.41,170.0
de881ec5-f086-44c5-ae59-566bf6b1e8ae,2026-08-27 14:00:00-10,2026-08-27 13:56:00-10,0.27,0.17,76.0,0.84,2026-08-27 13:56:00-10,8.0,75.0,1.5,1.41,170.0
de881ec5-f086-44c5-ae59-566bf6b1e8ae,2026-08-27 14:00:00-10,2026-08-27 13:56:00-10,0.28,0.183,76.0,0.85,2026-08-27 13:56:00-10,8.0,75.0,1.5,1.41,170.0
de881ec5-f086-44c5-ae59-566bf6b1e8ae,2026-08-27 14:00:00-10,2026-08-27 13:56:00-10,0.29,0.197,68.0,0.8,2026-08-27 13:56:00-10,8.0,75.0,1.5,1.41,170.0
de881ec5-f086-44c5-ae59-566bf6b1e8ae,2026-08-27 14:00:00-10,2026-08-27 13:56:00-10,0.3,0.249,68.0,0.85,2026-08-27 13:56:00-10,8.0,75.0,1.5,1.41,170.0
de881ec5-f086-44c5-ae59-566bf6b1e8ae,2026-08-27 14:00:00-10,2026-08-27 13:56:00-10,0.31,0.144,60.0,0.81,2026-08-27 13:56:00-10,8.0,75.0,1.5,1.41,170.0
de881ec5-f086-44c5-ae59-566bf6b1e8ae,2026-08-27 14:00:00-10,2026-08-27 13:56:00-10,0.32,0.105,68.0,0.8,2026-08-27 13:56:00-10,8.0,75.0,1.5,1.41,170.0
de881ec5-f086-44c5-ae59-566bf6b1e8ae,2026-08-27 14:00:00-10,2026-08-27 13:56:00-10,0.33,0.105,64.0,0.73,2026-08-27 13:56:00-10,8.0,75.0,1.5,1.41,170.0
de881ec5-f086-44c5-ae59-566bf6b1e8ae,2026-08-27 14:00:00-10,2026-08-27 13:56:00-10,0.34,0.079,68.0,0.74,2026-08-27 13:56:00-10,8.0,75.0,1.5,1.41,170.0
de881ec5-f086-44c5-ae59-566bf6b1e8ae,2026-08-27 14:00:00-10,2026-08-27 13:56:00-10,0.35,0.079,68.0,0.76,2026-08-27 13:56:00-10,8.0,75.0,1.5,1.41,170.0
de881ec5-f086-44c5-ae59-566bf6b1e8ae,2026-08-27 14:00:00-10,2026-08-27 13:56:00-10,0.36,0.066,68.0,0.79,2026-08-27 13:56:00-10,8.0,75.0,1.5,1.41,170.0
de881ec5-f086-44c5-ae59-566bf6b1e8ae,2026-08-27 14:00:00-10,2026-08-27 13:56:00-10,0.37,0.105,72.0,0.84,2026-08-27 13:56:00-10,8.0,75.0,1.5,1.41,170.0
de881ec5-f086-44c5-ae59-566bf6b1e8ae,2026-08-27 14:00:00-10,2026-08-27 13:56:00-10,0.38,0.066,64.0,0.78,2026-08-27 13:56:00-10,8.0,75.0,1.5,1.41,170.0
de881ec5-f086-44c5-ae59-566bf6b1e8ae,2026-08-27 14:00:00-10,2026-08-27 13:56:00-10,0.39,0.052,72.0,0.76,2026-08-27 13:56:00-10,8.0,75.0,1.5,1.41,170.0
de881ec5-f086-44c5-ae59-566bf6b1e8ae,2026-08-27 14:00:00-10,2026-08-27 13:56:00-10,0.4,0.039,64.0,0.72,2026-08-27 13:56:00-10,8.0,75.0,1.5,1.41,170.0
de881ec5-f086-44c5-ae59-566bf6b1e8ae,2026-08-27 14:00:00-10,2026-08-27 13:56:00-10,0.41,0.039,56.0,0.78,2026-08-27 13:56:00-10,8.0,75.0,1.5,1.41,170.0
de881ec5-f086-44c5-ae59-566bf6b1e8ae,2026-08-27 14:00:00-10,2026-08-27 13:56:00-10,0.42,0.026,68.0,0.68,2026-08-27 13:56:00-10,8.0,75.0,1.5,1.41,170.0
de881ec5-f086-44c5-ae59-566bf6b1e8ae,2026-08-27 14:00:00-10,2026-08-27 13:56:00-10,0.43,0.026,64.0,0.53,2026-08-27 13:56:00-10,8.0,75.0,1.5,1.41,170.0
de881ec5-f086-44c5-ae59-566bf6b1e8ae,2026-08-27 14:00:00-10,2026-08-27 13:56:00-10,0.44,0.026,68.0,0.62,2026-08-27 13:56:00-10,8.0,75.0,1.5,1.41,170.0
de881ec5-f086-44c5-ae59-566bf6b1e8ae,2026-08-27 14:00:00-10,2026-08-27 13:56:00-10,0.45,0.026,60.0,0.73,2026-08-27 13:56:00-10,8.0,75.0,1.5,1.41,170.0
de881ec5-f086-44c5-ae59-566bf6b1e8ae,2026-08-27 14:00:00-10,2026-08-27 13:56:00-10,0.46,0.026,76.0,0.7,2026-08-27 13:56:00-10,8.0,75.0,1.5,1.41,170.0
de881ec5-f086-44c5-ae59-566bf6b1e8ae,2026-08-27 14:00:00-10,2026-08-27 13:56:00-10,0.47,0.026,80.0,0.75,2026-08-27 13:56:00-10,8.0,75.0,1.5,1.41,170.0
de881ec5-f086-44c5-ae59-566bf6b1e8ae,2026-08-27 14:00:00-10,2026-08-27 13:56:00-10,0.48,0.039,76.0,0.78,2026-08-27 13:56:00-10,8.0,75.0,1.5,1.41,170.0
de881ec5-f086-44c5-ae59-566bf6b1e8ae,2026-08-27 14:00:00-10,2026-08-27 13:56:00-10,0.49,0.026,76.0,0.77,2026-08-27 13:56:00-10,8.0,75.0,1.5,1.41,170.0
de881ec5-f086-44c5-ae59-566bf6b1e8ae,2026-08-27 14:00:00-10,2026-08-27 13:56:00-10,0.5,0.013,80.0,0.67,2026-08-27 13:56:00-10,8.0,75.0,1.5,1.41,170.0
de881ec5-f086-44c5-ae59-566bf6b1e8ae,2026-08-27 14:00:00-10,2026-08-27 13:56:00-10,0.51,0.026,72.0,0.64,2026-08-27 13:56:00-10,8.0,75.0,1.5,1.41,170.0
de881ec5-f086-44c5-ae59-566bf6b1e8ae,2026-08-27 14:00:00-10,2026-08-27 13:56:00-10,0.52,0.026,72.0,0.71,2026-08-27 13:56:00-10,8.0,75.0,1.5,1.41,170.0
de881ec5-f086-44c5-ae59-566bf6b1e8ae,2026-08-27 14:00:00-10,2026-08-27 13:56:00-10,0.53,0.026,64.0,0.68,2026-08-27 13:56:00-10,8.0,75.0,1.5,1.41,170.0
de881ec5-f086-44c5-ae59-566bf6b1e8ae,2026-08-27 14:00:00-10,2026-08-27 13:56:00-10,0.54,0.026,80.0,0.66,2026-08-27 13:56:00-10,8.0,75.0,1.5,1.41,170.0
de881ec5-f086-44c5-ae59-566bf6b1e8ae,2026-08-27 14:00:00-10,2026-08-27 13:56:00-10,0.55,0.013,76.0,0.59,2026-08-27 13:56:00-10,8.0,75.0,1.5,1.41,170.0
de881ec5-f086-44c5-ae59-566bf6b1e8ae,2026-08-27 14:00:00-10,2026-08-27 13:56:00-10,0.56,0.013,80.0,0.63,2026-08-27 13:56:00-10,8.0,75.0,1.5,1.41,170.0
de881ec5-f086-44c5-ae59-566bf6b1e8ae,2026-08-27 14:00:00-10,2026-08-27 13:56:00-10,0.57,0.013,60.0,0.67,2026-08-27 13:56:00-10,8.0,75.0,1.5,1.41,170.0
de881ec5-f086-44c5-ae59-566bf6b1e8ae,2026-08-27 14:00:00-10,2026-08-27 13:56:00-10,0.58,0.0,76.0,0.54,2026-08-27 13:56:00-10,8.0,75.0,1.5,1.41,170.0
e39cac88-2ab1-4b3a-8b9a-41de29d7e843,,,,,,,2026-09-18 13:56:00-10,9.0,84.0,1.9,2.27,391.0
f157bd8b-106f-438a-b76a-97b6eba1a624,2026-08-02 14:00:00-10,2026-08-02 13:56:00-10,0.025,0.0,52.0,0.47,2026-08-02 13:56:00-10,9.0,67.0,2.3,3.32,713.0
f157bd8b-106f-438a-b76a-97b6eba1a624,2026-08-02 14:00:00-10,2026-08-02 13:56:00-10,0.03,0.0,20.0,0.49,2026-08-02 13:56:00-10,9.0,67.0,2.3,3.32,713.0
f157bd8b-106f-438a-b76a-97b6eba1a624,2026-08-02 14:00:00-10,2026-08-02 13:56:00-10,0.035,0.0,56.0,0.35,2026-08-02 13:56:00-10,9.0,67.0,2.3,3.32,713.0
f157bd8b-106f-438a-b76a-97b6eba1a624,2026-08-02 14:00:00-10,2026-08-02 13:56:00-10,0.04,0.0,60.0,0.35,2026-08-02 13:56:00-10,9.0,67.0,2.3,3.32,713.0
f157bd8b-106f-438a-b76a-97b6eba1a624,2026-08-02 14:00:00-10,2026-08-02 13:56:00-10,0.045,0.0,48.0,0.37,2026-08-02 13:56:00-10,9.0,67.0,2.3,3.32,713.0
f157bd8b-106f-438a-b76a-97b6eba1a624,2026-08-02 14:00:00-10,2026-08-02 13:56:00-10,0.05,0.0,60.0,0.52,2026-08-02 13:56:00-10,9.0,67.0,2.3,3.32,713.0
f157bd8b-106f-438a-b76a-97b6eba1a624,2026-08-02 14:00:00-10,2026-08-02 13:56:00-10,0.055,0.0,64.0,0.55,2026-08-02 13:56:00-10,9.0,67.0,2.3,3.32,713.0
f157bd8b-106f-438a-b76a-97b6eba1a624,2026-08-02 14:00:00-10,2026-08-02 13:56:00-10,0.06,0.064,20.0,0.52,2026-08-02 13:56:00-10,9.0,67.0,2.3,3.32,713.0
f157bd8b-106f-438a-b76a-97b6eba1a624,2026-08-02 14:00:00-10,2026-08-02 13:56:00-10,0.065,0.255,64.0,0.56,2026-08-02 13:56:00-10,9.0,67.0,2.3,3.32,713.0
f157bd8b-106f-438a-b76a-97b6eba1a624,2026-08-02 14:00:00-10,2026-08-02 13:56:00-10,0.07,0.637,84.0,0.5,2026-08-02 13:56:00-10,9.0,67.0,2.3,3.32,713.0
f157bd8b-106f-438a-b76a-97b6eba1a624,2026-08-02 14:00:00-10,2026-08-02 13:56:00-10,0.075,1.147,68.0,0.88,2026-08-02 13:56:00-10,9.0,67.0,2.3,3.32,713.0
f157bd8b-106f-438a-b76a-97b6eba1a624,2026-08-02 14:00:00-10,2026-08-02 13:56:00-10,0.08,1.401,80.0,0.8,2026-08-02 13:56:00-10,9.0,67.0,2.3,3.32,713.0
f157bd8b-106f-438a-b76a-97b6eba1a624,2026-08-02 14:00:00-10,2026-08-02 13:56:00-10,0.085,1.911,92.0,0.79,2026-08-02 13:56:00-10,9.0,67.0,2.3,3.32,713.0
f157bd8b-106f-438a-b76a-97b6eba1a624,2026-08-02 14:00:00-10,2026-08-02 13:56:00-10,0.09,1.019,88.0,0.73,2026-08-02 13:56:00-10,9.0,67.0,2.3,3.32,713.0
f157bd8b-106f-438a-b76a-97b6eba1a624,2026-08-02 14:00:00-10,2026-08-02 13:56:00-10,0.095,2.612,68.0,0.79,2026-08-02 13:56:00-10,9.0,67.0,2.3,3.32,713.0
f157bd8b-106f-438a-b76a-97b6eba1a624,2026-08-02 14:00:00-10,2026-08-02 13:56:00-10,0.101,6.37,68.0,0.82,2026-08-02 13:56:00-10,9.0,67.0,2.3,3.32,713.0
f157bd8b-106f-438a-b76a-97b6eba1a624,2026-08-02 14:00:00-10,2026-08-02 13:56:00-10,0.11,3.695,76.0,0.8,2026-08-02 13:56:00-10,9.0,67.0,2.3,3.32,713.0
f157bd8b-106f-438a-b76a-97b6eba1a624,2026-08-02 14:00:00-10,2026-08-02 13:56:00-10,0.12,2.675,72.0,0.72,2026-08-02 13:56:00-10,9.0,67.0,2.3,3.32,713.0
f157bd8b-106f-438a-b76a-97b6eba1a624,2026-08-02 14:00:00-10,2026-08-02 13:56:00-10,0.13,2.484,60.0,0.79,2026-08-02 13:56:00-10,9.0,67.0,2.3,3.32,713.0
f157bd8b-106f-438a-b76a-97b6eba1a624,2026-08-02 14:00:00-10,2026-08-02 13:56:00-10,0.14,1.656,56.0,0.82,2026-08-02 13:56:00-10,9.0,67.0,2.3,3.32,713.0
f157bd8b-106f-438a-b76a-97b6eba1a624,2026-08-02 14:00:00-10,2026-08-02 13:56:00-10,0.15,1.338,68.0,0.77,2026-08-02 13:56:00-10,9.0,67.0,2.3,3.32,713.0
f157bd8b-106f-438a-b76a-97b6eba1a624,2026-08-02 14:00:00-10,2026-08-02 13:56:00-10,0.16,1.529,68.0,0.74,2026-08-02 13:56:00-10,9.0,67.0,2.3,3.32,713.0
f157bd8b-106f-438a-b76a-97b6eba1a624,2026-08-02 14:00:00-10,2026-08-02 13:56:00-10,0.17,0.892,64.0,0.72,2026-08-02 13:56:00-10,9.0,67.0,2.3,3.32,713.0
f157bd8b-106f-438a-b76a-97b6eba1a624,2026-08-02 14:00:00-10,2026-08-02 13:56:00-10,0.18,0.764,72.0,0.75,2026-08-02 13:56:00-10,9.0,67.0,2.3,3.32,713.0
f157bd8b-106f-438a-b76a-97b6eba1a624,2026-08-02 14:00:00-10,2026-08-02 13:56:00-10,0.19,0.446,76.0,0.67,2026-08-02 13:56:00-10,9.0,67.0,2.3,3.32,713.0
f157bd8b-106f-438a-b76a-97b6eba1a624,2026-08-02 14:00:00-10,2026-08-02 13:56:00-10,0.2,0.319,68.0,0.65,2026-08-02 13:56:00-10,9.0,67.0,2.3,3.32,713.0
f157bd8b-106f-438a-b76a-97b6eba1a624,2026-08-02 14:00:00-10,2026-08-02 13:56:00-10,0.21,0.51,64.0,0.71,2026-08-02 13:56:00-10,9.0,67.0,2.3,3.32,713.0
f157bd8b-106f-438a-b76a-97b6eba1a624,2026-08-02 14:00:00-10,2026-08-02 13:56:00-10,0.22,0.51,72.0,0.79,2026-08-02 13:56:00-10,9.0,67.0,2.3,3.32,713.0
f157bd8b-106f-438a-b76a-97b6eba1a624,2026-08-02 14:00:00-10,2026-08-02 13:56:00-10,0.23,0.51,68.0,0.75,2026-08-02 13:56:00-10,9.0,67.0,2.3,3.32,713.0
f157bd8b-106f-438a-b76a-97b6eba1a624,2026-08-02 14:00:00-10,2026-08-02 13:56:00-10,0.24,0.446,68.0,0.75,2026-08-02 13:56:00-10,9.0,67.0,2.3,3.32,713.0
f157bd8b-106f-438a-b76a-97b6eba1a624,2026-08-02 14:00:00-10,2026-08-02 13:56:00-10,0.25,0.319,72.0,0.71,2026-08-02 13:56:00-10,9.0,67.0,2.3,3.32,713.0
f157bd8b-106f-438a-b76a-97b6eba1a624,2026-08-02 14:00:00-10,2026-08-02 13:56:00-10,0.26,0.127,72.0,0.64,2026-08-02 13:56:00-10,9.0,67.0,2.3,3.32,713.0
f157bd8b-106f-438a-b76a-97b6eba1a624,2026-08-02 14:00:00-10,2026-08-02 13:56:00-10,0.27,0.255,64.0,0.78,2026-08-02 13:56:00-10,9.0,67.0,2.3,3.32,713.0
f157bd8b-106f-438a-b76a-97b6eba1a624,2026-08-02 14:00:00-10,2026-08-02 13:56:00-10,0.28,0.127,60.0,0.63,2026-08-02 13:56:00-10,9.0,67.0,2.3,3.32,713.0
f157bd8b-106f-438a-b76a-97b6eba1a624,2026-08-02 14:00:00-10,2026-08-02 13:56:00-10,0.29,0.191,84.0,0.73,2026-08-02 13:56:00-10,9.0,67.0,2.3,3.32,713.0
f157bd8b-106f-438a-b76a-97b6eba1a624,2026-08-02 14:00:00-10,2026-08-02 13:56:00-10,0.3,0.127,72.0,0.78,2026-08-02 13:56:00-10,9.0,67.0,2.3,3.32,713.0
f157bd8b-106f-438a-b76a-97b6eba1a624,2026-08-02 14:00:00-10,2026-08-02 13:56:00-10,0.31,0.127,84.0,0.72,2026-08-02 13:56:00-10,9.0,67.0,2.3,3.32,713.0
f157bd8b-106f-438a-b76a-97b6eba1a624,2026-08-02 14:00:00-10,2026-08-02 13:56:00-10,0.32,0.127,80.0,0.71,2026-08-02 13:56:00-10,9.0,67.0,2.3,3.32,713.0
f157bd8b-106f-438a-b76a-97b6eba1a624,2026-08-02 14:00:00-10,2026-08-02 13:56:00-10,0.33,0.064,76.0,0.68,2026-08-02 13:56:00-10,9.0,67.0,2.3,3.32,713.0
f157bd8b-106f-438a-b76a-97b6eba1a624,2026-08-02 14:00:00-10,2026-08-02 13:56:00-10,0.34,0.064,80.0,0.78,2026-08-02 13:56:00-10,9.0,67.0,2.3,3.32,713.0
f157bd8b-106f-438a-b76a-97b6eba1a624,2026-08-02 14:00:00-10,2026-08-02 13:56:00-10,0.35,0.064,80.0,0.71,2026-08-02 13:56:00-10,9.0,67.0,2.3,3.32,713.0
f157bd8b-106f-438a-b76a-97b6eba1a624,2026-08-02 14:00:00-10,2026-08-02 13:56:00-10,0.36,0.127,84.0,0.78,2026-08-02 13:56:00-10,9.0,67.0,2.3,3.32,713.0
f157bd8b-106f-438a-b76a-97b6eba1a624,2026-08-02 14:00:00-10,2026-08-02 13:56:00-10,0.37,0.064,68.0,0.8,2026-08-02 13:56:00-10,9.0,67.0,2.3,3.32,713.0
f157bd8b-106f-438a-b76a-97b6eba1a624,2026-08-02 14:00:00-10,2026-08-02 13:56:00-10,0.38,0.064,84.0,0.77,2026-08-02 13:56:00-10,9.0,67.0,2.3,3.32,713.0
f157bd8b-106f-438a-b76a-97b6eba1a624,2026-08-02 14:00:00-10,2026-08-02 13:56:00-10,0.39,0.064,80.0,0.78,2026-08-02 13:56:00-10,9.0,67.0,2.3,3.32,713.0
f157bd8b-106f-438a-b76a-97b6eba1a624,2026-08-02 14:00:00-10,2026-08-02 13:56:00-10,0.4,0.064,88.0,0.71,2026-08-02 13:56:00-10,9.0,67.0,2.3,3.32,713.0
f157bd8b-106f-438a-b76a-97b6eba1a624,2026-08-02 14:00:00-10,2026-08-02 13:56:00-10,0.41,0.064,72.0,0.68,2026-08-02 13:56:00-10,9.0,67.0,2.3,3.32,713.0
f157bd8b-106f-438a-b76a-97b6eba1a624,2026-08-02 14:00:00-10,2026-08-02 13:56:00-10,0.42,0.064,72.0,0.73,2026-08-02 13:56:00-10,9.0,67.0,2.3,3.32,713.0
f157bd8b-106f-438a-b76a-97b6eba1a624,2026-08-02 14:00:00-10,2026-08-02 13:56:00-10,0.43,0.0,76.0,0.77,2026-08-02 13:56:00-10,9.0,67.0,2.3,3.32,713.0
f157bd8b-106f-438a-b76a-97b6eba1a624,2026-08-02 14:00:00-10,2026-08-02 13:56:00-10,0.44,0.0,68.0,0.73,2026-08-02 13:56:00-10,9.0,67.0,2.3,3.32,713.0
f157bd8b-106f-438a-b76a-97b6eba1a624,2026-08-02 14:00:00-10,2026-08-02 13:56:00-10,0.45,0.064,72.0,0.82,2026-08-02 13:56:00-10,9.0,67.0,2.3,3.32,713.0
f157bd8b-106f-438a-b76a-97b6eba1a624,2026-08-02 14:00:00-10,2026-08-02 13:56:00-10,0.46,0.0,72.0,0.64,2026-08-02 13:56:00-10,9.0,67.0,2.3,3.32,713.0
f157bd8b-106f-438a-b76a-97b6eba1a624,2026-08-02 14:00:00-10,2026-08-02 13:56:00-10,0.47,0.0,68.0,0.67,2026-08-02 13:56:00-10,9.0,67.0,2.3,3.32,713.0
f157bd8b-106f-438a-b76a-97b6eba1a624,2026-08-02 14:00:00-10,2026-08-02 13:56:00-10,0.48,0.0,88.0,0.66,2026-08-02 13:56:00-10,9.0,67.0,2.3,3.32,713.0
f157bd8b-106f-438a-b76a-97b6eba1a624,2026-08-02 14:00:00-10,2026-08-02 13:56:00-10,0.49,0.0,104.0,0.67,2026-08-02 13:56:00-10,9.0,67.0,2.3,3.32,713.0
f157bd8b-106f-438a-b76a-97b6eba1a624,2026-08-02 14:00:00-10,2026-08-02 13:56:00-10,0.5,0.0,92.0,0.64,2026-08-02 13:56:00-10,9.0,67.0,2.3,3.32,713.0
f157bd8b-106f-438a-b76a-97b6eba1a624,2026-08-02 14:00:00-10,2026-08-02 13:56:00-10,0.51,0.0,92.0,0.59,2026-08-02 13:56:00-10,9.0,67.0,2.3,3.32,713.0
f157bd8b-106f-438a-b76a-97b6eba1a624,2026-08-02 14:00:00-10,2026-08-02 13:56:00-10,0.52,0.0,84.0,0.59,2026-08-02 13:56:00-10,9.0,67.0,2.3,3.32,713.0
f157bd8b-106f-438a-b76a-97b6eba1a624,2026-08-02 14:00:00-10,2026-08-02 13:56:00-10,0.53,0.0,80.0,0.61,2026-08-02 13:56:00-10,9.0,67.0,2.3,3.32,713.0
f157bd8b-106f-438a-b76a-97b6eba1a624,2026-08-02 14:00:00-10,2026-08-02 13:56:00-10,0.54,0.0,60.0,0.71,2026-08-02 13:56:00-10,9.0,67.0,2.3,3.32,713.0
f157bd8b-106f-438a-b76a-97b6eba1a624,2026-08-02 14:00:00-10,2026-08-02 13:56:00-10,0.55,0.0,88.0,0.64,2026-08-02 13:56:00-10,9.0,67.0,2.3,3.32,713.0
f157bd8b-106f-438a-b76a-97b6eba1a624,2026-08-02 14:00:00-10,2026-08-02 13:56:00-10,0.56,0.0,84.0,0.7,2026-08-02 13:56:00-10,9.0,67.0,2.3,3.32,713.0
f157bd8b-106f-438a-b76a-97b6eba1a624,2026-08-02 14:00:00-10,2026-08-02 13:56:00-10,0.57,0.0,92.0,0.71,2026-08-02 13:56:00-10,9.0,67.0,2.3,3.32,713.0
f157bd8b-106f-438a-b76a-97b6eba1a624,2026-08-02 14:00:00-10,2026-08-02 13:56:00-10,0.58,0.0,68.0,0.69,2026-08-02 13:56:00-10,9.0,67.0,2.3,3.32,713.0
